date,portfolio_return,gross_return,benchmark_return,active_return,portfolio_value,turnover,transaction_cost,cash,delisting_liquidations,missing_return_fills,drawdown,benchmark_value
2024-01-02,0.0,0.0,-0.005660579005492328,0.005660579005492328,1000000.0,0.0,0.0,1000000.0,0,0,0.0,994339.4209945076
2024-01-03,0.0,0.0,-0.008016314922730805,0.008016314922730805,1000000.0,0.0,0.0,1000000.0,0,0,0.0,986368.4830557299
2024-01-04,0.0,0.0,-0.0034283812973570083,0.0034283812973570083,1000000.0,0.0,0.0,1000000.0,0,0,0.0,982986.8357961192
2024-01-05,0.0,0.0,0.0018256861788026324,-0.0018256861788026324,1000000.0,0.0,0.0,1000000.0,0,0,0.0,984781.4612761772
2024-01-08,0.0,0.0,0.014114629309846638,-0.014114629309846638,1000000.0,0.0,0.0,1000000.0,0,0,0.0,998681.2865532995
2024-01-09,0.0,0.0,-0.0014779006799081618,0.0014779006799081618,1000000.0,0.0,0.0,1000000.0,0,0,0.0,997205.3348008908
2024-01-10,0.0,0.0,0.00566597189372442,-0.00566597189372442,1000000.0,0.0,0.0,1000000.0,0,0,0.0,1002855.4722001445
2024-01-11,0.0,0.0,-0.0006710555783868699,0.0006710555783868699,1000000.0,0.0,0.0,1000000.0,0,0,0.0,1002182.5004412088
2024-01-12,0.0,0.0,0.0007509755941104146,-0.0007509755941104146,1000000.0,0.0,0.0,1000000.0,0,0,0.0,1002935.1150398847
2024-01-16,0.0,0.0,-0.0037313402367431525,0.0037313402367431525,1000000.0,0.0,0.0,1000000.0,0,0,0.0,999192.8228902937
2024-01-17,0.0,0.0,-0.005616897183990499,0.005616897183990499,1000000.0,0.0,0.0,1000000.0,0,0,0.0,993580.4595371376
2024-01-18,0.0,0.0,0.008805260963896,-0.008805260963896,1000000.0,0.0,0.0,1000000.0,0,0,0.0,1002329.19477199
2024-01-19,0.0,0.0,0.012313502764936146,-0.012313502764936146,1000000.0,0.0,0.0,1000000.0,0,0,0.0,1014671.3780831911
2024-01-22,0.0,0.0,0.0021943252026270788,-0.0021943252026270788,1000000.0,0.0,0.0,1000000.0,0,0,0.0,1016897.8970605034
2024-01-23,0.0,0.0,0.002921374261968035,-0.002921374261968035,1000000.0,0.0,0.0,1000000.0,0,0,0.0,1019868.6364040253
2024-01-24,0.0,0.0,0.0008119284117831249,-0.0008119284117831249,1000000.0,0.0,0.0,1000000.0,0,0,0.0,1020696.6967262081
2024-01-25,0.0,0.0,0.005260365527706368,-0.005260365527706368,1000000.0,0.0,0.0,1000000.0,0,0,0.0,1026065.9344439105
2024-01-26,0.0,0.0,-0.0006517852510764532,0.0006517852510764532,1000000.0,0.0,0.0,1000000.0,0,0,0.0,1025397.159801208
2024-01-29,0.0,0.0,0.007556774896180896,-0.007556774896180896,1000000.0,0.0,0.0,1000000.0,0,0,0.0,1033145.855317009
2024-01-30,0.0,0.0,-0.0006006499345398986,0.0006006499345398986,1000000.0,0.0,0.0,1000000.0,0,0,0.0,1032525.2963266427
2024-01-31,0.0,0.0,-0.016105744611597972,0.016105744611597972,1000000.0,0.0,0.0,1000000.0,0,0,0.0,1015895.7075989912
2024-02-01,-0.0008124883776047254,0.0,0.012493688211609788,-0.013306176589214513,999187.5116223953,1.0,812.4883776047667,-1.1641532182693481e-10,0,0,-0.0008124883776047254,1028587.9918252457
2024-02-02,-0.0009236207563563248,-0.0009236207563563248,0.01068444607751462,-0.011608066833870945,998264.6412971688,0.0,0.0,-1.1641532182693481e-10,0,0,-0.0017353587028311468,1039577.8847598815
2024-02-05,-0.005991693583784263,-0.005991693583784263,-0.0031863375266721894,-0.002805356057112074,992283.3454509899,0.0,0.0,-1.1641532182693481e-10,0,0,-0.007716654549010049,1036265.4387337726
2024-02-06,0.0006375528314470635,0.0006375528314470635,0.0023104108269635937,-0.0016728579955165301,992915.9785074799,0.0,0.0,-1.1641532182693481e-10,0,0,-0.007084021492519965,1038659.6376230313
2024-02-07,0.00505585882981463,0.00505585882981463,0.008241457963390042,-0.003185599133575412,997936.0215246809,0.0,0.0,-1.1641532182693481e-10,0,0,-0.002063978475318917,1047219.7073647713
2024-02-08,0.0013711718030970932,0.0013711718030970932,0.0005705832608251526,0.0008005885422719405,999304.3632586903,0.0,0.0,-1.1641532182693481e-10,0,0,-0.0006956367413093467,1047817.2334001998
2024-02-09,-0.00047351402796869113,-0.00047351402796869113,0.0057423415255595245,-0.006215855553528216,998831.178624477,0.0,0.0,-1.1641532182693481e-10,0,0,-0.001168821375522655,1053834.1578107507
2024-02-12,0.004850097879428361,0.004850097879428361,-0.0009489536011326738,0.005799051480561035,1003675.6076058305,0.0,0.0,-1.1641532182693481e-10,0,0,0.0,1052834.1180916997
2024-02-13,-0.013057188319861579,-0.013057188319861579,-0.013674255653625456,0.0006170673337638766,990570.4261852697,0.0,0.0,-1.1641532182693481e-10,0,0,-0.013057188319861579,1038437.3952000543
2024-02-14,0.00997706085712391,0.00997706085712391,0.009579763275017639,0.00039729758210627075,1000453.4076105874,0.0,0.0,-1.1641532182693481e-10,0,0,-0.003210399825227972,1048385.3796219969
2024-02-15,0.009852865005065548,0.009852865005065548,0.005821250684729495,0.004031614320336052,1010310.7399796323,0.0,0.0,-1.1641532182693481e-10,0,0,0.0,1054488.2937309819
2024-02-16,-0.0060523777640890675,-0.0060523777640890675,-0.0048034698371121065,-0.001248907926976961,1004195.9577221592,0.0,0.0,-1.1641532182693481e-10,0,0,-0.0060523777640891785,1049423.0910184572
2024-02-20,-0.0022318471436522103,-0.0022318471436522103,-0.006005322001165325,0.003773474857513115,1001954.74584225,0.0,0.0,-1.1641532182693481e-10,0,0,-0.008270716925716348,1043120.9674414332
2024-02-21,0.0015022116864180646,0.0015022116864180646,0.001264199922982101,0.00023801176343596353,1003459.8939707163,0.0,0.0,-1.1641532182693481e-10,0,0,-0.006780929606919117,1044439.6808881338
2024-02-22,0.020327486103144388,0.020327486103144388,0.02112288421741404,-0.000795398114269652,1023857.7110204689,0.0,0.0,-1.1641532182693481e-10,0,0,0.0,1066501.2593396066
2024-02-23,0.001348296864832843,0.001348296864832843,0.0003479475462115911,0.001000349318621252,1025238.1751622726,0.0,0.0,-1.1641532182693481e-10,0,0,0.0,1066872.3458358254
2024-02-26,-0.0012984688063486516,-0.0012984688063486516,-0.003786751350190576,0.0024882825438419243,1023906.9353727467,0.0,0.0,-1.1641532182693481e-10,0,0,-0.0012984688063486516,1062832.3655397505
2024-02-27,0.007239818859305913,0.007239818859305913,0.0017063496993998672,0.005533469159906046,1031319.8361136323,0.0,0.0,-1.1641532182693481e-10,0,0,0.0,1064645.9292272017
2024-02-28,-0.0017389651646829707,-0.0017389651646829707,-0.001658155060430544,-8.081010425242674e-05,1029526.4068449842,0.0,0.0,-1.1641532182693481e-10,0,0,-0.0017389651646829707,1062880.5811920867
2024-02-29,0.00858504256374748,0.00858504256374748,0.005229094697149161,0.003355947866598319,1038364.9348682503,0.0,0.0,-1.1641532182693481e-10,0,0,0.0,1068438.484402901
2024-03-01,0.008768300826971664,0.009314490228908623,0.00800782894888763,0.0007604718780840347,1047469.630985354,0.6656097945378275,567.14392276794,0.0,0,0,0.0,1076994.3570284084
2024-03-04,0.0033693045886786788,0.0033693045886786788,-0.0011932620709189656,0.004562566659597644,1050998.8752195344,0.0,0.0,0.0,0,0,0.0,1075709.2205115727
2024-03-05,-0.001922992455259398,-0.001922992455259398,-0.010193100883444606,0.008270108428185208,1048977.8123120011,0.0,0.0,0.0,0,0,-0.001922992455259398,1064744.4079056466
2024-03-06,0.00580625720373984,0.00580625720373984,0.005141103203274655,0.0006651540004651846,1055068.4472913009,0.0,0.0,0.0,0,0,0.0,1070218.368791799
2024-03-07,0.005215191472594194,0.005215191472594194,0.010304127925951478,-0.0050889364533572845,1060570.8312606176,0.0,0.0,0.0,0,0,0.0,1081246.035772533
2024-03-08,-0.005316482040585102,-0.005316482040585102,-0.0065285190034379825,0.0012120369628528804,1054932.325483452,0.0,0.0,0.0,0,0,-0.005316482040585102,1074187.1004805998
2024-03-11,-0.0007037806793050994,-0.0007037806793050994,-0.001122238087346461,0.00041845740804136167,1054189.8844948024,0.0,0.0,0.0,0,0,-0.006016521082548132,1072981.6068035043
2024-03-12,0.009833124208972865,0.009833124208972865,0.011201787981366396,-0.0013686637723935302,1064555.8645688826,0.0,0.0,0.0,0,0,0.0,1085000.919270823
2024-03-13,0.003008986574578154,0.003008986574578154,-0.0019245297153407392,0.004933516289918893,1067759.0988732588,0.0,0.0,0.0,0,0,0.0,1082912.8027605142
2024-03-14,-0.0065207895969610075,-0.0065207895969610075,-0.0028710915621273925,-0.003649698034833615,1060796.4664492656,0.0,0.0,0.0,0,0,-0.0065207895969611185,1079803.6609499888
2024-03-15,-0.002053722577142869,-0.002053722577142869,-0.006482917484461503,0.004429194907318634,1058617.8847963654,0.0,0.0,0.0,0,0,-0.00856112028128797,1072803.3829166305
2024-03-18,0.003918405994855156,0.003918405994855156,0.006318059504952345,-0.0023996535100971883,1062765.9794624124,0.0,0.0,0.0,0,0,-0.004676260231465612,1079581.418527012
2024-03-19,0.007763520623452536,0.007763520623452536,0.0056491496501236416,0.002114370973328894,1071016.7850618726,0.0,0.0,0.0,0,0,0.0,1085680.135519764
2024-03-20,0.010299970143575088,0.010299970143575088,0.008904173912846591,0.0013957962307284966,1082048.2259712776,0.0,0.0,0.0,0,0,0.0,1095347.2202601547
2024-03-21,0.006922310194821035,0.006922310194821035,0.0032365354015160275,0.003685774793305008,1089538.4994372067,0.0,0.0,0.0,0,0,0.0,1098892.3503154789
2024-03-22,-0.002265810681239655,-0.002265810681239655,-0.0014021878490156903,-0.0008636228322239647,1087069.81146756,0.0,0.0,0.0,0,0,-0.002265810681239766,1097351.49681449
2024-03-25,-0.002907466940129999,-0.002907466940129999,-0.0030549644525015296,0.00014749751237153053,1083909.1919291047,0.0,0.0,0.0,0,0,-0.005166689851721418,1093999.1269998227
2024-03-26,-0.0031443508703618006,-0.0031443508703618006,-0.002799795225030266,-0.0003445556453315346,1080501.0011180693,0.0,0.0,0.0,0,0,-0.008294794836351094,1090936.1534678612
2024-03-27,0.009298676687232721,0.009298676687232721,0.008630626525532925,0.0006680501616997958,1090548.2305876976,0.0,0.0,0.0,0,0,0.0,1100351.6159716437
2024-03-28,0.005165997922037535,0.005165997922037535,0.0011164855071790214,0.004049512414858514,1096182.0004807953,0.0,0.0,0.0,0,0,0.0,1101580.142603677
2024-04-01,-0.0038897707559181205,-0.0036636582080991076,-0.0020135845401164643,-0.0018761862158016562,1091918.1037921612,0.2786278599327611,247.86050500217368,0.0,0,0,-0.0038897707559180095,1099362.017858831
2024-04-02,-0.008497891155836768,-0.008497891155836768,-0.0072390590731691296,-0.001258832082667638,1082639.1025950478,0.0,0.0,0.0,0,0,-0.012354607063249978,1091403.6712687525
2024-04-03,0.0044286551216004,0.0044286551216004,0.001091122364688113,0.003337532756912287,1087433.7378016002,0.0,0.0,0.0,0,0,-0.007980666235495537,1092594.5262233764
2024-04-04,-0.014635095656824082,-0.014635095656824082,-0.012334336350379616,-0.0023007593064444665,1071519.041028416,0.0,0.0,0.0,0,0,-0.022498964078558004,1079118.0978423539
2024-04-05,0.010466808194453225,0.010466808194453225,0.011099194174331695,-0.0006323859798784692,1082734.425307565,0.0,0.0,0.0,0,0,-0.012267648225688932,1091095.4391473415
2024-04-08,-0.0011692430902322526,-0.0011692430902322526,-0.00037463099831791524,-0.0007946120919143373,1081468.4455622174,0.0,0.0,0.0,0,0,-0.013422547452999867,1090686.6809737138
2024-04-09,-0.007312485202435437,-0.007312485202435437,0.0014454931932483817,-0.008757978395683819,1073560.2235571428,0.0,0.0,0.0,0,0,-0.020636880475806252,1092263.2611470278
2024-04-10,-0.012580316431256455,-0.012580316431256455,-0.009456980649108493,-0.0031233357821479624,1060054.4962367835,0.0,0.0,0.0,0,0,-0.03295757842052305,1081933.7486226282
2024-04-11,0.0012919003337936719,0.0012919003337936719,0.007444797710585593,-0.0061528973767919215,1061423.9809943112,0.0,0.0,0.0,0,0,-0.031708255993291856,1089988.526517379
2024-04-12,-0.014782254770984493,-0.014782254770984493,-0.01455068829580164,-0.0002315664751828539,1045733.7412872206,0.0,0.0,0.0,0,0,-0.04602179124584005,1074128.4432220247
2024-04-15,-0.008346789440690006,-0.008346789440690006,-0.01202135494776202,0.003674565507072014,1037005.2219376712,0.0,0.0,0.0,0,0,-0.05398444648531764,1061215.9639465658
2024-04-16,-0.000664473917041386,-0.000664473917041386,-0.0020565070133361507,0.0013920330962947647,1036316.1590158578,0.0,0.0,0.0,0,0,-0.0546130491457435,1059033.5658740452
2024-04-17,-0.0021893852444836437,-0.0021893852444836437,-0.005780602724641426,0.0035912174801577823,1034047.2637086886,0.0,0.0,0.0,0,0,-0.05668286538627121,1052911.713557667
2024-04-18,-0.0007785025220092834,-0.0007785025220092834,-0.002208160119998248,0.0014296575979889647,1033242.2553060146,0.0,0.0,0.0,0,0,-0.05741724015462257,1050586.71590191
2024-04-19,-0.002426641392351936,-0.002426641392351936,-0.00875854812743615,0.006331906735084214,1030734.9468809619,0.0,0.0,0.0,0,0,-0.059704550495380704,1041385.1015886379
2024-04-22,0.010101324621264007,0.010101324621264007,0.008731248071466746,0.0013700765497972611,1041146.7351778878,0.0,0.0,0.0,0,0,-0.050206320920037184,1050477.693248538
2024-04-23,0.011366087425233928,0.011366087425233928,0.011964576270872662,-0.0005984888456387338,1052980.4999924165,0.0,0.0,0.0,0,0,-0.03941088292767969,1063046.2137302605
2024-04-24,7.6157954942424055e-06,7.6157954942424055e-06,0.0002130100613548791,-0.0002053942658606367,1052988.5192765638,0.0,0.0,0.0,0,0,-0.03940356727741001,1063272.6532694702
2024-04-25,-0.0028655254182995415,-0.0028655254182995415,-0.004576430353515626,0.0017109049352160843,1049971.1539093992,0.0,0.0,0.0,0,0,-0.04215618077210448,1058406.6600249847
2024-04-26,0.002251412619434401,0.002251412619434401,0.01020914263474304,-0.00795773001530864,1052335.072215353,0.0,0.0,0.0,0,0,-0.03999967911004765,1069212.084582742
2024-04-29,0.003921243974692068,0.003921243974692068,0.0031784486665891176,0.0007427953081029504,1056461.5347766345,0.0,0.0,0.0,0,0,-0.03623528363605555,1072610.5203072848
2024-04-30,-0.016398672639585388,-0.016398672639585388,-0.01573051358686217,-0.0006681590527232162,1039136.9679115185,0.0,0.0,0.0,0,0,-0.052039745721290775,1055737.8059441797
2024-05-01,-0.006723109597995491,-0.0061030494004701286,-0.0034354388154940185,-0.003287670782501473,1032150.7361889207,0.7959085793682362,644.3274735790976,-1.1641532182693481e-10,0,0,-0.05841298640535031,1052110.8833066546
2024-05-02,0.004532376825278517,0.004532376825278517,0.009128437077573048,-0.0045960602522945315,1036828.8322658176,0.0,0.0,-1.1641532182693481e-10,0,0,-0.05414535924595065,1061715.0113035492
2024-05-03,0.008612579628527905,0.008612579628527905,0.012556739721478527,-0.0039441600929506215,1045758.6031448606,0.0,0.0,-1.1641532182693481e-10,0,0,-0.045999110835443724,1075046.6903588744
2024-05-06,0.00970631339982142,0.00970631339982142,0.01032612390701182,-0.0006198105071903992,1055909.063887544,0.0,0.0,-1.1641532182693481e-10,0,0,-0.03673927922150422,1086147.755689343
2024-05-07,-0.002384056156568337,-0.002384056156568337,0.0013434298232750663,-0.0037274859798434035,1053391.7173830066,0.0,0.0,-1.1641532182693481e-10,0,0,-0.03903574687325673,1087606.9189768194
2024-05-08,0.0011349169945527038,0.0011349169945527038,-5.835618166138978e-06,0.0011407526127188428,1054587.2295449856,0.0,0.0,-1.1641532182693481e-10,0,0,-0.03794513221122542,1087600.5721181254
2024-05-09,0.007651795544394435,0.007651795544394435,0.005090947698625836,0.002560847845768599,1062656.7154091932,0.0,0.0,-1.1641532182693481e-10,0,0,-0.0305836850604162,1093137.4897477743
2024-05-10,0.002134412627357918,0.002134412627357918,0.001649398844549843,0.0004850137828080747,1064924.8633211092,0.0,0.0,-1.1641532182693481e-10,0,0,-0.028514550636642544,1094940.5094602983
2024-05-13,-0.004707638660756741,-0.004707638660756741,-0.00024130405535727206,-0.004466334605399469,1059911.5818637377,0.0,0.0,-1.1641532182693481e-10,0,0,-0.03308795309642809,1094676.2958749908
2024-05-14,0.0024353442062965414,0.0024353442062965414,0.004837813139759728,-0.0024024689334631866,1062492.831393816,0.0,0.0,-1.1641532182693481e-10,0,0,-0.03073318944500303,1099972.1352429583
2024-05-15,0.0058878916104856405,0.0058878916104856405,0.011715927882596233,-0.005828036272110593,1068748.6740219807,0.0,0.0,-1.1641532182693481e-10,0,0,-0.025026251522814236,1112859.32945233
2024-05-16,-0.002217510388083377,-0.002217510388083377,-0.0020816677921287052,-0.00013584259595467163,1066378.7127350867,0.0,0.0,-1.1641532182693481e-10,0,0,-0.02718826593817103,1110542.7260290394
2024-05-17,0.0032894837512573716,0.0032894837512573716,0.0011647735102702228,0.0021247102409871488,1069886.5481833154,0.0,0.0,-1.1641532182693481e-10,0,0,-0.02398821754594216,1111836.256778341
2024-05-20,7.85494684298893e-05,7.85494684298893e-05,0.0009163899374069473,-0.000837840468977058,1069970.5872029555,0.0,0.0,-1.1641532182693481e-10,0,0,-0.02391155233924902,1112855.1323360968
2024-05-21,0.0017994022275877875,0.0017994022275877875,0.002501874243978186,-0.0007024720163903986,1071895.894661022,0.0,0.0,-1.1641532182693481e-10,0,0,-0.022155176612205563,1115639.3559289675
2024-05-22,-0.006616650873995433,-0.006616650873995433,-0.002706123039226127,-0.003910527834769306,1064803.5337527809,0.0,0.0,-1.1641532182693481e-10,0,0,-0.028625234417506196,1112620.2985644208
2024-05-23,-0.007655401825015118,-0.007655401825015118,-0.0073807894850155265,-0.00027461233999959145,1056652.0348372073,0.0,0.0,-1.1641532182693481e-10,0,0,-0.03606149857072005,1104408.2823639617
2024-05-24,0.010034747857616155,0.010034747857616155,0.0070010425881694704,0.003033705269446685,1067255.2715800358,0.0,0.0,-1.1641532182693481e-10,0,0,-0.026388618758628968,1112140.2917835189
2024-05-28,-0.003753108952912587,-0.003753108952912587,0.0002488018529340774,-0.004001910805846665,1063249.7462652256,0.0,0.0,-1.1641532182693481e-10,0,0,-0.03004268835022339,1112416.994348837
2024-05-29,-0.0084298884276367,-0.0084298884276367,-0.007367046509680453,-0.0010628419179562476,1054286.6695334967,0.0,0.0,-1.1641532182693481e-10,0,0,-0.03821932026700148,1104221.7666133102
2024-05-30,0.006742506905883294,0.006742506905883294,-0.005975035585443322,0.012717542491326617,1061395.204683607,0.0,0.0,-1.1641532182693481e-10,0,0,-0.03173450739195649,1097624.0022635746
2024-05-31,0.011973036542837434,0.011973036542837434,0.00802787620486467,0.003945160337972764,1074103.3282556762,0.0,0.0,-1.1641532182693481e-10,0,0,-0.020141429265791988,1106435.5918732346
2024-06-03,-0.009347785956745902,-0.008503905173853465,0.0011160825806737495,-0.010463868537419652,1064062.8402477137,1.0577426918976953,906.4151575557355,0.0,0,0,-0.029300937452898412,1107670.4653639619
2024-06-04,-0.0025635749846243394,-0.0025635749846243394,0.0015028090913065117,-0.004066384075930851,1061335.0353683864,0.0,0.0,0.0,0,0,-0.031789397287242394,1109335.0826094826
2024-06-05,0.011763441528822138,0.011763441528822138,0.011847649793331305,-8.420826450916685e-05,1073819.9879994327,0.0,0.0,0.0,0,0,-0.020399908474645234,1122478.096171696
2024-06-06,-0.003512312423708752,-0.003512312423708752,-0.00019981663563317653,-0.0033124957880755757,1070048.3967147556,0.0,0.0,0.0,0,0,-0.023840570046375964,1122253.806374947
2024-06-07,-0.0005722231257339061,-0.0005722231257339061,-0.0011152197300303701,0.000542996604296464,1069436.090276501,0.0,0.0,0.0,0,0,-0.02439915104659862,1121002.2467879758
2024-06-10,0.007793563980289964,0.007793563980289964,0.0025808546645145203,0.005212709315775443,1077770.808868902,0.0,0.0,0.0,0,0,-0.016795743411055164,1123895.3906655298
2024-06-11,-0.0020179844825536364,-0.0020179844825536364,0.0027103813151374556,-0.004728365797691092,1075595.8841008553,0.0,0.0,0.0,0,0,-0.018779834344032298,1126941.5757325587
2024-06-12,0.007556461312226981,0.007556461312226981,0.008503672791998707,-0.0009472114797717257,1083723.5827866541,0.0,0.0,0.0,0,0,-0.011365282123475984,1136524.7181482879
2024-06-13,0.0013661792764645408,0.0013661792764645408,0.0023446558536817097,-0.0009784765772171689,1085204.1434868732,0.0,0.0,0.0,0,0,-0.010014629859919633,1139189.477481548
2024-06-14,-0.006390580137406343,-0.006390580137406343,-0.000393860697500914,-0.005996719439905429,1078269.059442475,0.0,0.0,0.0,0,0,-0.016341210702659703,1138740.7955193615
2024-06-17,0.013316958894139974,0.013316958894139974,0.007664386564552705,0.005652572329587269,1092628.3241838934,0.0,0.0,0.0,0,0,-0.0032418670397275084,1147468.5451730483
2024-06-18,0.007321919031804791,0.007321919031804791,0.0025213273947457537,0.004800591637059037,1100628.4603054244,0.0,0.0,0.0,0,0,0.0,1150361.689050602
2024-06-20,-0.008469583921812518,-0.008469583921812518,-0.0025259318472709014,-0.005943652074541617,1091306.5951941323,0.0,0.0,0.0,0,0,-0.008469583921812518,1147455.9538243487
2024-06-21,-0.001646526347999,-0.001646526347999,-0.001562130321101196,-8.43960268978039e-05,1089509.7301314,0.0,0.0,0.0,0,0,-0.01010216487672766,1145663.4780867517
2024-06-24,-0.001118923747877587,-0.001118923747877587,-0.003065171894990004,0.0019462481471124171,1088290.6518208124,0.0,0.0,0.0,0,0,-0.011209785072419653,1142151.8225926035
2024-06-25,-0.0028563419844345184,-0.0028563419844345184,0.003933590015736899,-0.006789932000171417,1085182.121540749,0.0,0.0,0.0,0,0,-0.014034108077115248,1146644.5795984096
2024-06-26,0.0004992570746906733,0.0004992570746906733,0.0015724312002203256,-0.0010731741255296523,1085723.906392256,0.0,0.0,0.0,0,0,-0.013541857630169019,1148447.5993109336
2024-06-27,-0.001502773663333734,-0.001502773663333734,0.0009073212238914774,-0.0024100948872252115,1084092.309100078,0.0,0.0,0.0,0,0,-0.015024280946503543,1149489.6101923157
2024-06-28,0.0020124523696063434,0.0020124523696063434,-0.004083652583445674,0.006096104953052017,1086273.9932363983,0.0,0.0,0.0,0,0,-0.013042064226689631,1144795.4939760095
2024-07-01,-0.0025793756339681506,-0.0021465823496665815,0.0026755639309195,-0.005254939564887651,1083472.0845664311,0.5563072468416126,470.1320891840255,0.0,0,0,-0.01558779947797484,1147858.467507971
2024-07-02,0.0038688562650373015,0.0038688562650373015,0.006195317856513505,-0.0023264615914762032,1087663.882328799,0.0,0.0,0.0,0,0,-0.011779250168606148,1154969.8155684734
2024-07-03,0.00176219105184372,0.00176219105184372,0.005084444409779065,-0.0033222533579353453,1089580.5538896525,0.0,0.0,0.0,0,0,-0.010037816406006983,1160842.195390704
2024-07-05,-0.0011441444846915783,-0.0011441444846915783,0.005448765178485582,-0.00659290966317716,1088333.9163082924,0.0,0.0,0.0,0,0,-0.011170476178419264,1167167.3519226655
2024-07-08,0.005892219000521726,0.005892219000521726,0.0010166989647510949,0.004875520035770631,1094746.6180888764,0.0,0.0,0.0,0,0,-0.005344076069880854,1168354.0097610566
2024-07-09,-6.405672998854861e-05,-6.405672998854861e-05,0.0007410719362856977,-0.0008051286662742463,1094676.4922003555,0.0,0.0,0.0,0,0,-0.005407790475831509,1169219.8441293372
2024-07-10,0.007083872722562834,0.007083872722562834,0.010208065293514812,-0.003124192570951978,1102431.0411434844,0.0,0.0,0.0,0,0,0.0,1181155.3166406828
2024-07-11,-0.0012467568499273662,-0.0012467568499273662,-0.008763028841120457,0.007516271991193091,1101056.5776913662,0.0,0.0,0.0,0,0,-0.0012467568499273662,1170804.8185351177
2024-07-12,0.007740788105383256,0.007740788105383256,0.0055170270744306915,0.0022237610309525646,1109579.6233513134,0.0,0.0,0.0,0,0,0.0,1177264.18041785
2024-07-15,0.000987820135548656,0.000987820135548656,0.0028262026252154904,-0.0018383824896668344,1110675.6884452542,0.0,0.0,0.0,0,0,0.0,1180591.367535119
2024-07-16,0.012911944301623679,0.012911944301623679,0.006389375498743188,0.006522568802880491,1125016.671071627,0.0,0.0,0.0,0,0,0.0,1188134.6090928754
2024-07-17,-0.009788048663975979,-0.009788048663975979,-0.013927543241993745,0.004139494578017766,1114004.9531473937,0.0,0.0,0.0,0,0,-0.009788048663975868,1171586.812947425
2024-07-18,-0.004810867064683477,-0.004810867064683477,-0.007816403936922511,0.003005536872239034,1108645.6234084025,0.0,0.0,0.0,0,0,-0.014551826727714379,1162429.2171702564
2024-07-19,-0.008458471713177929,-0.008458471713177929,-0.007140265531926926,-0.0013182061812510026,1099268.175762864,0.0,0.0,0.0,0,0,-0.022887212226140763,1154129.1638975907
2024-07-22,0.011764172345577029,0.011764172345577029,0.01079203564940956,0.0009721366961674693,1112200.1560365465,0.0,0.0,0.0,0,0,-0.011392288989701793,1166584.5669783968
2024-07-23,-0.004281285377446653,-0.004281285377446653,-0.001558102589770738,-0.002723182787675915,1107438.5097717133,0.0,0.0,0.0,0,0,-0.015624800726881327,1164766.9085434012
2024-07-24,-0.01562307681220576,-0.01562307681220576,-0.02314909375473495,0.00752601694252919,1090136.9128687552,0.0,0.0,0.0,0,0,-0.0310037700771556,1137803.6101751172
2024-07-25,-0.010155843847891144,-0.010155843847891144,-0.005142620237842288,-0.005013223610048856,1079065.652608838,0.0,0.0,0.0,0,0,-0.04084474447744724,1131952.3183027406
2024-07-26,0.012612384028404477,0.012612384028404477,0.011090468702846357,0.0015219153255581208,1092675.2430114015,0.0,0.0,0.0,0,0,-0.028747510051934433,1144506.2000619916
2024-07-29,0.0026880328233294115,0.0026880328233294115,0.0008133101292933098,0.0018747226940361017,1095612.3899298557,0.0,0.0,0.0,0,0,-0.026136751479213682,1145437.038547541
2024-07-30,-0.004293098179520394,-0.004293098179520394,-0.004960171878030217,0.0006670736985098236,1090908.818373188,0.0,0.0,0.0,0,0,-0.030317642018540147,1139755.4739608832
2024-07-31,0.011698419626863465,0.011698419626863465,0.0157933986591674,-0.004094979032303936,1103670.7275051633,0.0,0.0,0.0,0,0,-0.018973890890106593,1157756.0865351157
2024-08-01,-0.013327608641752198,-0.012903641345731853,-0.013693502993456064,0.00036589435170386597,1088961.4359796166,0.5270691401480525,467.92029403719255,0.0,0,0,-0.03204862293966415,1141902.350098455
2024-08-02,-0.018691166132864367,-0.018691166132864367,-0.018381860868696753,-0.00030930526416761417,1068607.476867439,0.0,0.0,0.0,0,0,-0.05014076293683367,1120912.0599733074
2024-08-05,-0.023208099294162676,-0.023208099294162676,-0.02996879838863975,0.006760699094477074,1043807.1284378148,0.0,0.0,0.0,0,0,-0.0721851904260733,1087319.6724365724
2024-08-06,0.011756574532205466,0.011756574532205466,0.010354085880061037,0.001402488652144429,1056078.7247405413,0.0,0.0,0.0,0,0,-0.06127726646523346,1098577.8737040604
2024-08-07,-0.007558888181318335,-0.007558888181318335,-0.007734647858502863,0.00017575967718452823,1048095.9437495583,0.0,0.0,0.0,0,0,-0.06837296664128412,1090080.7607058166
2024-08-08,0.02508941492130945,0.02508941492130945,0.023042611519136447,0.002046803402173003,1074392.0577596324,0.0,0.0,0.0,0,0,-0.0449989894494387,1115199.0681992455
2024-08-09,0.00377805594066416,0.00377805594066416,0.004671676849538509,-0.0008936209088743485,1078451.1710560536,0.0,0.0,0.0,0,0,-0.04139094220818784,1120408.9178687788
2024-08-12,-0.002191645180026125,-0.002191645180026125,4.303397765514916e-05,-0.002234679157681274,1076087.588745115,0.0,0.0,0.0,0,0,-0.043491873129226644,1120457.1335211152
2024-08-13,0.013990247261661981,0.013990247261661981,0.016847579753558328,-0.002857332491896347,1091142.3201868648,0.0,0.0,0.0,0,0,-0.030110087926515372,1139334.1244385554
2024-08-14,0.004649851899323654,0.004649851899323654,0.0038237284285767004,0.0008261234707469534,1096215.9703768182,0.0,0.0,0.0,0,0,-0.025600243476725626,1143690.6287198188
2024-08-15,0.013351351999840055,0.013351351999840055,0.016133247764330783,-0.002781895764490727,1110851.9356651653,0.0,0.0,0.0,0,0,-0.0125906893388249,1162142.0729986988
2024-08-16,0.002249391428366332,0.002249391428366332,0.001989779357261412,0.0002596120711049199,1113350.6764874347,0.0,0.0,0.0,0,0,-0.010369619299134492,1164454.4793057567
2024-08-19,0.00894785900300965,0.00894785900300965,0.009722284736913167,-0.0007744257339035165,1123312.7813615496,0.0,0.0,0.0,0,0,-0.0015145461875283317,1175775.6373167413
2024-08-20,-0.0028324153852072875,-0.0028324153852072875,-0.0019845553982971165,-0.0008478599869101711,1120131.0929572212,0.0,0.0,0.0,0,0,-0.004342671748812532,1173442.2454285182
2024-08-21,0.007384493964996297,0.007384493964996297,0.004239676828782013,0.003144817136214284,1128402.6942531685,0.0,0.0,0.0,0,0,0.0,1178417.2613263752
2024-08-22,-0.006210785676394881,-0.006210785676394881,-0.008932805548120926,0.0027220198717260446,1121394.4269624955,0.0,0.0,0.0,0,0,-0.006210785676394992,1167890.6890763976
2024-08-23,0.011266123574579678,0.011266123574579678,0.01148337085011919,-0.00021724727553951162,1134028.1951525,0.0,0.0,0.0,0,0,0.0,1181302.010971463
2024-08-26,-0.0009908857709152175,-0.0009908857709152175,-0.0031537266931381813,0.002162840922222964,1132904.5027501066,0.0,0.0,0.0,0,0,-0.0009908857709151064,1177576.5072868045
2024-08-27,0.004696076281192507,0.004696076281192507,0.0015951960865450143,0.003100880194647493,1138224.7087143275,0.0,0.0,0.0,0,0,0.0,1179454.9727228358
2024-08-28,-0.004737390441046152,-0.004737390441046152,-0.00597597320797616,0.0012385827669300076,1132832.4938595018,0.0,0.0,0.0,0,0,-0.004737390441046152,1172406.5814058299
2024-08-29,-0.0008771231062090212,-0.0008771231062090212,-3.937906806072977e-05,-0.0008377440381482915,1131838.8603036732,0.0,0.0,0.0,0,0,-0.005610358272636118,1172360.413127266
2024-08-30,0.01148670904263227,0.01148670904263227,0.010093051774424433,0.0013936572682078374,1144839.963975126,0.0,0.0,0.0,0,0,0.0,1184193.1074752451
2024-09-03,-0.01747584542900449,-0.016889108730063662,-0.02115107439771169,0.0036752289687072004,1124832.9177237495,0.7044373639090011,671.7196212783589,0.0,0,0,-0.01747584542900449,1159146.150957779
2024-09-04,-0.0012163041395873986,-0.0012163041395873986,-0.0016025435809103872,0.0003862394413229886,1123464.778789578,0.0,0.0,0.0,0,0,-0.01867089362545382,1157288.5687342244
2024-09-05,-0.003597955600894931,-0.003597955600894931,-0.003018017615584734,-0.0005799379853101971,1119422.6023963238,0.0,0.0,0.0,0,0,-0.02220167218005531,1153795.8514474698
2024-09-06,-0.011782327921070701,-0.011782327921070701,-0.01726024985928465,0.005477921938213948,1106233.198212632,0.0,0.0,0.0,0,0,-0.03372241271910437,1133881.0467648804
2024-09-09,0.008403528275249483,0.008403528275249483,0.0115800702824842,-0.0031765420072347172,1115529.4601728315,0.0,0.0,0.0,0,0,-0.025602271692649503,1147011.4689783943
2024-09-10,0.0015208653594509514,0.0015208653594509514,0.004472672652839682,-0.0029518072933887307,1117226.0302862555,0.0,0.0,0.0,0,0,-0.024120343941339106,1152141.6758081876
2024-09-11,0.0038444100076213683,0.0038444100076213683,0.010665025888896507,-0.006820615881275138,1121521.105217863,0.0,0.0,0.0,0,0,-0.02036866242535318,1164429.2966083584
2024-09-12,0.008686200674012046,0.008686200674012046,0.007495302358939249,0.001190898315072797,1131262.8625979254,0.0,0.0,0.0,0,0,-0.011859388040628804,1173157.0462620452
2024-09-13,0.007911231521417372,0.007911231521417372,0.005407711405364557,0.0025035201160528153,1140212.545015519,0.0,0.0,0.0,0,0,-0.004041978883703168,1179501.1410014003
2024-09-16,0.005091220261079776,0.005091220261079776,0.0012566297656613212,0.003834590495418455,1146017.6182266395,0.0,0.0,0.0,0,0,0.0,1180983.337243814
2024-09-17,0.0007530802732751418,0.0007530802732751418,0.00026455008109871336,0.0004885301921764285,1146880.6614877516,0.0,0.0,0.0,0,0,0.0,1181295.7664814582
2024-09-18,-0.0035543656297057913,-0.0035543656297057913,-0.002896455862498093,-0.0006579097672076983,1142804.2282831853,0.0,0.0,0.0,0,0,-0.0035543656297059023,1177874.195433289
2024-09-19,0.009174941233296652,0.009174941233296652,0.01697685316676334,-0.0078019119334666875,1153289.3899188465,0.0,0.0,0.0,0,0,0.0,1197870.7926980795
2024-09-20,-0.0028668167375647258,-0.0028668167375647258,-0.0019410273951238066,-0.0009257893424409191,1149983.1205925713,0.0,0.0,0.0,0,0,-0.0028668167375646147,1195545.6926736336
2024-09-23,0.004968153697865629,0.004968153697865629,0.0028092730585327352,0.002158880639332894,1155696.4134856265,0.0,0.0,0.0,0,0,0.0,1198904.3069783065
2024-09-24,0.005310715504735608,0.005310715504735608,0.0025111788443470395,0.0027995366603885685,1161833.988347492,0.0,0.0,0.0,0,0,0.0,1201914.970110387
2024-09-25,-0.002432546065192609,-0.002432546065192609,-0.0018612489301417234,-0.0005712971350508855,1159007.7736507303,0.0,0.0,0.0,0,0,-0.002432546065192609,1199677.9071581478
2024-09-26,0.008048162391306679,0.008048162391306679,0.00403867571712313,0.004009486674183549,1168335.6564258581,0.0,0.0,0.0,0,0,0.0,1204523.0171901565
2024-09-27,0.0007279772357338121,0.0007279772357338121,-0.0012532169669905446,0.0019811942027243568,1169186.1781874322,0.0,0.0,0.0,0,0,0.0,1203013.4885078832
2024-09-30,0.00322081264817764,0.00322081264817764,0.004236552581176722,-0.0010157399329990824,1172951.9078182129,0.0,0.0,0.0,0,0,0.0,1208110.1184078115
2024-10-01,-0.005203041880138093,-0.004875310354999218,-0.009324107094664358,0.004121065214526265,1166848.9899184469,0.4021839510990805,384.41331766382086,0.0,0,0,-0.005203041880138093,1196845.5702816295
2024-10-02,-0.0015721776332398019,-0.0015721776332398019,0.00013839090212397487,-0.0017105685353637767,1165014.4960351286,0.0,0.0,0.0,0,0,-0.00676703940730905,1197011.2028198037
2024-10-03,-0.0031756172505689184,-0.0031756172505689184,-0.001681413492255035,-0.0014942037583138834,1161314.8559043566,0.0,0.0,0.0,0,0,-0.009921167130800823,1194998.532033002
2024-10-04,0.00956400563980897,0.00956400563980897,0.008970249395274354,0.0005937562445346156,1172421.6777358197,0.0,0.0,0.0,0,0,-0.0004520475893844411,1205717.9668923249
2024-10-07,-0.00720274582254421,-0.00720274582254421,-0.009586022165882668,0.0023832763433384585,1163977.0223942478,0.0,0.0,0.0,0,0,-0.007651537428042587,1194159.9277358921
2024-10-08,0.009004188290682391,0.009004188290682391,0.009689347495581924,-0.0006851592048995325,1174457.6906699135,0.0,0.0,0.0,0,0,0.0,1205730.5582410241
2024-10-09,0.008285056334985885,0.008285056334985885,0.007113411987488272,0.0011716443474976135,1184188.1388001712,0.0,0.0,0.0,0,0,0.0,1214307.4164476965
2024-10-10,-0.0020535911931137685,-0.0020535911931137685,-0.002070122839989974,1.6531646876205564e-05,1181756.3004673414,0.0,0.0,0.0,0,0,-0.0020535911931138795,1211793.650930139
2024-10-11,0.007532110371273548,0.007532110371273548,0.006051847587953629,0.001480262783319919,1190657.4193544094,0.0,0.0,0.0,0,0,0.0,1219127.241413618
2024-10-14,0.008799314875634678,0.008799314875634678,0.0077076668832223305,0.0010916479924123479,1201134.3888963195,0.0,0.0,0.0,0,0,0.0,1228523.868078696
2024-10-15,-0.00567852989966855,-0.00567852989966855,-0.007609466332438197,0.0019309364327696477,1194313.7113554517,0.0,0.0,0.0,0,0,-0.00567852989966855,1219175.4570659546
2024-10-16,0.006727569326478111,0.006727569326478111,0.004679145956573816,0.0020484233699042953,1202348.539646159,0.0,0.0,0.0,0,0,0.0,1224880.1569762386
2024-10-17,-0.004325387007838688,-0.004325387007838688,-0.00017116047891174713,-0.004154226528926941,1197147.9168938797,0.0,0.0,0.0,0,0,-0.004325387007838799,1224670.5059019611
2024-10-18,0.0022282309424614954,0.0022282309424614954,0.00397155273894878,-0.001743321796487285,1199815.438925006,0.0,0.0,0.0,0,0,-0.0021067940265462326,1229534.3494039858
2024-10-21,-0.003797358220590019,-0.003797358220590019,-0.0018227694906369774,-0.001974588729953042,1195259.3099048133,0.0,0.0,0.0,0,0,-0.0058961519955205155,1227293.191704202
2024-10-22,0.0007366483939776902,0.0007366483939776902,-0.0004748538883844189,0.001211502282362109,1196139.7957558415,0.0,0.0,0.0,0,0,-0.005163846992440879,1226710.4067599336
2024-10-23,-0.007972084087753406,-0.007972084087753406,-0.009191323428069387,0.0012192393403159807,1186604.0687233678,0.0,0.0,0.0,0,0,-0.013094764457754371,1215435.3146588244
2024-10-24,-0.000728992331716305,-0.000728992331716305,0.002145772011323821,-0.002874764343040126,1185739.043456485,0.0,0.0,0.0,0,0,-0.013814210806595395,1218043.3617385938
2024-10-25,-0.0003870746372097722,-0.0003870746372097722,-0.00029944716993013376,-8.762746727963844e-05,1185280.0739464136,0.0,0.0,0.0,0,0,-0.014195938313168899,1217678.622101069
2024-10-28,0.0023643454403459163,0.0023643454403459163,0.0026514435020339455,-0.0002870980616880292,1188082.4854847817,0.0,0.0,0.0,0,0,-0.011865156974845137,1220907.2281712044
2024-10-29,-0.002872162587521876,-0.002872162587521876,0.001614127248163344,-0.00448628983568522,1184670.1194190823,0.0,0.0,0.0,0,0,-0.014703240902408932,1222877.9277956751
2024-10-30,-0.003374720266857034,-0.003374720266857034,-0.003300233889343751,-7.448637751328313e-05,1180672.1891575388,0.0,0.0,0.0,0,0,-0.01802834184420421,1218842.1446158334
2024-10-31,-0.0002543432954181801,-0.0002543432954181801,-0.018614700871699585,0.018360357576281405,1180371.89310214,0.0,0.0,0.0,0,0,-0.018278099751746657,1196153.7626839888
2024-11-01,0.0008752616620089082,0.0013832857326372405,0.004092509543626166,-0.003217247881617258,1181405.027367085,0.6318399573960854,599.6573339891945,0.0,0,0,-0.017418836209704858,1201049.0333734173
2024-11-04,0.00162369501491888,0.00162369501491888,-0.002812083478299976,0.004435778493218856,1183323.268820621,0.0,0.0,0.0,0,0,-0.015823424072305192,1197671.5832300398
2024-11-05,0.015121324001194925,0.015121324001194925,0.012265644545291332,0.0028556794559035925,1201216.6833666107,0.0,0.0,0.0,0,0,-0.000941371193315943,1212361.7971519358
2024-11-06,0.030455124462383187,0.030455124462383187,0.025295927786425976,0.005159196675957212,1237799.886964832,0.0,0.0,0.0,0,0,0.0,1243029.613623713
2024-11-07,-7.82390803206745e-05,-7.82390803206745e-05,0.007431229727488331,-0.0075094688078090055,1237703.0426400548,0.0,0.0,0.0,0,0,-7.823908032056348e-05,1252266.8522406218
2024-11-08,0.008738049320514696,0.008738049320514696,0.0037568333092317108,0.004981216011282985,1248518.1528707948,0.0,0.0,0.0,0,0,0.0,1256971.4100631662
2024-11-11,0.01147692870218342,0.01147692870218342,0.0009690634297987444,0.010507865272384675,1262847.3066946745,0.0,0.0,0.0,0,0,0.0,1258189.495088961
2024-11-12,-0.002276885129492645,-0.002276885129492645,-0.00289265965137242,0.000615774521879775,1259971.9484412416,0.0,0.0,0.0,0,0,-0.002276885129492645,1254549.9811027364
2024-11-13,-0.001019105017456834,-0.001019105017456834,0.00023222772482434095,-0.0012513327422811749,1258687.9047067303,0.0,0.0,0.0,0,0,-0.003293669761889828,1254841.3223905263
2024-11-14,-0.006127362357363553,-0.006127362357363553,-0.006049734794859041,-7.762756250451197e-05,1250975.4678197615,0.0,0.0,0.0,0,0,-0.009400850611136824,1247249.8651804335
2024-11-15,-0.005802801973858518,-0.005802801973858518,-0.013203489851361216,0.0074006878775026985,1243716.3049058483,0.0,0.0,0.0,0,0,-0.015149101310513058,1230781.814243412
2024-11-18,0.0036640558936256173,0.0036640558936256173,0.003917814394541086,-0.0002537585009154686,1248273.350962837,0.0,0.0,0.0,0,0,-0.011540552570827312,1235603.7889517944
2024-11-19,0.002020963939141529,0.002020963939141529,0.003963584828470035,-0.0019426208893285057,1250796.0663913242,0.0,0.0,0.0,0,0,-0.009542911672269283,1240501.2093836837
2024-11-20,0.0035171263534561348,0.0035171263534561348,2.195086225209586e-05,0.003495175491204039,1255195.2741992283,0.0,0.0,0.0,0,0,-0.006059348944944309,1240528.4394548545
2024-11-21,0.0141749098759274,0.0141749098759274,0.0053404615405816536,0.008834448335345746,1272987.5540876924,0.0,0.0,0.0,0,0,0.0,1247153.433875761
2024-11-22,0.006509447822745429,0.006509447822745429,0.003467959094991535,0.003041488727753894,1281274.0001500305,0.0,0.0,0.0,0,0,0.0,1251478.5109696204
2024-11-25,0.0021925015681281135,0.0021925015681281135,0.003020480305938378,-0.0008279787378102643,1284083.1954045612,0.0,0.0,0.0,0,0,0.0,1255258.5771653093
2024-11-26,0.0072844090780173065,0.0072844090780173065,0.005722005647630368,0.0015624034303869383,1293436.9826900957,0.0,0.0,0.0,0,0,0.0,1262441.1738330857
2024-11-27,-0.0032507001838570915,-0.0032507001838570915,-0.003801238017440034,0.0005505378335829425,1289232.4068526574,0.0,0.0,0.0,0,0,-0.0032507001838570915,1257642.3344483296
2024-11-29,0.005424210762439152,0.005424210762439152,0.005607785488815242,-0.00018357472637609007,1296225.4751491928,0.0,0.0,0.0,0,0,0.0,1264694.9228815688
2024-12-02,-0.0013332950957204437,-0.0008232356908318694,0.0024484564662998753,-0.003781751562020319,1294497.2240802285,0.5993915381866587,661.1519944560363,0.0,0,0,-0.0013332950957203327,1267791.473343395
2024-12-03,-0.0034358149071337385,-0.0034358149071337385,0.0004514491145146682,-0.0038872640216484067,1290049.5712204904,0.0,0.0,0.0,0,0,-0.004764529047688648,1268363.8166814249
2024-12-04,0.002748821930345313,0.002748821930345313,0.006051417924264779,-0.003302595993919466,1293595.6877730938,0.0,0.0,0.0,0,0,-0.002028803959277403,1276039.2162161798
2024-12-05,-0.00023900458434056304,-0.00023900458434056304,-0.0018697756269248078,0.0016307710425842448,1293286.5124734328,0.0,0.0,0.0,0,0,-0.002267323650171016,1273653.3091906984
2024-12-06,-0.0020320641322922883,-0.0020320641322922883,0.0024954538421815275,-0.004527517974473816,1290658.4713386581,0.0,0.0,0.0,0,0,-0.004294780435397438,1276831.6522347257
2024-12-09,-0.015135264800514192,-0.015135264800514192,-0.006144213927296471,-0.00899105087321772,1271124.0136079206,0.0,0.0,0.0,0,0,-0.01936504259676175,1268986.525414252
2024-12-10,-0.0024165253157102384,-0.0024165253157102384,-0.002963883313944371,0.0005473579982341326,1268052.31024963,0.0,0.0,0.0,0,0,-0.02173477179679717,1265225.3974259563
2024-12-11,0.00438933447581169,0.00438933447581169,0.008165786048233592,-0.0037764515724219017,1273618.2159721414,0.0,0.0,0.0,0,0,-0.01744083850415712,1275556.9573241281
2024-12-12,-0.004663819324272178,-0.004663819324272178,-0.005414022527810203,0.0007502032035380246,1267678.2907247455,0.0,0.0,0.0,0,0,-0.02202331690878212,1268651.0632216702
2024-12-13,-0.0010713715165684423,-0.0010713715165684423,-2.6466639124200775e-05,-0.0010449048774442415,1266320.1363118908,0.0,0.0,0.0,0,0,-0.023071093270914167,1268617.4862918055
2024-12-16,-0.0021634646842143557,-0.0021634646842143557,0.0037993543260221863,-0.005962819010236542,1263580.4974180704,0.0,0.0,0.0,0,0,-0.025184644459610772,1273437.4136264157
2024-12-17,-0.0072857307073395106,-0.0072857307073395106,-0.003863994965801476,-0.0034217357415380345,1254374.3901868362,0.0,0.0,0.0,0,0,-0.032286886629457445,1268516.8578709
2024-12-18,-0.026299814125586796,-0.026299814125586796,-0.02949284635160343,0.0031930322260166344,1221384.5768810262,0.0,0.0,0.0,0,0,-0.057737561637995705,1231104.6850872948
2024-12-19,0.003436323916512052,0.003436323916512052,-0.0008651123249070469,0.004301436241419099,1225581.6499138214,0.0,0.0,0.0,0,0,-0.0544996426854214,1230039.6412509752
2024-12-20,0.018222659073543035,0.018222659073543035,0.010869123768910471,0.0073535353046325636,1247915.0064869912,0.0,0.0,0.0,0,0,-0.037270112020164614,1243409.094352398
2024-12-23,0.0007505694972247401,0.0007505694972247401,0.007287273468533639,-0.006536703971308899,1248851.6534259892,0.0,0.0,0.0,0,0,-0.03654751633218034,1252470.1564562058
2024-12-24,0.009527654168745903,0.009527654168745903,0.01104275925539211,-0.0015151050866462068,1260750.2800878985,0.0,0.0,0.0,0,0,-0.027368074259773945,1266300.8828685149
2024-12-26,-0.0003335682197198597,-0.0003335682197198597,-0.00040565878647391695,7.209056675405723e-05,1260329.7338614583,0.0,0.0,0.0,0,0,-0.02769251335968581,1265787.1967890598
2024-12-27,-0.010472905673172384,-0.010472905673172384,-0.011055736101235558,0.0005828304280631746,1247130.4194416327,0.0,0.0,0.0,0,0,-0.037875397952589096,1251792.9875810372
2024-12-30,-0.01017023583011012,-0.01017023583011012,-0.010701995701766776,0.0005317598716566563,1234446.808965007,0.0,0.0,0.0,0,0,-0.04766043205336201,1238396.3044084432
2024-12-31,-0.0016188927499887207,-0.0016188927499887207,-0.004284800394927402,0.002665907644938681,1232448.371975727,0.0,0.0,0.0,0,0,-0.04920216767543828,1233090.0234342373
2025-01-02,-0.0008780001173014362,-0.0005537758070371934,-0.0022238866412221947,0.0013458865239207585,1231366.2821605643,0.38875307628227995,399.5897233399454,0.0,0,0,-0.05003696828374926,1230347.7710036973
2025-01-03,0.009546992417375222,0.009546992417375222,0.01259602672149196,-0.003049034304116738,1243122.1267193628,0.0,0.0,0.0,0,0,-0.0409676784231674,1245845.2644039881
2025-01-06,0.003204654066501167,0.003204654066501167,0.005538045085450305,-0.002333391018949138,1247105.9030979115,0.0,0.0,0.0,0,0,-0.037894311593920094,1252744.8116477523
2025-01-07,-0.005343669880215174,-0.005343669880215174,-0.01110391288210788,0.0057602430018927064,1240441.7808460887,0.0,0.0,0.0,0,0,-0.043035486782639465,1238834.442395703
2025-01-08,0.002741798438042231,0.002741798438042231,0.001560360190925314,0.0011814382471169171,1243842.8221832947,0.0,0.0,0.0,0,0,-0.04041168297503828,1240767.4703427644
2025-01-10,-0.007886404697190041,-0.007886404697190041,-0.01541164380306681,0.007525239105876769,1234033.3743078623,0.0,0.0,0.0,0,0,-0.047979384785792556,1221645.2040474096
2025-01-13,0.004211439272587603,0.004211439272587603,0.0015754440882007614,0.0026359951843868412,1239230.4309241062,0.0,0.0,0.0,0,0,-0.04397000777856641,1223569.8377620047
2025-01-14,0.011655163772241073,0.011655163772241073,0.0011462798112440442,0.010508883960997029,1253673.8645480715,0.0,0.0,0.0,0,0,-0.032827321648051244,1224972.3911646786
2025-01-15,0.009651717806170357,0.009651717806170357,0.018312792279639112,-0.008661074473468755,1265773.9709096607,0.0,0.0,0.0,0,0,-0.023492443886760195,1247405.0561123702
2025-01-16,0.007163310140525958,0.007163310140525958,-0.0021126894641922966,0.009275999604718255,1274841.1024310917,0.0,0.0,0.0,0,0,-0.01649741740775401,1244769.6765927414
2025-01-17,0.007706825713838628,0.007706825713838628,0.009991058969353706,-0.002284233255515078,1284666.080620366,0.0,0.0,0.0,0,0,-0.008917734414605416,1257206.2438348427
2025-01-21,0.012137927685954342,0.012137927685954342,0.008768227105582893,0.0033697005803714486,1300259.2646075343,0.0,0.0,0.0,0,0,0.0,1268229.7136993434
2025-01-22,0.0018794670725461593,0.0018794670725461593,0.006137941522227575,-0.004258474449681415,1302703.0590811372,0.0,0.0,0.0,0,0,0.0,1276014.0335187814
2025-01-23,0.008225060706994913,0.008225060706994913,0.00531348622041139,0.0029115744865835236,1313417.8708252674,0.0,0.0,0.0,0,0,0.0,1282794.116502935
2025-01-24,-0.0032294436695867734,-0.0032294436695867734,-0.002855132319398823,-0.00037431135018795025,1309176.2617968086,0.0,0.0,0.0,0,0,-0.0032294436695866624,1279131.569561773
2025-01-27,-0.015407656492432698,-0.015407656492432698,-0.014580715690809543,-0.000826940801623155,1289004.9236669962,0.0,0.0,0.0,0,0,-0.018587342003296703,1260480.9158148537
2025-01-28,0.006275992630979221,0.006275992630979221,0.009217869449967608,-0.002941876818988387,1297094.7090692262,0.0,0.0,0.0,0,0,-0.012428003393759712,1272099.8643410106
2025-01-29,0.0014261898684975183,0.0014261898684975183,-0.004678895760321544,0.0061050856288190625,1298944.6124017825,0.0,0.0,0.0,0,0,-0.011019538217788005,1266147.8416790399
2025-01-30,0.008312508712863265,0.008312508712863265,0.005275414405311762,0.0030370943075515022,1309742.1008098992,0.0,0.0,0.0,0,0,-0.002798629512371864,1272827.2962422878
2025-01-31,-0.009807462165290604,-0.009807462165290604,-0.005046825754019935,-0.004760636411270669,1296896.854709918,0.0,0.0,0.0,0,0,-0.012578644224605195,1266403.5586631927
2025-02-03,-0.004656344249647448,-0.004361680972743032,-0.007608597684666707,0.0029522534350192586,1290858.0564981035,0.3682794028498753,382.1478770158722,0.0,0,0,-0.017176417976549008,1256768.0034788945
2025-02-04,0.004139443579570079,0.004139443579570079,0.007224881828679752,-0.0030854382491096732,1296201.4905922108,0.0,0.0,0.0,0,0,-0.01310807521009194,1265848.0037900952
2025-02-05,0.004668892655672829,0.004668892655672829,0.003908672930614365,0.0007602197250584641,1302253.316211909,0.0,0.0,0.0,0,0,-0.008500382750497582,1270795.7896167818
2025-02-06,-0.00356603078651363,-0.00356603078651363,0.003644298722618622,-0.007210329509132252,1297609.440794458,0.0,0.0,0.0,0,0,-0.012036100910425729,1275426.9490895914
2025-02-07,0.0005215529242332817,0.0005215529242332817,-0.009464770111542897,0.009986323035776179,1298286.212792817,0.0,0.0,0.0,0,0,-0.011520825449818584,1263355.3262223918
2025-02-10,0.0002435121067325685,0.0002435121067325685,0.006712541085862833,-0.006469028979130265,1298602.361203636,0.0,0.0,0.0,0,0,-0.011280118803562722,1271835.6507557032
2025-02-11,-0.004394024848508704,-0.004394024848508704,0.00033958278885926063,-0.004733607637367965,1292896.2701601752,0.0,0.0,0.0,0,0,-0.015624578529754296,1272267.5442529575
2025-02-12,-0.0017453628058765602,-0.0017453628058765602,-0.0027238667143857365,0.0009785039085091762,1290639.6970983811,0.0,0.0,0.0,0,0,-0.017342670777407476,1268802.0570373735
2025-02-13,0.0065297832634709785,0.0065297832634709785,0.010426292122230674,-0.003896508858759695,1299067.2945916655,0.0,0.0,0.0,0,0,-0.010926131395322614,1282030.9579293323
2025-02-14,-0.004077510810642226,-0.004077510810642226,-7.194380749464546e-05,-0.004005567003147581,1293770.3336542163,0.0,0.0,0.0,0,0,-0.014959090787082019,1281938.7237408927
2025-02-18,0.007520221513106495,0.007520221513106495,0.0024449877750611915,0.005075233738045304,1303499.7731503816,0.0,0.0,0.0,0,0,-0.0075513649503291536,1285073.0482488167
2025-02-19,0.0022855860007200413,0.0022855860007200413,0.0023769693899173827,-9.138338919734146e-05,1306479.033983836,0.0,0.0,0.0,0,0,-0.005283038243625859,1288127.627548312
2025-02-20,-0.01386504437267333,-0.01386504437267333,-0.0043341850761716705,-0.00953085929650166,1288364.6442056827,0.0,0.0,0.0,0,0,-0.019074833056628826,1282544.6440087878
2025-02-21,-0.021855207368599916,-0.021855207368599916,-0.01706412670256352,-0.004791080666036396,1260207.167740195,0.0,0.0,0.0,0,0,-0.04051315599325478,1260659.1397017275
2025-02-24,-0.001696540065806107,-0.001696540065806107,-0.00496910650440241,0.0032725664385963027,1258069.1757889078,0.0,0.0,0.0,0,0,-0.04214096386672617,1254394.7901708013
2025-02-25,0.0013593328939107696,0.0013593328939107696,-0.004679730915472358,0.006039063809383127,1259779.310602373,0.0,0.0,0.0,0,0,-0.040838914571180385,1248524.5600910315
2025-02-26,0.0014299691344763499,0.0014299691344763499,0.00013602428004699796,0.001293944854429352,1261580.7561327864,0.0,0.0,0.0,0,0,-0.03946734382402628,1248694.389745439
2025-02-27,-0.015537234704106062,-0.015537234704106062,-0.015864553655509872,0.00032731895140380995,1241979.2798265677,0.0,0.0,0.0,0,0,-0.05439136514399079,1228884.4105999884
2025-02-28,0.014382635081819917,0.014382635081819917,0.01585414463498891,-0.0014715095531689926,1259842.2145874947,0.0,0.0,0.0,0,0,-0.04079102121863898,1248367.3217853238
2025-03-03,-0.019365771251366293,-0.018842172219846742,-0.0175967394669998,-0.0017690317843664927,1235444.3984469785,0.6452686928177155,659.6521634253482,0.0,0,0,-0.059366842883975424,1226400.1272647511
2025-03-04,-0.022361758147194433,-0.022361758147194433,-0.012234826602200433,-0.010126931544994,1207817.6896046011,0.0,0.0,0.0,0,0,-0.08040105404863584,1211395.3343627504
2025-03-05,0.01007161714428051,0.01007161714428051,0.011159277893187936,-0.0010876607489074264,1219982.366954388,0.0,0.0,0.0,0,0,-0.07113920553872977,1224913.6315374156
2025-03-06,-0.019847770890527028,-0.019847770890527028,-0.017819007085749905,-0.002028763804777123,1195768.4364445945,0.0,0.0,0.0,0,0,-0.08957502177638998,1203086.8868576188
2025-03-07,0.0025982310811019094,0.0025982310811019094,0.00552061780274804,-0.0029223867216461308,1198875.3191619655,0.0,0.0,0.0,0,0,-0.08720952730095777,1209728.6697434578
2025-03-10,-0.01838465559010405,-0.01838465559010405,-0.0269730913054258,0.008588435715321752,1176834.4093236967,0.0,0.0,0.0,0,0,-0.10399086576745797,1177098.547879676
2025-03-11,-0.008715216431486095,-0.008715216431486095,-0.007567865323653167,-0.001147351107832928,1166578.0427424207,0.0,0.0,0.0,0,0,-0.1117997792968829,1168190.424596655
2025-03-12,-0.0029882337593952757,-0.0029882337593952757,0.004886869929446425,-0.0078751036888417,1163092.0348521285,0.0,0.0,0.0,0,0,-0.11445392918149022,1173899.2192544837
2025-03-13,-0.01220425338184672,-0.01220425338184672,-0.013890984206835322,0.0016867308249886026,1148897.3649523854,0.0,0.0,0.0,0,0,-0.12526135781105807,1157592.6037394034
2025-03-14,0.020187363418475046,0.020187363418475046,0.021265869083087807,-0.001078505664612761,1172090.5735892076,0.0,0.0,0.0,0,0,-0.10760269094500641,1182209.8165020763
2025-03-17,0.013908694035841052,0.013908694035841052,0.006416130719105961,0.00749256331673509,1188392.8227595533,0.0,0.0,0.0,0,0,-0.09519060981495264,1189795.0292221638
2025-03-18,-0.008469269475473329,-0.008469269475473329,-0.010653512117636543,0.0021842426421632144,1178328.0037008843,0.0,0.0,0.0,0,0,-0.10285368436436859,1177119.5334608417
2025-03-19,0.015342758059242234,0.015342758059242234,0.010798495567894584,0.00454426249134765,1196406.8051760967,0.0,0.0,0.0,0,0,-0.08908898549983069,1189830.6535258007
2025-03-20,-0.004837562219710767,-0.004837562219710767,-0.0021848931523151816,-0.0026526690673955855,1190619.112815972,0.0,0.0,0.0,0,0,-0.09349557420909504,1187231.0006784976
2025-03-21,-0.0001472659975056967,-0.0001472659975056967,0.0008246534476661349,-0.0009719194451718316,1190443.7751046738,0.0,0.0,0.0,0,0,-0.09362907148760258,1188210.0548163832
2025-03-24,0.01696480196990402,0.01696480196990402,0.017646000146633645,-0.0006811981767296249,1210639.4180056294,0.0,0.0,0.0,0,0,-0.0782526681741117,1209177.2096179049
2025-03-25,0.00013406000185733902,0.00013406000185733902,0.0015743334544251475,-0.0014402734525678085,1210801.7163282558,0.0,0.0,0.0,0,0,-0.07812909872509521,1211080.8577513348
2025-03-26,-0.0022225920815946987,-0.0022225920815946987,-0.011156934922627149,0.00893434284103245,1208110.5980211634,0.0,0.0,0.0,0,0,-0.08017804169052123,1197568.9074353636
2025-03-27,-0.0037929068679853906,-0.0037929068679853906,-0.003306980860763864,-0.00048592600722152657,1203528.347036643,0.0,0.0,0.0,0,0,-0.08366684071351704,1193608.569979029
2025-03-28,-0.016951409054277167,-0.016951409054277167,-0.01973722070834405,0.002785811654066883,1183126.8457176068,0.0,0.0,0.0,0,0,-0.09919997892658028,1170050.054193982
2025-03-31,0.007145689291361501,0.007145689291361501,0.005538521570653376,0.0016071677207081247,1191581.1025493734,0.0,0.0,0.0,0,0,-0.0927631418623377,1176530.4016578796
2025-04-01,0.002456618409138356,0.002879840602675765,0.0037812354559083605,-0.0013246170467700047,1194508.3626218776,0.5148390212108614,504.30356799868184,0.0,0,0,-0.0905344070951879,1180979.1401275825
2025-04-02,0.005365599416686573,0.005365599416686573,0.006728194715792668,-0.0013625952991060952,1200917.6159955887,0.0,0.0,0.0,0,0,-0.0856545790404013,1188924.99773765
2025-04-03,-0.031634469914541774,-0.031634469914541774,-0.04839563335990149,0.016761163445359717,1162927.223802533,0.0,0.0,0.0,0,0,-0.11457941175124675,1131386.2194547171
2025-04-04,-0.056366609024117165,-0.056366609024117165,-0.05974960534553109,0.0033829963214139225,1097376.9596549536,0.0,0.0,0.0,0,0,-0.16448756787096808,1063786.3393489253
2025-04-07,-0.008363882720708427,-0.008363882720708427,-0.0023314724921273955,-0.006032410228581031,1088198.627463992,0.0,0.0,0.0,0,0,-0.17147569586498912,1061306.1507612325
2025-04-08,-0.015040859655854222,-0.015040859655854222,-0.015700524562941354,0.0006596649070871319,1071831.1846306128,0.0,0.0,0.0,0,0,-0.1839374136449481,1044643.087472405
2025-04-09,0.0694580635915365,0.0694580635915365,0.09515387644904849,-0.02569581285751199,1146278.5032120778,0.0,0.0,0.0,0,0,-0.12725528662722507,1144044.9267511067
2025-04-10,-0.02337346243771976,-0.02337346243771976,-0.03460757958472693,0.011234117147007172,1119486.0056740846,0.0,0.0,0.0,0,0,-0.1476543524029621,1104452.3009000649
2025-04-11,0.015466415369808084,0.015466415369808084,0.018092095201708958,-0.0026256798319008734,1136800.4412385274,0.0,0.0,0.0,0,0,-0.1344716205785782,1124434.1570736952
2025-04-14,0.00843586829099574,0.00843586829099574,0.007944712390868913,0.0004911559001268273,1146390.3400339615,0.0,0.0,0.0,0,0,-0.12717013716766012,1133367.463054115
2025-04-15,0.000794064597070987,0.000794064597070987,-0.0017277808903947145,0.0025218454874657015,1147300.6480174067,0.0,0.0,0.0,0,0,-0.12647705387431862,1131409.252409655
2025-04-16,-0.011165477520311273,-0.011165477520311273,-0.0224083715440897,0.011242894023778427,1134490.4884229298,0.0,0.0,0.0,0,0,-0.136230354692761,1106056.2135132386
2025-04-17,0.006777998836154708,0.006777998836154708,0.0013268380955802073,0.005451160740574501,1142180.063633089,0.0,0.0,0.0,0,0,-0.13037572504216277,1107523.771033181
2025-04-21,-0.016676461659367314,-0.016676461659367314,-0.023567493023827546,0.006891031364460232,1123132.541593818,0.0,0.0,0.0,0,0,-0.14487798092155224,1081422.2122856334
2025-04-22,0.022622238354095048,0.022622238354095048,0.025117204723895226,-0.002494966369800178,1148540.3136529939,0.0,0.0,0.0,0,0,-0.12553320678412472,1108584.5153845793
2025-04-23,0.00535497008717245,0.00535497008717245,0.01666113847096007,-0.011306168383787618,1154690.7126765172,0.0,0.0,0.0,0,0,-0.1208504632642281,1127054.795502164
2025-04-24,0.007302263063782011,0.007302263063782011,0.020259113708281262,-0.012956850644499252,1163122.568017787,0.0,0.0,0.0,0,0,-0.1144306820745814,1149887.9267597059
2025-04-25,-0.00014192936471701945,-0.00014192936471701945,0.007373133469998461,-0.00751506283471548,1162957.4867706203,0.0,0.0,0.0,0,0,-0.11455637036528732,1158366.2039192452
2025-04-28,0.0049009035254281574,0.0049009035254281574,0.0006407067039131409,0.0042601968215150166,1168657.0292174576,0.0,0.0,0.0,0,0,-0.11021689655924272,1159108.3769116825
2025-04-29,0.005191677938592987,0.005191677938592987,0.005802410694099036,-0.0006107327555060493,1174724.3201338276,0.0,0.0,0.0,0,0,-0.1055974292509766,1165833.9997534947
2025-04-30,0.003902362145248084,0.003902362145248084,0.00147999135976562,0.002422370785482464,1179308.51985182,0.0,0.0,0.0,0,0,-0.10210714651627306,1167559.4240000509
2025-05-01,-0.005264219193991115,-0.004477419173048447,0.006299102138585644,-0.01156332133257676,1173100.3813059789,0.8644406978556521,927.8799681172735,0.0,0,0,-0.10683385130972956,1174914.0000646955
2025-05-02,0.009261952266107931,0.009261952266107931,0.01472657412963474,-0.0054646218635268085,1183965.5810409877,0.0,0.0,0.0,0,0,-0.09856138907485668,1192216.4581825938
2025-05-05,-0.0006475369040509493,-0.0006475369040509493,-0.006381597588933863,0.005734060684882913,1183198.9196341375,0.0,0.0,0.0,0,0,-0.09914510384216724,1184608.2125075685
2025-05-06,-0.0014581038036752814,-0.0014581038036752814,-0.007693239651855532,0.006235135848180251,1181473.6927889145,0.0,0.0,0.0,0,0,-0.10045864379281444,1175494.7376351915
2025-05-07,0.005314063558341298,0.005314063558341298,0.00434635623313584,0.000967707325205458,1187752.119084903,0.0,0.0,0.0,0,0,-0.09567842385257297,1180603.8565151307
2025-05-08,0.000578463062212764,0.000578463062212764,0.005799775094835535,-0.005221312032622771,1188439.1898128586,0.0,0.0,0.0,0,0,-0.09515530722440957,1187451.0933590138
2025-05-09,-0.00119046863076544,-0.00119046863076544,-0.0007114809122162891,-0.0004789877185491509,1187024.390237814,0.0,0.0,0.0,0,0,-0.09623249644687348,1186606.2445718986
2025-05-12,0.014163965370561193,0.014163965370561193,0.032558782749008364,-0.01839481737844717,1203837.362595154,0.0,0.0,0.0,0,0,-0.08343156482350833,1225240.6994975319
2025-05-13,0.0011498247308467935,0.0011498247308467935,0.0072482009835321826,-0.006098376252685389,1205221.5645665831,0.0,0.0,0.0,0,0,-0.08237767176922894,1234121.4903406934
2025-05-14,-0.007972298405098499,-0.007972298405098499,0.001024415597859818,-0.008996714002958317,1195613.1786095987,0.0,0.0,0.0,0,0,-0.08969323079306579,1235385.7436450524
2025-05-15,0.012351299911894431,0.012351299911894431,0.004132332074135769,0.008218967837758662,1210380.5555572193,0.0,0.0,0.0,0,0,-0.07844975887476324,1240490.767777447
2025-05-16,0.010425584845664027,0.010425584845664027,0.007005272294898557,0.0034203125507654697,1222999.4807347232,0.0,0.0,0.0,0,0,-0.06884205864637005,1249180.7433850358
2025-05-19,0.003732406300237523,0.003732406300237523,0.0008761131291423752,0.002856293171095148,1227564.2117018045,0.0,0.0,0.0,0,0,-0.06536659887954543,1250275.1670349871
2025-05-20,-0.0021554095963600695,-0.0021554095963600695,-0.0038802294486252054,0.001724819852265136,1224918.3080197542,0.0,0.0,0.0,0,0,-0.06738111668139923,1245423.8125129733
2025-05-21,-0.013459342160456078,-0.013459342160456078,-0.01613513066101424,0.0026757885005581628,1208431.7133935094,0.0,0.0,0.0,0,0,-0.0799335533372868,1225328.736569738
2025-05-22,-0.0032380509799414536,-0.0032380509799414536,-0.00044487103794299543,-0.002793179941998458,1204518.7498997631,0.0,0.0,0.0,0,0,-0.08291277539651432,1224783.6233028788
2025-05-23,-0.0020572840701482686,-0.0020572840701482686,-0.006708297825321674,0.004651013755173405,1202040.7126633995,0.0,0.0,0.0,0,0,-0.08479948433462758,1216567.4099861865
2025-05-27,0.012558222711152256,0.012558222711152256,0.0204590558452733,-0.007900833134121044,1217136.2076408986,0.0,0.0,0.0,0,0,-0.07330619243354053,1241457.2305666334
2025-05-28,-0.008000615318344284,-0.008000615318344284,-0.005571225417268844,-0.0024293899010754405,1207398.3690535354,0.0,0.0,0.0,0,0,-0.08072031310577144,1234540.7924892483
2025-05-29,-0.000374569743726183,-0.000374569743726183,0.004011194261904327,-0.00438576400563051,1206946.1141558636,0.0,0.0,0.0,0,0,-0.08106464746250408,1239492.775432168
2025-05-30,0.004340431824301216,0.004340431824301216,-8.118516130162234e-05,0.004421616985602839,1212184.7814799624,0.0,0.0,0.0,0,0,-0.07707607121387494,1239392.1470112624
2025-06-02,0.0012590332489028633,0.0023942382105759386,0.0041020419271569075,-0.0028430086782540442,1213710.9624236596,1.2213670222825843,1376.0781784008784,0.0,0,0,-0.07591407930132521,1244476.1855624914
2025-06-03,0.008054993941443156,0.008054993941443156,0.005800290454605506,0.0022547034868376503,1223487.3968726455,0.0,0.0,0.0,0,0,-0.06847057280872448,1251694.5089025935
2025-06-04,-0.002136707431224516,-0.002136707431224516,7.36874595066439e-05,-0.00221039489073116,1220873.1622597382,0.0,0.0,0.0,0,0,-0.07046097865820833,1251786.743091033
2025-06-05,-0.0010120094601099305,-0.0010120094601099305,-0.005277383403094138,0.0042653739429842075,1219637.627069937,0.0,0.0,0.0,0,0,-0.07140168094134758,1245180.5845088311
2025-06-06,0.0021572643152034665,0.0021572643152034665,0.010280683010067904,-0.008123418694864437,1222268.7078002945,0.0,0.0,0.0,0,0,-0.06939844892448455,1257981.8913884575
2025-06-09,-0.003460156859941388,-0.003460156859941388,0.0009199480792858594,-0.004380104939227247,1218039.4663463077,0.0,0.0,0.0,0,0,-0.07261847626531048,1259139.1694132169
2025-06-10,0.00042813241265893254,0.00042813241265893254,0.00548298940767844,-0.005054856995019508,1218560.9485217482,0.0,0.0,0.0,0,0,-0.07222143417609861,1266043.0161419024
2025-06-11,0.0002929332559273856,0.0002929332559273856,-0.002743888954607865,0.0030368222105352505,1218917.9055479446,0.0,0.0,0.0,0,0,-0.07194965698003208,1262569.1346938524
2025-06-12,0.004107933539518216,0.004107933539518216,0.0038224199557175265,0.0002855135838006895,1223925.1392940644,0.0,0.0,0.0,0,0,-0.06813728784957895,1267395.2041497792
2025-06-13,-0.0077142734686874714,-0.0077142734686874714,-0.011296379879250695,0.003582106410563224,1214483.4460643486,0.0,0.0,0.0,0,0,-0.07532593164638013,1253078.2264665628
2025-06-16,0.009807292882578533,0.009807292882578533,0.009392659896159117,0.0004146329864194165,1226394.2409209448,0.0,0.0,0.0,0,0,-0.06625738223711075,1264847.9640710454
2025-06-17,-0.004003489186054865,-0.004003489186054865,-0.008352184790166306,0.004348695604111441,1221484.3848395778,0.0,0.0,0.0,0,0,-0.06999561070988303,1254283.7201436586
2025-06-18,-0.002621123998594155,-0.002621123998594155,-0.0003092402101070313,-0.0023118837884871235,1218282.7228045668,0.0,0.0,0.0,0,0,-0.07243326753344925,1253895.8451825075
2025-06-20,0.0017603159742225483,0.0017603159742225483,-0.002178658486505891,0.003938974460728439,1220427.285342639,0.0,0.0,0.0,0,0,-0.07080045699713089,1251164.0343582062
2025-06-23,0.00721262775254039,0.00721262775254039,0.009606504133156335,-0.0023938763806159447,1229229.7730508589,0.0,0.0,0.0,0,0,-0.06409848658562056,1263183.346825525
2025-06-24,0.006068036316073666,0.006068036316073666,0.01112172017970181,-0.0050536838636281445,1236688.7839545305,0.0,0.0,0.0,0,0,-0.05841940221395381,1277232.1185445776
2025-06-25,-0.00957670528929866,-0.00957670528929866,-3.2861029504172024e-06,-0.009573419186348242,1224845.3799360169,0.0,0.0,0.0,0,0,-0.0674366421050725,1277227.9214283447
2025-06-26,0.004693845760943782,0.004693845760943782,0.008020121275230219,-0.0033262755142864364,1230594.615230441,0.0,0.0,0.0,0,0,-0.06305933354080595,1287471.4442543103
2025-06-27,0.0054427762259330326,0.0054427762259330326,0.005218970885222163,0.00022380534071086977,1237292.4663459784,0.0,0.0,0.0,0,0,-0.057959775156292026,1294190.7202374286
2025-06-30,0.007272019171997268,0.007272019171997268,0.005164427424532603,0.0021075917474646655,1246290.0808826142,0.0,0.0,0.0,0,0,-0.05110924058043598,1300874.4742855981
2025-07-01,0.006670335483201395,0.007001645530406497,-0.001118531087121899,0.007788866570323294,1254603.2538314876,0.3545998080372462,412.9084255283154,0.0,0,0,-0.04477982087819776,1299419.4057456665
2025-07-02,-0.0069429911892322504,-0.0069429911892322504,0.004745096791088033,-0.011688087980320283,1245892.5544941535,0.0,0.0,0.0,0,0,-0.051411906165617194,1305585.2765981478
2025-07-03,0.00770990855923448,0.00770990855923448,0.008338955206607324,-0.000629046647372844,1255498.2721639345,0.0,0.0,0.0,0,0,-0.044098378701775465,1316472.4937381055
2025-07-07,-0.0034701706801906207,-0.0034701706801906207,-0.007862297279128794,0.004392126598938173,1251141.4788708412,0.0,0.0,0.0,0,0,-0.047415520481151274,1306121.9956325404
2025-07-08,-0.0050934106233166965,-0.0050934106233166965,-0.0007158868810946961,-0.004377523742222,1244768.9015710882,0.0,0.0,0.0,0,0,-0.052267424388739214,1305186.960030758
2025-07-09,0.003574799876792545,0.003574799876792545,0.0060621034026635545,-0.0024873035258710097,1249218.7012870598,0.0,0.0,0.0,0,0,-0.048879470094211674,1313099.1383422725
2025-07-10,-0.001516999245129158,-0.001516999245129158,0.0027462050044453346,-0.004263204249574493,1247323.6374602062,0.0,0.0,0.0,0,0,-0.05032231922010566,1316705.1777673208
2025-07-11,-0.0078098900006791094,-0.0078098900006791094,-0.0032975229626984737,-0.004512367037980636,1237582.177056395,0.0,0.0,0.0,0,0,-0.057739197443096635,1312363.312208529
2025-07-14,0.0049704339250769,0.0049704339250769,0.001407413809457303,0.0035630201156195973,1243733.4974943066,0.0,0.0,0.0,0,0,-0.05305575238379767,1314210.3504571565
2025-07-15,-0.01243423080688666,-0.01243423080688666,-0.003956298214731202,-0.008477932592155457,1228268.628124206,0.0,0.0,0.0,0,0,-0.06483027571991129,1309010.9423938617
2025-07-16,0.003598211713621291,0.003598211713621291,0.003193657417327689,0.0004045542962936022,1232688.1986893963,0.0,0.0,0.0,0,0,-0.061465337063782655,1313191.474899401
2025-07-17,0.006169770075435732,0.006169770075435732,0.00537376740890938,0.000796002666526352,1240293.6014500128,0.0,0.0,0.0,0,0,-0.05567479398563946,1320248.260448873
2025-07-18,0.00013901462519050334,0.00013901462519050334,-9.048620868445933e-05,0.00022950083387496267,1240466.0204001446,0.0,0.0,0.0,0,0,-0.05554351897106746,1320128.7961892628
2025-07-21,0.0008377127974437126,0.0008377127974437126,0.001399134882868358,-0.0005614220854246454,1241505.174660228,0.0,0.0,0.0,0,0,-0.05475233569028082,1321975.83443789
2025-07-22,0.003977587995988685,0.003977587995988685,0.0006375316336257875,0.0033400563623628976,1246443.3707399142,0.0,0.0,0.0,0,0,-0.05099252992748604,1322818.635851233
2025-07-23,0.010111790930720232,0.010111790930720232,0.007811886951519131,0.002299903979201101,1259047.1455118184,0.0,0.0,0.0,0,0,-0.041396364798421015,1333152.3454918656
2025-07-24,-0.0035907869160506367,-0.0035907869160506367,0.0006982236416543941,-0.004289010557705031,1254526.1754950236,0.0,0.0,0.0,0,0,-0.044838506189381455,1334083.1839774153
2025-07-25,0.004682977076343686,0.004682977076343686,0.00397432777929585,0.0007086492970478364,1260401.09281654,0.0,0.0,0.0,0,0,-0.04036550680966022,1339385.2678353882
2025-07-28,-0.005992160712883776,-0.005992160712883776,0.00017685810881817865,-0.006169018821701955,1252848.566905689,0.0,0.0,0.0,0,0,-0.0461157909184835,1339622.1489808364
2025-07-29,-0.00029141612071148515,-0.00029141612071148515,-0.002959442388724254,0.0026680262680127687,1252483.4666364824,0.0,0.0,0.0,0,0,-0.04639376815430196,1335657.6144082686
2025-07-30,-0.0016234744701211223,-0.0016234744701211223,-0.0012494327466496813,-0.00037404172347144105,1250450.0917041493,0.0,0.0,0.0,0,0,-0.04794192352625193,1333988.800046515
2025-07-31,-0.005262309300337664,-0.005262309300337664,-0.0036948193411530106,-0.0015674899591846536,1243869.8365569664,0.0,0.0,0.0,0,0,-0.052951947596541205,1329059.9524272215
2025-08-01,-0.007372084516070299,-0.006994265759356355,-0.015992133140148468,0.00862004862407817,1234699.922994878,0.47846817171777156,469.95735516190666,0.0,0,0,-0.05993366587963922,1307805.448716766
2025-08-04,0.013683706047511457,0.013683706047511457,0.01473710033091602,-0.0010533942834045629,1251595.193798025,0.0,0.0,0.0,0,0,-0.047070074498374526,1327078.7088278239
2025-08-05,-0.0032972987475016202,-0.0032972987475016202,-0.004857865996303334,0.0015605672488017142,1247468.3105331357,0.0,0.0,0.0,0,0,-0.050212169148187935,1320631.938293791
2025-08-06,-0.0003483694756546418,-0.0003483694756546418,0.007281907295092482,-0.007630276770747124,1247033.7306518995,0.0,0.0,0.0,0,0,-0.050543046236804834,1330248.6576393845
2025-08-07,-0.0011126633930359509,-0.0011126633930359509,-0.0007974800154801898,-0.0003151833775557611,1245646.201869922,0.0,0.0,0.0,0,0,-0.05159947223252059,1329187.8109192979
2025-08-08,0.006665555225282782,0.006665555225282782,0.007799715348974834,-0.0011341601236920518,1253949.1254196498,0.0,0.0,0.0,0,0,-0.04527785613899915,1339555.0974897954
2025-08-11,0.0008980106332452387,0.0008980106332452387,-0.0025041278217863283,0.003402138455031567,1255075.1850678253,0.0,0.0,0.0,0,0,-0.04442050550201726,1336200.6803013554
2025-08-12,0.010594742999233464,0.010594742999233464,0.01134543584661274,-0.0007506928473792751,1268372.3840983342,0.0,0.0,0.0,0,0,-0.03429638634247367,1351360.459397915
2025-08-13,0.00659885897988044,0.00659885897988044,0.0032300788824048965,0.0033687800974755433,1276742.194594974,0.0,0.0,0.0,0,0,-0.027923844379586726,1355725.460280333
2025-08-14,-0.003146392653039287,-0.003146392653039287,0.00030309080129242716,-0.0034494834543317143,1272725.062334075,0.0,0.0,0.0,0,0,-0.030982377653825388,1356136.368196422
2025-08-15,-0.0006987563632182558,-0.0006987563632182558,-0.0028971350972291088,0.002198378734010853,1271835.737598142,0.0,0.0,0.0,0,0,-0.03165948488351045,1352207.4579274915
2025-08-18,-0.000830118667200952,-0.000830118667200952,-0.00010076318078544588,-0.0007293554864155061,1270779.9630107484,0.0,0.0,0.0,0,0,-0.03246332242131578,1352071.2052029488
2025-08-19,9.060572933061728e-05,9.060572933061728e-05,-0.005858103118756786,0.005948708848087403,1270895.1029561157,0.0,0.0,0.0,0,0,-0.03237565805498954,1344150.6326589682
2025-08-20,0.0015695159483239962,0.0015695159483239962,-0.0024316693228262354,0.004001185271150232,1272889.7930888522,0.0,0.0,0.0,0,0,-0.030856956218320297,1340882.102800274
2025-08-21,-0.002756690297112674,-0.002756690297112674,-0.004004181529308926,0.0012474912321962517,1269380.8301469504,0.0,0.0,0.0,0,0,-0.033528583443627524,1335512.9674512602
2025-08-22,0.010925040462261393,0.010925040462261393,0.015186444876893468,-0.004261404414632075,1283248.8670783248,0.0,0.0,0.0,0,0,-0.0229698441121301,1355794.6615138352
2025-08-25,-0.0051773034360256265,-0.0051773034360256265,-0.004266385548063467,-0.0009109178879621593,1276605.0983095241,0.0,0.0,0.0,0,0,-0.02802822569530894,1350010.3187638111
2025-08-26,0.0028328230564920176,0.0028328230564920176,0.004133995191134998,-0.0013011721346429805,1280221.4946660507,0.0,0.0,0.0,0,0,-0.02527480164279916,1355591.2549295633
2025-08-27,0.0024967456064963756,0.0024967456064963756,0.0023909843081744153,0.00010576129832196024,1283417.8820582004,0.0,0.0,0.0,0,0,-0.02284116078625953,1358832.4523483983
2025-08-28,0.000260456527252817,0.000260456527252817,0.0031567194195349924,-0.0028962628922821754,1283752.1566227756,0.0,0.0,0.0,0,0,-0.022586653388423472,1363121.9051386209
2025-08-29,-0.00247794486313746,-0.00247794486313746,-0.00639818429357164,0.00392023943043418,1280571.0895607306,0.0,0.0,0.0,0,0,-0.025008629769821655,1354400.3999749396
2025-09-02,-0.0049160328166649725,-0.004325469370930812,-0.006922279936861564,0.0020062471201965915,1274275.7600603777,0.7133995314944946,756.2584751586229,0.0,0,0,-0.029801719341838284,1345024.8612597159
2025-09-03,0.0019517210142863117,0.0019517210142863117,0.0051000736279842585,-0.0031483526136979467,1276762.790839283,0.0,0.0,0.0,0,0,-0.02790816296945331,1351884.5870836095
2025-09-04,0.00870232094319956,0.00870232094319956,0.008346486409699372,0.0003558345335001878,1287873.5904135017,0.0,0.0,0.0,0,0,-0.019448707817349087,1363168.0734171849
2025-09-05,-0.0012307758655253354,-0.0012307758655253354,-0.003165152978388819,0.0019343771128634835,1286288.5066805733,0.0,0.0,0.0,0,0,-0.020655546682677106,1358853.437929564
2025-09-08,0.002868495196373333,0.002868495196373333,0.0021059789159529885,0.0007625162804203445,1289978.2190831369,0.0,0.0,0.0,0,0,-0.017846301822741495,1361715.154619714
2025-09-09,0.001076371106114804,0.001076371106114804,0.0026881536531127015,-0.0016117825469978975,1291366.7143656753,0.0,0.0,0.0,0,0,-0.01678913996025977,1365375.6541871037
2025-09-10,0.00786963790696471,0.00786963790696471,0.002983469943562689,0.004886167963402022,1301529.3028128399,0.0,0.0,0.0,0,0,-0.009051626505551691,1369449.2114130433
2025-09-11,0.01052574667902384,0.01052574667902384,0.008485890387959882,0.0020398562910639573,1315228.8705495743,0.0,0.0,0.0,0,0,0.0,1381070.2073129723
2025-09-12,-0.006863941865214551,-0.006863941865214551,-0.00048276131466740146,-0.00638118055054715,1306201.2160426702,0.0,0.0,0.0,0,0,-0.006863941865214551,1380403.480044042
2025-09-15,-0.0009804765392819048,-0.0009804765392819048,0.004706619226962694,-0.005687095766244599,1304920.5163947588,0.0,0.0,0.0,0,0,-0.00783768847053068,1386900.5136041834
2025-09-16,-0.0014420280110342132,-0.0014420280110342132,-0.0012879303382402618,-0.00015409767279395137,1303038.7844579443,0.0,0.0,0.0,0,0,-0.009268414315248608,1385114.2823565917
2025-09-17,0.0005912231961888725,0.0005912231961888725,-0.0009701681605103207,0.0015613913566991933,1303809.1712128497,0.0,0.0,0.0,0,0,-0.008682670820594707,1383770.4885811813
2025-09-18,0.0048851589094653924,0.0048851589094653924,0.004789119185128365,9.603972433702701e-05,1310178.4862018428,0.0,0.0,0.0,0,0,-0.0038399281378465044,1390397.5303758597
2025-09-19,0.0024974387977392265,0.0024974387977392265,0.004885418870829605,-0.002387980073090379,1313450.5767852466,0.0,0.0,0.0,0,0,-0.0013520793256192043,1397190.2047087129
2025-09-22,0.004727814442343714,0.004727814442343714,0.004410046474333074,0.00031776796801064044,1319660.3273914766,0.0,0.0,0.0,0,0,0.0,1403351.8784449613
2025-09-23,0.0002569206813278768,0.0002569206813278768,-0.005502159197012135,0.005759079878340012,1319999.3754219115,0.0,0.0,0.0,0,0,0.0,1395630.413000331
2025-09-24,-0.0004953729470055235,-0.0004953729470055235,-0.002846617843333288,0.0023512448963277643,1319345.4834412632,0.0,0.0,0.0,0,0,-0.0004953729470055235,1391657.5865639856
2025-09-25,-0.009557304913630271,-0.009557304913630271,-0.0050090613431266195,-0.004548243570503652,1306736.096369594,0.0,0.0,0.0,0,0,-0.010047943430335327,1384686.688344259
2025-09-26,0.006919887933218183,0.006919887933218183,0.005901836747171263,0.00101805118604692,1315778.5637147627,0.0,0.0,0.0,0,0,-0.0031975861396144056,1392858.8831248481
2025-09-29,0.0022953145004265263,0.0022953145004265263,0.00263554421636214,-0.0003402297159356138,1318798.6893314077,0.0,0.0,0.0,0,0,-0.0009096111050204136,1396529.8242984766
2025-09-30,0.0010839946178369253,0.0010839946178369253,0.0040908483833717035,-0.0030068537655347782,1320228.2600126534,0.0,0.0,0.0,0,0,0.0,1402242.8160725383
2025-10-01,0.005240988551169501,0.005572738951738598,0.003399920834961989,0.0018410677162075118,1327147.5612083103,0.4306562630407795,437.9862541015051,0.0,0,0,0.0,1407010.330638579
2025-10-02,0.0025348599179608744,0.0025348599179608744,0.0006183547238911569,0.0019165051940697175,1330511.6943664367,0.0,0.0,0.0,0,0,0.0,1407880.362123093
2025-10-03,0.0017907479015439876,0.0017907479015439876,6.551280273581206e-05,0.0017252350988081755,1332894.3053911033,0.0,0.0,0.0,0,0,0.0,1407972.5963115324
2025-10-06,-0.0015804971819070035,-0.0015804971819070035,0.0036465919796933033,-0.005227089161600307,1330787.6696976528,0.0,0.0,0.0,0,0,-0.0015804971819070035,1413106.89788887
2025-10-07,-0.00620494948875594,-0.00620494948875594,-0.0038114057910215715,-0.0023935436977343683,1322530.1994269197,0.0,0.0,0.0,0,0,-0.007775639765482123,1407720.9740749237
2025-10-08,-0.002395707742589792,-0.002395707742589792,0.0058276636405680815,-0.008223371383157874,1319361.8035883438,0.0,0.0,0.0,0,0,-0.010152719347682138,1415924.698411605
2025-10-09,-0.008520204171611145,-0.008520204171611145,-0.002755570407195318,-0.005764633764415827,1308120.571645546,0.0,0.0,0.0,0,0,-0.018586420277554083,1412023.018213845
2025-10-10,-0.024597822377612433,-0.024597822377612433,-0.02711167321141361,0.002513850833801179,1275943.654175708,0.0,0.0,0.0,0,0,-0.042727057190543705,1373740.7115770376
2025-10-13,0.016324852542689117,0.016324852542689117,0.015598671787557583,0.0007261807551315336,1296773.2461829064,0.0,0.0,0.0,0,0,-0.02709971755607321,1395169.2420581335
2025-10-14,0.008542047932515562,0.008542047932515562,-0.0015643266604626893,0.010106374592978251,1307850.3454094047,0.0,0.0,0.0,0,0,-0.01878915670987935,1392986.7416169243
2025-10-15,0.0062537331580270195,0.0062537331580270195,0.004026001159503689,0.00222773199852333,1316029.2924802285,0.0,0.0,0.0,0,0,-0.012652925924180325,1398594.9078538474
2025-10-16,-0.010192455852664817,-0.010192455852664817,-0.006294387099829435,-0.003898068752835382,1302615.72201581,0.0,0.0,0.0,0,0,-0.022716417387955934,1389791.610107965
2025-10-17,0.004418962130195103,0.004418962130195103,0.0052707155502571545,-0.0008517534200620513,1308371.9315615946,0.0,0.0,0.0,0,0,-0.018397838245931886,1397116.8063589782
2025-10-20,0.007953136839082608,0.007953136839082608,0.010672270853256949,-0.0027191340141743403,1318777.5925697188,0.0,0.0,0.0,0,0,-0.010591021931962485,1412027.2153300783
2025-10-21,0.005219241837139732,0.005219241837139732,3.2696450934288634e-05,0.005186545386205443,1325660.611754741,0.0,0.0,0.0,0,0,-0.005427057199588137,1412073.3836086423
2025-10-22,-0.003745175582534177,-0.003745175582534177,-0.005337539220865439,0.0015923636383312623,1320695.7800008699,0.0,0.0,0.0,0,0,-0.009151907500013379,1404536.3865408911
2025-10-23,0.002132034131568039,0.002132034131568039,0.0058273934429324825,-0.0036953593113644434,1323511.5484812495,0.0,0.0,0.0,0,0,-0.007039385547604193,1412721.1726701795
2025-10-24,0.009529053135023391,0.009529053135023391,0.00790242258787388,0.0016266305471495102,1336123.3603515443,0.0,0.0,0.0,0,0,0.0,1423885.0923754561
2025-10-27,0.004644606678204433,0.004644606678204433,0.012290050865671143,-0.00764544418746671,1342329.127833938,0.0,0.0,0.0,0,0,0.0,1441384.712587621
2025-10-28,-0.012380389512145484,-0.012380389512145484,0.0022879438603986557,-0.01466833337254414,1325710.5703778553,0.0,0.0,0.0,0,0,-0.012380389512145484,1444682.5198912586
2025-10-29,-0.007309276199024439,-0.007309276199024439,-4.3578255173426506e-05,-0.007265697943851013,1316020.5856589973,0.0,0.0,0.0,0,0,-0.01959917402477418,1444619.563147762
2025-10-30,-0.0048749629033740804,-0.0048749629033740804,-0.00990481243951924,0.005029849536145159,1309605.034123833,0.0,0.0,0.0,0,0,-0.024378591681840756,1430310.8773283232
2025-10-31,0.0033443688685854678,0.0033443688685854678,0.0026179217059763005,0.0007264471626091673,1313984.8364300996,0.0,0.0,0.0,0,0,-0.021115753816335903,1434055.319220375
2025-11-03,-0.0004638957898843721,-8.697975026372706e-05,0.0017207127269924793,-0.0021846085168768514,1313375.2843965078,0.4850575711765736,495.26196066883404,0.0,0,0,-0.02156985409692458,1436522.916459369
2025-11-04,-0.011535010152037284,-0.011535010152037284,-0.011736830084583816,0.00020181993254653197,1298225.4871575593,0.0,0.0,0.0,0,0,-0.0328560557629759,1419662.6910762745
2025-11-05,0.01061960332079237,0.01061960332079237,0.0036535556982648654,0.006966047622527505,1312012.126852115,0.0,0.0,0.0,0,0,-0.02258537072107214,1424849.5077908703
2025-11-06,-0.005404723545261891,-0.005404723545261891,-0.011178189042419073,0.005773465497157182,1304921.064018448,0.0,0.0,0.0,0,0,-0.027868026581419403,1408922.2706357862
2025-11-07,0.011440920510658481,0.011440920510658481,0.0012618418007710464,0.010179078709887435,1319850.562184567,0.0,0.0,0.0,0,0,-0.016745941947667764,1410700.107650912
2025-11-10,0.011326898848043943,0.011326898848043943,0.01540101862170995,-0.004074119773666007,1334800.3759969657,0.0,0.0,0.0,0,0,-0.005608722690180312,1432426.3262784916
2025-11-11,0.0025412861206135506,0.0025412861206135506,0.002075350517340535,0.00046593560327301553,1338192.4856662767,0.0,0.0,0.0,0,0,-0.0030816899386937324,1435399.112995786
2025-11-12,0.006236338345696479,0.006236338345696479,0.0006295171887717999,0.0056068211569246795,1346537.90677856,0.0,0.0,0.0,0,0,0.0,1436302.7214101644
2025-11-13,-0.013700560207019263,-0.013700560207019263,-0.01655685496159698,0.002856294754577715,1328089.5831157067,0.0,0.0,0.0,0,0,-0.013700560207019263,1412522.0655708292
2025-11-14,-0.005881837805620682,-0.005881837805620682,-0.0005017255648851471,-0.005380112240735535,1320277.9755964857,0.0,0.0,0.0,0,0,-0.019501813539656188,1411813.367139568
2025-11-17,-0.017796448844629276,-0.017796448844629276,-0.00916226617680782,-0.008634182667821455,1296781.7161430921,0.0,0.0,0.0,0,0,-0.03695119935724944,1398877.95727786
2025-11-18,-0.0012193445442689743,-0.0012193445442689743,-0.008256436690967983,0.007037092146699009,1295200.4924324052,0.0,0.0,0.0,0,0,-0.038125487658178026,1387328.2099852047
2025-11-19,-0.0027632410714799605,-0.0027632410714799605,0.0037538357962292324,-0.006517076867709193,1291621.541235915,0.0,0.0,0.0,0,0,-0.040783378816290794,1392536.0122809657
2025-11-20,-0.01711447441979197,-0.01711447441979197,-0.015567283563270418,-0.001547190856521552,1269516.1174083806,0.0,0.0,0.0,0,0,-0.05719986714257863,1370858.009305722
2025-11-21,0.019263020811254528,0.019263020811254528,0.009823035415319481,0.009439985395935047,1293970.8327982414,0.0,0.0,0.0,0,0,-0.03903868856249271,1384323.9960805066
2025-11-24,0.0099481765505951,0.0099481765505951,0.015467217001293498,-0.005519040450698398,1306843.483094239,0.0,0.0,0.0,0,0,-0.029478875778020885,1405735.6357279816
2025-11-25,0.011696096304043335,0.011696096304043335,0.009061696817220577,0.0026343994868227583,1322128.4503268206,0.0,0.0,0.0,0,0,-0.01812756724401221,1418473.9858641112
2025-11-26,0.008210566184358559,0.008210566184358559,0.006906711511012631,0.0013038546733459278,1332983.8734724524,0.0,0.0,0.0,0,0,-0.010065838650272108,1428270.976470351
2025-11-28,0.005382667591622203,0.005382667591622203,0.005354773163420257,2.7894428201946653e-05,1340158.8825683477,0.0,0.0,0.0,0,0,-0.004737352122135219,1435919.0435652465
2025-12-01,-0.003087165392455571,-0.002644810146055998,-0.005323329342915684,0.0022361639504601127,1336021.5904456908,0.5645012512265108,592.8263127130251,0.0,0,0,-0.0078098925250674744,1428275.1735865842
2025-12-02,0.0007588161271943061,0.0007588161271943061,0.002457235261999813,-0.0016984191348055067,1337035.3851748006,0.0,0.0,0.0,0,0,-0.007057002670272761,1431784.78170696
2025-12-03,0.006090973023992863,0.006090973023992863,0.0029797912994984355,0.0031111817244944273,1345179.2316380243,0.0,0.0,0.0,0,0,-0.00100901365917494,1436051.2015422445
2025-12-04,0.00107889274473294,0.00107889274473294,0.0010803218396737702,-1.4290949408302112e-06,1346630.535751404,0.0,0.0,0.0,0,0,0.0,1437602.5990181605
2025-12-05,0.003331872071997255,0.003331872071997255,0.001936641757662061,0.001395230314335194,1351117.3364247729,0.0,0.0,0.0,0,0,0.0,1440386.7202423427
2025-12-08,-0.0047564211259654154,-0.0047564211259654154,-0.003477255626794018,-0.0012791654991713974,1344690.853382144,0.0,0.0,0.0,0,0,-0.004756421125965304,1435378.1274146205
2025-12-09,0.0036608324091877975,0.0036608324091877975,-0.0008763589340257116,0.004537191343213509,1349613.5412385436,0.0,0.0,0.0,0,0,-0.0011130011773872184,1434120.2209689557
2025-12-10,0.012366752567284811,0.012366752567284811,0.00674955693920154,0.005617195628083271,1366303.8779644978,0.0,0.0,0.0,0,0,0.0,1443799.897058046
2025-12-11,0.010900745730970218,0.010900745730970218,0.002079350841514227,0.008821394889455991,1381197.6091294275,0.0,0.0,0.0,0,0,0.0,1446802.0635889717
2025-12-12,-0.012122763045868679,-0.012122763045868679,-0.010663649289958,-0.0014591137559106793,1364453.677794431,0.0,0.0,0.0,0,0,-0.012122763045868679,1431373.8737908714
2025-12-15,-5.934842648647187e-05,-5.934842648647187e-05,-0.0015965630269072495,0.0015372146004207776,1364372.6996156403,0.0,0.0,0.0,0,0,-0.012181392005443659,1429088.595186296
2025-12-16,-0.007389897681118196,-0.007389897681118196,-0.0023839179519623555,-0.0050059797291558406,1354290.1249665697,0.0,0.0,0.0,0,0,-0.0194812704460281,1425681.7652292866
2025-12-17,-0.0050050636113258,-0.0050050636113258,-0.011592143912241393,0.006587080300915593,1347511.8167429217,0.0,0.0,0.0,0,0,-0.024388829059542205,1409155.0570336904
2025-12-18,0.00702380442368411,0.00702380442368411,0.007934262269941872,-0.0009104578462577617,1356976.4762023273,0.0,0.0,0.0,0,0,-0.017536327001295038,1420335.6628352106
2025-12-19,0.013379531745464579,0.013379531745464579,0.008818059450332205,0.004561472295132374,1375132.1860435249,0.0,0.0,0.0,0,0,-0.0043914230996430215,1432860.2671495185
2025-12-22,0.007992911647330958,0.007992911647330958,0.006436496360377575,0.0015564152869533832,1386123.4961099718,0.0,0.0,0.0,0,0,0.0,1442082.867043956
2025-12-23,0.00018930312061593568,0.00018930312061593568,0.004550388765703239,-0.004361085645087304,1386385.8936133445,0.0,0.0,0.0,0,0,0.0,1448644.904721366
2025-12-24,0.003590545707469195,0.003590545707469195,0.0032214822012188726,0.00036906350625032225,1391363.775532554,0.0,0.0,0.0,0,0,0.0,1453311.6884978123
2025-12-26,-0.0011592884247210167,-0.0011592884247210167,-0.00030436354912266594,-0.0008549248755983507,1389750.7836130029,0.0,0.0,0.0,0,0,-0.0011592884247211277,1452869.3533943198
2025-12-29,-0.0036308877100084125,-0.0036308877100084125,-0.00349205148036813,-0.0001388362296402823,1384704.7545728078,0.0,0.0,0.0,0,0,-0.004785966888635862,1447795.8588180176
2025-12-30,-0.0024138370130591946,-0.0024138370130591946,-0.0013756671519022934,-0.0010381698611569012,1381362.302984061,0.0,0.0,0.0,0,0,-0.007188251357675868,1445804.1736123816
2025-12-31,-0.00933815427669149,-0.00933815427669149,-0.007357666300846111,-0.0019804879758453797,1368462.92868679,0.0,0.0,0.0,0,0,-0.01645928063420976,1435166.428966571
