date,sector,portfolio_weight,internal_cap_benchmark_weight,active_weight
2016-02-01,Communication Services,0.03,0.028584438375070107,0.0014155616249298918
2016-02-01,Consumer Discretionary,0.15,0.08018087263114487,0.06981912736885512
2016-02-01,Consumer Staples,0.04,0.09895567355090348,-0.05895567355090348
2016-02-01,Energy,0.07,0.06017278747158476,0.009827212528415244
2016-02-01,Financials,0.2,0.1457566820255767,0.054243317974423305
2016-02-01,Health Care,0.08,0.1604594007843446,-0.08045940078434459
2016-02-01,Industrials,0.17,0.21598009010052596,-0.04598009010052595
2016-02-01,Information Technology,0.1,0.13727693184718442,-0.03727693184718442
2016-02-01,Materials,0.06,0.01781278861455423,0.04218721138544577
2016-02-01,Real Estate,0.04,0.023931584898568843,0.016068415101431158
2016-02-01,Utilities,0.06,0.03088874970054205,0.029111250299457946
2016-03-01,Communication Services,0.03,0.03387751023790873,-0.003877510237908728
2016-03-01,Consumer Discretionary,0.13,0.08014114470800394,0.04985885529199606
2016-03-01,Consumer Staples,0.05,0.09933378296878873,-0.04933378296878872
2016-03-01,Energy,0.08,0.059477478486691125,0.020522521513308876
2016-03-01,Financials,0.15,0.14117027719870132,0.008829722801298678
2016-03-01,Health Care,0.09,0.1594928440858986,-0.06949284408589859
2016-03-01,Industrials,0.17,0.21225227633090585,-0.042252276330905836
2016-03-01,Information Technology,0.08,0.13840404931285238,-0.05840404931285238
2016-03-01,Materials,0.07,0.01947515654978731,0.0505248434502127
2016-03-01,Real Estate,0.06,0.024684187516336102,0.035315812483663896
2016-03-01,Utilities,0.09,0.03169129260412599,0.05830870739587401
2016-04-01,Communication Services,0.03,0.03369099316647403,-0.0036909931664740325
2016-04-01,Consumer Discretionary,0.14,0.07933192341041391,0.060668076589586103
2016-04-01,Consumer Staples,0.06,0.09663791115175752,-0.03663791115175752
2016-04-01,Energy,0.08,0.05990042933948748,0.020099570660512524
2016-04-01,Financials,0.16,0.14051096046320596,0.01948903953679404
2016-04-01,Health Care,0.1,0.1551404029864434,-0.055140402986443404
2016-04-01,Industrials,0.15,0.2139412485910285,-0.06394124859102851
2016-04-01,Information Technology,0.1,0.1416387334640027,-0.04163873346400268
2016-04-01,Materials,0.06,0.020020076536601362,0.03997992346339864
2016-04-01,Real Estate,0.05,0.02619471933258896,0.02380528066741104
2016-04-01,Utilities,0.07,0.03299260155799612,0.03700739844200389
2016-05-02,Communication Services,0.03,0.020274934092297688,0.00972506590770231
2016-05-02,Consumer Discretionary,0.16,0.4268569984681969,-0.2668569984681969
2016-05-02,Consumer Staples,0.06,0.0589797975120998,0.0010202024879001972
2016-05-02,Energy,0.07,0.040164108238066015,0.02983589176193399
2016-05-02,Financials,0.14,0.09174446098129113,0.04825553901870888
2016-05-02,Health Care,0.09,0.09976210977553893,-0.00976210977553893
2016-05-02,Industrials,0.15,0.1310784545952702,0.01892154540472979
2016-05-02,Information Technology,0.12,0.08217671962364011,0.03782328037635989
2016-05-02,Materials,0.07,0.013099174416733922,0.05690082558326608
2016-05-02,Real Estate,0.04,0.015898469360941105,0.024101530639058896
2016-05-02,Utilities,0.07,0.01996477293592414,0.05003522706407587
2016-06-01,Communication Services,0.02,0.02060296077677616,-0.0006029607767761604
2016-06-01,Consumer Discretionary,0.16,0.422264531984786,-0.26226453198478594
2016-06-01,Consumer Staples,0.06,0.05914979435476537,0.0008502056452346293
2016-06-01,Energy,0.07,0.039726086744961385,0.03027391325503862
2016-06-01,Financials,0.18,0.0936142463243218,0.08638575367567819
2016-06-01,Health Care,0.11,0.10069101822231839,0.009308981777681608
2016-06-01,Industrials,0.14,0.12856856034194675,0.011431439658053266
2016-06-01,Information Technology,0.14,0.08699673179043303,0.05300326820956698
2016-06-01,Materials,0.06,0.012785892170512382,0.047214107829487616
2016-06-01,Real Estate,0.03,0.015425073536009266,0.014574926463990733
2016-06-01,Utilities,0.03,0.020175103753169346,0.009824896246830653
2016-07-01,Communication Services,0.02,0.021435659241506103,-0.0014356592415061022
2016-07-01,Consumer Discretionary,0.15,0.4214001083611465,-0.2714001083611465
2016-07-01,Consumer Staples,0.08,0.06168970601888258,0.018310293981117422
2016-07-01,Energy,0.05,0.0408088913602243,0.009191108639775701
2016-07-01,Financials,0.18,0.08708011929914719,0.0929198807008528
2016-07-01,Health Care,0.12,0.10112585898434362,0.018874141015656376
2016-07-01,Industrials,0.15,0.13125044817732803,0.01874955182267196
2016-07-01,Information Technology,0.13,0.08471213406372859,0.04528786593627142
2016-07-01,Materials,0.06,0.012720652493759867,0.04727934750624013
2016-07-01,Real Estate,0.03,0.016185635418320733,0.013814364581679266
2016-07-01,Utilities,0.03,0.021590786581612637,0.008409213418387362
2016-08-01,Communication Services,0.03,0.019519702815662884,0.010480297184337115
2016-08-01,Consumer Discretionary,0.18,0.46761988486334916,-0.28761988486334916
2016-08-01,Consumer Staples,0.08,0.05766273125568651,0.022337268744313493
2016-08-01,Energy,0.04,0.03562965546639793,0.0043703445336020705
2016-08-01,Financials,0.16,0.08238140949668112,0.07761859050331889
2016-08-01,Health Care,0.1,0.09426687593188346,0.005733124068116546
2016-08-01,Industrials,0.15,0.11717969527302378,0.03282030472697621
2016-08-01,Information Technology,0.12,0.07979745198378428,0.040202548016215714
2016-08-01,Materials,0.06,0.01209068373235461,0.047909316267645385
2016-08-01,Real Estate,0.03,0.0147450816133751,0.0152549183866249
2016-08-01,Utilities,0.05,0.019106827567801302,0.0308931724321987
2016-09-01,Communication Services,0.02,0.019719357864576743,0.00028064213542325703
2016-09-01,Consumer Discretionary,0.17,0.44421165349945807,-0.2742116534994581
2016-09-01,Consumer Staples,0.07,0.05921629609546864,0.010783703904531365
2016-09-01,Energy,0.05,0.037475985555836124,0.01252401444416388
2016-09-01,Financials,0.12,0.09016989480262967,0.029830105197370324
2016-09-01,Health Care,0.1,0.0950145156327124,0.0049854843672876015
2016-09-01,Industrials,0.15,0.12125568185868006,0.028744318141319933
2016-09-01,Information Technology,0.14,0.0850860697931519,0.05491393020684811
2016-09-01,Materials,0.06,0.012428377818963946,0.047571622181036055
2016-09-01,Real Estate,0.05,0.016344410779927824,0.03365558922007218
2016-09-01,Utilities,0.07,0.019077756298594734,0.05092224370140527
2016-10-03,Communication Services,0.02,0.023561541232583666,-0.0035615412325836655
2016-10-03,Consumer Discretionary,0.18,0.4411311710163738,-0.2611311710163738
2016-10-03,Consumer Staples,0.06,0.058575463850505105,0.0014245361494948927
2016-10-03,Energy,0.06,0.038282656554416664,0.021717343445583334
2016-10-03,Financials,0.12,0.08877122405601726,0.03122877594398274
2016-10-03,Health Care,0.09,0.09554151432737008,-0.005541514327370087
2016-10-03,Industrials,0.16,0.11959548978224711,0.04040451021775289
2016-10-03,Information Technology,0.15,0.08664257895500076,0.06335742104499924
2016-10-03,Materials,0.06,0.012404820401530637,0.04759517959846936
2016-10-03,Real Estate,0.04,0.016292432091906166,0.023707567908093835
2016-10-03,Utilities,0.06,0.019201107732048688,0.04079889226795131
2016-11-01,Communication Services,0.03,2.2791255419486904e-05,0.029977208744580514
2016-11-01,Consumer Discretionary,0.18,0.999435522504197,-0.8194355225041969
2016-11-01,Consumer Staples,0.05,5.9663006315817865e-05,0.049940336993684185
2016-11-01,Energy,0.06,3.866505106904446e-05,0.05996133494893095
2016-11-01,Financials,0.13,9.338285937549748e-05,0.12990661714062451
2016-11-01,Health Care,0.11,9.188132281978122e-05,0.10990811867718021
2016-11-01,Industrials,0.16,0.00012071262913519201,0.15987928737086482
2016-11-01,Information Technology,0.13,8.914825789289116e-05,0.12991085174210712
2016-11-01,Materials,0.05,1.2278119318878732e-05,0.049987721880681124
2016-11-01,Real Estate,0.04,1.6077564364973322e-05,0.039983922435635026
2016-11-01,Utilities,0.06,1.9877430091380045e-05,0.05998012256990862
2016-12-01,Communication Services,0.03,2.3285704468552986e-05,0.029976714295531445
2016-12-01,Consumer Discretionary,0.16,0.9994217958174794,-0.8394217958174793
2016-12-01,Consumer Staples,0.05,5.681626762899362e-05,0.049943183732371006
2016-12-01,Energy,0.07,4.085189442543381e-05,0.06995914810557458
2016-12-01,Financials,0.13,0.00010209024714189067,0.12989790975285812
2016-12-01,Health Care,0.12,9.138556194999513e-05,0.11990861443805
2016-12-01,Industrials,0.16,0.0001274257624805442,0.15987257423751947
2016-12-01,Information Technology,0.13,8.883724787259166e-05,0.1299111627521274
2016-12-01,Materials,0.07,1.373720328533554e-05,0.06998626279671467
2016-12-01,Real Estate,0.02,1.5204886957624216e-05,0.019984795113042377
2016-12-01,Utilities,0.06,1.8569406309823766e-05,0.059981430593690176
2017-01-03,Communication Services,0.03,2.4431478579623685e-05,0.029975568521420377
2017-01-03,Consumer Discretionary,0.15,0.9994076707222598,-0.8494076707222598
2017-01-03,Consumer Staples,0.04,5.853699373982151e-05,0.039941463006260176
2017-01-03,Energy,0.07,4.1937075348181126e-05,0.06995806292465183
2017-01-03,Financials,0.17,0.00010584914367520723,0.1698941508563248
2017-01-03,Health Care,0.11,9.246258611027621e-05,0.10990753741388973
2017-01-03,Industrials,0.17,0.00013001329600925723,0.16986998670399076
2017-01-03,Information Technology,0.12,8.982424559848797e-05,0.11991017575440151
2017-01-03,Materials,0.07,1.3495694395509401e-05,0.06998650430560449
2017-01-03,Real Estate,0.03,1.627387362785178e-05,0.029983726126372148
2017-01-03,Utilities,0.04,1.950489065572611e-05,0.039980495109344275
2017-02-01,Communication Services,0.03,2.4063371446108124e-05,0.02997593662855389
2017-02-01,Consumer Discretionary,0.15,0.9994262820719384,-0.8494262820719384
2017-02-01,Consumer Staples,0.04,5.665862280274862e-05,0.03994334137719725
2017-02-01,Energy,0.04,3.881242787505647e-05,0.03996118757212495
2017-02-01,Financials,0.19,0.00010231095018019272,0.18989768904981982
2017-02-01,Health Care,0.11,9.128179143336891e-05,0.10990871820856662
2017-02-01,Industrials,0.18,0.0001228785621492767,0.17987712143785073
2017-02-01,Information Technology,0.1,8.947474007698798e-05,0.09991052525992301
2017-02-01,Materials,0.07,1.3664039964295531e-05,0.06998633596003571
2017-02-01,Real Estate,0.03,1.555914402276386e-05,0.029984440855977235
2017-02-01,Utilities,0.06,1.9014278110820165e-05,0.05998098572188918
2017-03-01,Communication Services,0.03,0.037731969180096435,-0.007731969180096436
2017-03-01,Consumer Discretionary,0.13,0.07137498291366061,0.058625017086339395
2017-03-01,Consumer Staples,0.06,0.09194312681416848,-0.031943126814168485
2017-03-01,Energy,0.06,0.05944198247167489,0.0005580175283251068
2017-03-01,Financials,0.21,0.16909238554172398,0.04090761445827601
2017-03-01,Health Care,0.11,0.15233500917163226,-0.04233500917163226
2017-03-01,Industrials,0.14,0.1950176902124611,-0.055017690212461084
2017-03-01,Information Technology,0.09,0.1448111604661629,-0.05481116046616291
2017-03-01,Materials,0.06,0.021008782468298993,0.038991217531701004
2017-03-01,Real Estate,0.04,0.025935396295556343,0.014064603704443658
2017-03-01,Utilities,0.07,0.03130751446456389,0.03869248553543612
2017-04-03,Communication Services,0.02,0.0377217849861723,-0.017721784986172297
2017-04-03,Consumer Discretionary,0.13,0.07200907959232947,0.05799092040767054
2017-04-03,Consumer Staples,0.07,0.09189422132483069,-0.02189422132483068
2017-04-03,Energy,0.07,0.05878405222727744,0.011215947772722563
2017-04-03,Financials,0.19,0.16522750076798087,0.02477249923201913
2017-04-03,Health Care,0.11,0.15186197432316312,-0.04186197432316312
2017-04-03,Industrials,0.17,0.19373779721430937,-0.023737797214309353
2017-04-03,Information Technology,0.1,0.14957306814669735,-0.04957306814669735
2017-04-03,Materials,0.05,0.020965808018559393,0.02903419198144061
2017-04-03,Real Estate,0.03,0.026951928560766367,0.0030480714392336315
2017-04-03,Utilities,0.06,0.03127278483791358,0.02872721516208642
2017-05-01,Communication Services,0.02,0.037945980086996865,-0.017945980086996865
2017-05-01,Consumer Discretionary,0.12,0.07325905280813831,0.046740947191861684
2017-05-01,Consumer Staples,0.04,0.09192052813168719,-0.05192052813168719
2017-05-01,Energy,0.07,0.057012342913990925,0.012987657086009081
2017-05-01,Financials,0.19,0.1636155174122475,0.0263844825877525
2017-05-01,Health Care,0.11,0.15303897700113078,-0.04303897700113078
2017-05-01,Industrials,0.18,0.19224981312439887,-0.012249813124398878
2017-05-01,Information Technology,0.1,0.15139292654555908,-0.051392926545559076
2017-05-01,Materials,0.07,0.021111485252513582,0.04888851474748643
2017-05-01,Real Estate,0.05,0.027155014019788676,0.022844985980211327
2017-05-01,Utilities,0.05,0.031298362703548216,0.018701637296451787
2017-06-01,Communication Services,0.02,0.03817559510533921,-0.01817559510533921
2017-06-01,Consumer Discretionary,0.13,0.07368348038847253,0.05631651961152748
2017-06-01,Consumer Staples,0.05,0.09432920509481779,-0.04432920509481779
2017-06-01,Energy,0.06,0.05524126407890844,0.004758735921091557
2017-06-01,Financials,0.19,0.16042089022698566,0.02957910977301434
2017-06-01,Health Care,0.12,0.15422034992833536,-0.034220349928335364
2017-06-01,Industrials,0.15,0.18854135426438118,-0.038541354264381184
2017-06-01,Information Technology,0.13,0.15434887657402874,-0.024348876574028733
2017-06-01,Materials,0.04,0.020827907149378756,0.019172092850621245
2017-06-01,Real Estate,0.05,0.027883673452050763,0.02211632654794924
2017-06-01,Utilities,0.06,0.03232740373730156,0.02767259626269844
2017-07-03,Communication Services,0.03,0.03674190576705513,-0.006741905767055134
2017-07-03,Consumer Discretionary,0.14,0.07417130509758652,0.0658286949024135
2017-07-03,Consumer Staples,0.07,0.09029628014458556,-0.020296280144585552
2017-07-03,Energy,0.06,0.05470239240643086,0.005297607593569141
2017-07-03,Financials,0.17,0.1683881560547014,0.0016118439452986189
2017-07-03,Health Care,0.12,0.15916587458073195,-0.03916587458073195
2017-07-03,Industrials,0.15,0.18739313364432297,-0.03739313364432298
2017-07-03,Information Technology,0.11,0.1493596793350039,-0.03935967933500391
2017-07-03,Materials,0.04,0.02084451397936689,0.01915548602063311
2017-07-03,Real Estate,0.05,0.02793163280762912,0.02206836719237088
2017-07-03,Utilities,0.06,0.031005126182585725,0.028994873817414273
2017-08-01,Communication Services,0.02,0.03850411136346727,-0.01850411136346727
2017-08-01,Consumer Discretionary,0.16,0.07380294491492226,0.08619705508507775
2017-08-01,Consumer Staples,0.06,0.08987814101493562,-0.02987814101493562
2017-08-01,Energy,0.05,0.05475467755037853,-0.004754677550378526
2017-08-01,Financials,0.18,0.16916286662525634,0.010837133374743652
2017-08-01,Health Care,0.12,0.15853665134344375,-0.03853665134344375
2017-08-01,Industrials,0.19,0.18292342542097367,0.007076574579026329
2017-08-01,Information Technology,0.11,0.15141101633131446,-0.04141101633131446
2017-08-01,Materials,0.05,0.021632812696398985,0.028367187303601018
2017-08-01,Real Estate,0.04,0.02804817273831543,0.011951827261684572
2017-08-01,Utilities,0.02,0.03134518000059362,-0.011345180000593622
2017-09-01,Communication Services,0.02,0.038234637022939826,-0.018234637022939825
2017-09-01,Consumer Discretionary,0.17,0.07308702760025959,0.09691297239974042
2017-09-01,Consumer Staples,0.05,0.08868130536582901,-0.038681305365829005
2017-09-01,Energy,0.04,0.052825753197249685,-0.012825753197249684
2017-09-01,Financials,0.17,0.16514860793878575,0.004851392061214266
2017-09-01,Health Care,0.12,0.16167174556862265,-0.04167174556862266
2017-09-01,Industrials,0.19,0.17974038115157448,0.010259618848425522
2017-09-01,Information Technology,0.11,0.1572747564593282,-0.0472747564593282
2017-09-01,Materials,0.08,0.021925342579120745,0.05807465742087926
2017-09-01,Real Estate,0.03,0.028843488286671742,0.0011565117133282565
2017-09-01,Utilities,0.02,0.03256695482961835,-0.012566954829618348
2017-10-02,Communication Services,0.04,0.03750275991493546,0.0024972400850645435
2017-10-02,Consumer Discretionary,0.15,0.07364352652717215,0.07635647347282784
2017-10-02,Consumer Staples,0.06,0.0859553147627851,-0.025955314762785106
2017-10-02,Energy,0.05,0.05627130295931736,-0.006271302959317354
2017-10-02,Financials,0.14,0.16955259682988344,-0.029552596829883426
2017-10-02,Health Care,0.13,0.15928299639544902,-0.029282996395449012
2017-10-02,Industrials,0.21,0.18014326600023145,0.029856733999768542
2017-10-02,Information Technology,0.12,0.15595822524226996,-0.035958225242269964
2017-10-02,Materials,0.07,0.02201618015131541,0.04798381984868459
2017-10-02,Real Estate,0.01,0.02872884662751173,-0.01872884662751173
2017-10-02,Utilities,0.02,0.030944984589128956,-0.010944984589128955
2017-11-01,Communication Services,0.02,0.03492596321355991,-0.01492596321355991
2017-11-01,Consumer Discretionary,0.18,0.07495609454278605,0.10504390545721394
2017-11-01,Consumer Staples,0.07,0.08423640237891272,-0.014236402378912716
2017-11-01,Energy,0.03,0.055039423826322674,-0.025039423826322675
2017-11-01,Financials,0.16,0.17327592738766934,-0.013275927387669334
2017-11-01,Health Care,0.12,0.15833431328547118,-0.03833431328547118
2017-11-01,Industrials,0.15,0.16913517690704133,-0.019135176907041335
2017-11-01,Information Technology,0.12,0.16732295156170615,-0.047322951561706156
2017-11-01,Materials,0.08,0.022336642496028045,0.05766335750397196
2017-11-01,Real Estate,0.03,0.028868882296825247,0.001131117703174752
2017-11-01,Utilities,0.04,0.03156822210367729,0.008431777896322712
2017-12-01,Communication Services,0.02,0.03574844206514187,-0.01574844206514187
2017-12-01,Consumer Discretionary,0.17,0.07683571723082756,0.09316428276917245
2017-12-01,Consumer Staples,0.06,0.08636644939514948,-0.026366449395149483
2017-12-01,Energy,0.03,0.054722031025522894,-0.024722031025522895
2017-12-01,Financials,0.21,0.1735582868820571,0.03644171311794289
2017-12-01,Health Care,0.11,0.1591297482569258,-0.0491297482569258
2017-12-01,Industrials,0.13,0.16524163752097043,-0.035241637520970426
2017-12-01,Information Technology,0.13,0.16566036498690276,-0.035660364986902754
2017-12-01,Materials,0.06,0.02208507569128106,0.03791492430871894
2017-12-01,Real Estate,0.03,0.02900684226651661,0.00099315773348339
2017-12-01,Utilities,0.05,0.03164540467870444,0.01835459532129556
2018-01-02,Communication Services,0.02,0.03687321832710137,-0.016873218327101373
2018-01-02,Consumer Discretionary,0.2,0.07791650171701935,0.12208349828298067
2018-01-02,Consumer Staples,0.06,0.08770319670554663,-0.027703196705546634
2018-01-02,Energy,0.03,0.05671668668021057,-0.026716686680210572
2018-01-02,Financials,0.19,0.17485855568079536,0.015141444319204639
2018-01-02,Health Care,0.13,0.15616197893670278,-0.026161978936702773
2018-01-02,Industrials,0.14,0.1651452934105705,-0.02514529341057048
2018-01-02,Information Technology,0.12,0.16406636471037597,-0.04406636471037598
2018-01-02,Materials,0.04,0.02284187943513752,0.017158120564862482
2018-01-02,Real Estate,0.04,0.02841067292939606,0.01158932707060394
2018-01-02,Utilities,0.03,0.029305651467143885,0.0006943485328561143
2018-02-01,Communication Services,0.03,0.03765079890649371,-0.007650798906493714
2018-02-01,Consumer Discretionary,0.19,0.07805194862167596,0.11194805137832405
2018-02-01,Consumer Staples,0.07,0.08482269662920094,-0.014822696629200938
2018-02-01,Energy,0.03,0.05617691839180627,-0.02617691839180627
2018-02-01,Financials,0.14,0.1775690830385948,-0.0375690830385948
2018-02-01,Health Care,0.13,0.15939235445018274,-0.029392354450182734
2018-02-01,Industrials,0.16,0.16159710905435204,-0.001597109054352036
2018-02-01,Information Technology,0.13,0.1686623217690922,-0.038662321769092206
2018-02-01,Materials,0.05,0.022409998310877935,0.027590001689122068
2018-02-01,Real Estate,0.04,0.02677293394706434,0.013227066052935662
2018-02-01,Utilities,0.03,0.026893836880659,0.0031061631193409975
2018-03-01,Communication Services,0.02,0.03639615868491739,-0.01639615868491739
2018-03-01,Consumer Discretionary,0.15,0.07701876342165721,0.07298123657834278
2018-03-01,Consumer Staples,0.05,0.08191962326667207,-0.03191962326667207
2018-03-01,Energy,0.03,0.05262021850132552,-0.02262021850132552
2018-03-01,Financials,0.16,0.17901883476912897,-0.019018834769128967
2018-03-01,Health Care,0.15,0.15963654978210434,-0.009636549782104348
2018-03-01,Industrials,0.15,0.1594497719830437,-0.009449771983043698
2018-03-01,Information Technology,0.13,0.17819669577038671,-0.04819669577038671
2018-03-01,Materials,0.06,0.022268952108291613,0.037731047891708384
2018-03-01,Real Estate,0.03,0.02631727960158071,0.0036827203984192876
2018-03-01,Utilities,0.07,0.027157152110891678,0.04284284788910833
2018-04-02,Communication Services,0.02,0.036014460815005284,-0.016014460815005283
2018-04-02,Consumer Discretionary,0.14,0.0758016777335168,0.06419832226648321
2018-04-02,Consumer Staples,0.05,0.08137553020553202,-0.03137553020553202
2018-04-02,Energy,0.03,0.053520045893169645,-0.023520045893169646
2018-04-02,Financials,0.15,0.1718147603652285,-0.021814760365228503
2018-04-02,Health Care,0.13,0.17287227026357935,-0.04287227026357934
2018-04-02,Industrials,0.17,0.15524522134469995,0.01475477865530006
2018-04-02,Information Technology,0.15,0.17552211913260593,-0.025522119132605936
2018-04-02,Materials,0.04,0.02191565556468617,0.018084344435313832
2018-04-02,Real Estate,0.04,0.027624093270016917,0.012375906729983083
2018-04-02,Utilities,0.08,0.028294165411959376,0.05170583458804062
2018-05-01,Communication Services,0.04,0.03455250195449627,0.005447498045503728
2018-05-01,Consumer Discretionary,0.13,0.07717747929748571,0.052822520702514295
2018-05-01,Consumer Staples,0.04,0.0776272906160181,-0.0376272906160181
2018-05-01,Energy,0.04,0.05818611252308676,-0.01818611252308676
2018-05-01,Financials,0.13,0.17306493484748664,-0.043064934847486636
2018-05-01,Health Care,0.12,0.1718130207641094,-0.0518130207641094
2018-05-01,Industrials,0.18,0.15370484079223656,0.02629515920776343
2018-05-01,Information Technology,0.15,0.175517163294984,-0.02551716329498402
2018-05-01,Materials,0.06,0.02180212343087714,0.03819787656912286
2018-05-01,Real Estate,0.04,0.02745094673079952,0.012549053269200482
2018-05-01,Utilities,0.07,0.02910358574841988,0.040896414251580124
2018-06-01,Communication Services,0.03,0.03477814166569165,-0.004778141665691654
2018-06-01,Consumer Discretionary,0.14,0.07669196947679933,0.06330803052320068
2018-06-01,Consumer Staples,0.08,0.07513805258526544,0.004861947414734558
2018-06-01,Energy,0.06,0.05914896029421774,0.0008510397057822569
2018-06-01,Financials,0.14,0.1706177759939922,-0.03061777599399218
2018-06-01,Health Care,0.13,0.16952923256402233,-0.039529232564022326
2018-06-01,Industrials,0.19,0.1546472239770663,0.03535277602293371
2018-06-01,Information Technology,0.1,0.18197622653763912,-0.08197622653763911
2018-06-01,Materials,0.04,0.02167133123846767,0.01832866876153233
2018-06-01,Real Estate,0.03,0.027567765457882632,0.0024322345421173668
2018-06-01,Utilities,0.06,0.02823332020895562,0.031766679791044375
2018-07-02,Communication Services,0.03,0.036769060246760125,-0.006769060246760127
2018-07-02,Consumer Discretionary,0.12,0.07676358317062772,0.04323641682937228
2018-07-02,Consumer Staples,0.09,0.07965505208917137,0.010344947910828628
2018-07-02,Energy,0.05,0.05935168248095748,-0.009351682480957475
2018-07-02,Financials,0.14,0.16909519315780658,-0.029095193157806565
2018-07-02,Health Care,0.14,0.16721620151872166,-0.027216201518721644
2018-07-02,Industrials,0.2,0.15139867274882574,0.048601327251174276
2018-07-02,Information Technology,0.12,0.18000086275628782,-0.060000862756287826
2018-07-02,Materials,0.03,0.02172882415974705,0.00827117584025295
2018-07-02,Real Estate,0.02,0.028913365688971078,-0.008913365688971078
2018-07-02,Utilities,0.06,0.02910750198212351,0.03089249801787649
2018-08-01,Communication Services,0.03,0.03567076433734787,-0.005670764337347874
2018-08-01,Consumer Discretionary,0.12,0.074869684463864,0.045130315536136
2018-08-01,Consumer Staples,0.08,0.07996756126301854,3.2438736981457716e-05
2018-08-01,Energy,0.04,0.05773402774519377,-0.017734027745193767
2018-08-01,Financials,0.11,0.1701591674395295,-0.060159167439529496
2018-08-01,Health Care,0.15,0.17124782816580353,-0.021247828165803534
2018-08-01,Industrials,0.22,0.1530994207289514,0.06690057927104859
2018-08-01,Information Technology,0.13,0.17943596054845168,-0.049435960548451674
2018-08-01,Materials,0.05,0.021153596062791852,0.02884640393720815
2018-08-01,Real Estate,0.01,0.028026255109411372,-0.018026255109411374
2018-08-01,Utilities,0.06,0.028635734135636366,0.03136426586436363
2018-09-04,Communication Services,0.04,0.02154031179500686,0.018459688204993142
2018-09-04,Consumer Discretionary,0.15,0.46108743344917696,-0.311087433449177
2018-09-04,Consumer Staples,0.08,0.04554633814296753,0.03445366185703247
2018-09-04,Energy,0.04,0.03185377527731536,0.008146224722684642
2018-09-04,Financials,0.13,0.09775107541515318,0.03224892458484682
2018-09-04,Health Care,0.14,0.10233061633377066,0.03766938366622935
2018-09-04,Industrials,0.17,0.08645452376077307,0.08354547623922694
2018-09-04,Information Technology,0.15,0.10842893308062193,0.041571066919378064
2018-09-04,Materials,0.04,0.011873819834556399,0.028126180165443604
2018-09-04,Real Estate,0.0,0.016262890626547767,-0.016262890626547767
2018-09-04,Utilities,0.06,0.016870282284110426,0.04312971771588957
2018-10-01,Communication Services,0.03,0.0213881368406712,0.008611863159328798
2018-10-01,Consumer Discretionary,0.17,0.46904412606915674,-0.29904412606915676
2018-10-01,Consumer Staples,0.07,0.045108072162258636,0.02489192783774137
2018-10-01,Energy,0.04,0.03212247857285384,0.007877521427146164
2018-10-01,Financials,0.11,0.09372890781850744,0.016271092181492558
2018-10-01,Health Care,0.13,0.1028283533253075,0.027171646674692504
2018-10-01,Industrials,0.21,0.08490928379801005,0.12509071620198994
2018-10-01,Information Technology,0.13,0.10704497804653182,0.022955021953468185
2018-10-01,Materials,0.05,0.011719955698335026,0.03828004430166498
2018-10-01,Real Estate,0.01,0.015589496967407602,-0.005589496967407601
2018-10-01,Utilities,0.05,0.01651621070096017,0.033483789299039834
2018-11-01,Communication Services,0.04,0.0223138360837654,0.0176861639162346
2018-11-01,Consumer Discretionary,0.13,0.47119283821525026,-0.34119283821525026
2018-11-01,Consumer Staples,0.09,0.04896440356478112,0.041035596435218875
2018-11-01,Energy,0.04,0.03063377722614791,0.00936622277385209
2018-11-01,Financials,0.09,0.09463043948229098,-0.004630439482290985
2018-11-01,Health Care,0.16,0.10101316989665819,0.05898683010334181
2018-11-01,Industrials,0.2,0.08076032251327901,0.119239677486721
2018-11-01,Information Technology,0.12,0.10444869483261775,0.015551305167382248
2018-11-01,Materials,0.05,0.011522635822898433,0.03847736417710157
2018-11-01,Real Estate,0.02,0.0165077524841802,0.0034922475158198005
2018-11-01,Utilities,0.06,0.018012129878130705,0.04198787012186929
2018-12-03,Communication Services,0.04,0.0222567824810727,0.017743217518927303
2018-12-03,Consumer Discretionary,0.17,0.465892992709845,-0.29589299270984504
2018-12-03,Consumer Staples,0.08,0.04887010908222615,0.03112989091777385
2018-12-03,Energy,0.01,0.030192204506883195,-0.020192204506883193
2018-12-03,Financials,0.11,0.09488088504415355,0.015119114955846447
2018-12-03,Health Care,0.15,0.1057660893141266,0.0442339106858734
2018-12-03,Industrials,0.19,0.07820553974578486,0.11179446025421515
2018-12-03,Information Technology,0.09,0.10370231843170569,-0.01370231843170569
2018-12-03,Materials,0.07,0.014786191012790937,0.05521380898720907
2018-12-03,Real Estate,0.02,0.017158718440235872,0.0028412815597641285
2018-12-03,Utilities,0.07,0.01828816923117522,0.05171183076882478
2019-01-02,Communication Services,0.05,0.021752114021357457,0.028247885978642546
2019-01-02,Consumer Discretionary,0.15,0.478061222915686,-0.32806122291568596
2019-01-02,Consumer Staples,0.06,0.04869649033832102,0.011303509661678979
2019-01-02,Energy,0.03,0.028870713536609992,0.001129286463390007
2019-01-02,Financials,0.11,0.09040215818937458,0.01959784181062542
2019-01-02,Health Care,0.15,0.10371510019365421,0.046284899806345786
2019-01-02,Industrials,0.19,0.07614970547370084,0.11385029452629916
2019-01-02,Information Technology,0.1,0.10114194989915636,-0.0011419498991563498
2019-01-02,Materials,0.06,0.015248548122932151,0.04475145187706785
2019-01-02,Real Estate,0.03,0.017151965183726116,0.012848034816273883
2019-01-02,Utilities,0.07,0.018810032125481276,0.05118996787451873
2019-02-01,Communication Services,0.04,0.021402604773688143,0.018597395226311857
2019-02-01,Consumer Discretionary,0.19,0.4800232140906412,-0.2900232140906412
2019-02-01,Consumer Staples,0.08,0.047237868203890816,0.032762131796109185
2019-02-01,Energy,0.05,0.029345966543971848,0.020654033456028155
2019-02-01,Financials,0.14,0.09126112029293365,0.04873887970706636
2019-02-01,Health Care,0.13,0.10097385542037582,0.029026144579624186
2019-02-01,Industrials,0.15,0.08022938847274098,0.06977061152725901
2019-02-01,Information Technology,0.09,0.09938579935930607,-0.009385799359306071
2019-02-01,Materials,0.05,0.01498220760735074,0.035017792392649266
2019-02-01,Real Estate,0.03,0.017480275843370197,0.012519724156629802
2019-02-01,Utilities,0.05,0.01767769939173047,0.03232230060826953
2019-03-01,Communication Services,0.05,0.03738874425903645,0.012611255740963556
2019-03-01,Consumer Discretionary,0.13,0.07586189356121824,0.054138106438781766
2019-03-01,Consumer Staples,0.09,0.08164300090159551,0.008356999098404483
2019-03-01,Energy,0.06,0.051763474306102404,0.008236525693897594
2019-03-01,Financials,0.11,0.1589849004670587,-0.04898490046705871
2019-03-01,Health Care,0.14,0.1788386495824405,-0.03883864958244049
2019-03-01,Industrials,0.2,0.144854003294648,0.055145996705352
2019-03-01,Information Technology,0.08,0.18093047019501324,-0.10093047019501324
2019-03-01,Materials,0.06,0.026681279108789105,0.03331872089121089
2019-03-01,Real Estate,0.03,0.03041473814852566,-0.0004147381485256618
2019-03-01,Utilities,0.05,0.032638846175572125,0.017361153824427877
2019-04-01,Communication Services,0.05,0.03792099653772414,0.012079003462275861
2019-04-01,Consumer Discretionary,0.12,0.07650346058299226,0.043496539417007735
2019-04-01,Consumer Staples,0.07,0.0846103323226934,-0.01461033232269339
2019-04-01,Energy,0.06,0.05216160136757645,0.007838398632423547
2019-04-01,Financials,0.14,0.1546305095239683,-0.0146305095239683
2019-04-01,Health Care,0.11,0.17617830107329116,-0.06617830107329116
2019-04-01,Industrials,0.2,0.14099780458291436,0.05900219541708565
2019-04-01,Information Technology,0.1,0.18515632533335427,-0.08515632533335427
2019-04-01,Materials,0.08,0.026776141117100666,0.053223858882899336
2019-04-01,Real Estate,0.02,0.03180964274072872,-0.01180964274072872
2019-04-01,Utilities,0.05,0.033254884817656274,0.01674511518234373
2019-05-01,Communication Services,0.04,0.037386811531366776,0.002613188468633225
2019-05-01,Consumer Discretionary,0.15,0.07748242703457264,0.07251757296542735
2019-05-01,Consumer Staples,0.1,0.08430685447155876,0.01569314552844124
2019-05-01,Energy,0.06,0.049778671943240586,0.010221328056759411
2019-05-01,Financials,0.16,0.16164013134223942,-0.0016401313422394204
2019-05-01,Health Care,0.12,0.16585050187815364,-0.04585050187815365
2019-05-01,Industrials,0.17,0.14135592269912142,0.02864407730087859
2019-05-01,Information Technology,0.08,0.19169288002547039,-0.11169288002547038
2019-05-01,Materials,0.05,0.027065545084655893,0.02293445491534411
2019-05-01,Real Estate,0.03,0.030909351000274424,-0.0009093510002744255
2019-05-01,Utilities,0.04,0.03253090298934621,0.007469097010653791
2019-06-03,Communication Services,0.03,0.052582351964538226,-0.022582351964538228
2019-06-03,Consumer Discretionary,0.14,0.07493459068326978,0.06506540931673023
2019-06-03,Consumer Staples,0.09,0.08534525915940538,0.004654740840594612
2019-06-03,Energy,0.03,0.046349414356003094,-0.016349414356003095
2019-06-03,Financials,0.19,0.1584032636554844,0.0315967363445156
2019-06-03,Health Care,0.11,0.16941211041667872,-0.05941211041667872
2019-06-03,Industrials,0.2,0.13659339967510245,0.06340660032489756
2019-06-03,Information Technology,0.14,0.18261008279118637,-0.04261008279118636
2019-06-03,Materials,0.04,0.026963059303063672,0.013036940696936328
2019-06-03,Real Estate,0.0,0.03312416236855144,-0.03312416236855144
2019-06-03,Utilities,0.03,0.033682305626716355,-0.003682305626716356
2019-07-01,Communication Services,0.030000000000000006,0.05157999297524794,-0.021579992975247937
2019-07-01,Consumer Discretionary,0.12000000000000002,0.07497424194971203,0.045025758050287995
2019-07-01,Consumer Staples,0.10000000000000002,0.08344453023149713,0.01655546976850289
2019-07-01,Energy,0.04000000000000001,0.04727186133049028,-0.0072718613304902716
2019-07-01,Financials,0.19000000000000003,0.15659154052173374,0.03340845947826629
2019-07-01,Health Care,0.12000000000000002,0.16774906257316258,-0.047749062573162554
2019-07-01,Industrials,0.19000000000000003,0.1375378590555412,0.052462140944458835
2019-07-01,Information Technology,0.13000000000000003,0.18523805488938488,-0.05523805488938485
2019-07-01,Materials,0.04000000000000001,0.03173685690186279,0.008263143098137221
2019-07-01,Real Estate,0.0,0.03151984484705446,-0.03151984484705446
2019-07-01,Utilities,0.04000000000000001,0.032356154724312906,0.007643845275687101
2019-08-01,Communication Services,0.03,0.05542413516469065,-0.02542413516469065
2019-08-01,Consumer Discretionary,0.13,0.07550925591187643,0.05449074408812357
2019-08-01,Consumer Staples,0.09,0.08443777166943266,0.00556222833056734
2019-08-01,Energy,0.04,0.045833626717693796,-0.005833626717693795
2019-08-01,Financials,0.2,0.1595488457640235,0.040451154235976505
2019-08-01,Health Care,0.11,0.16200352188984085,-0.05200352188984085
2019-08-01,Industrials,0.19,0.13604932549504886,0.05395067450495114
2019-08-01,Information Technology,0.14,0.1866711771942268,-0.04667117719422678
2019-08-01,Materials,0.04,0.03099929500370225,0.009000704996297751
2019-08-01,Real Estate,0.0,0.03171062650434733,-0.03171062650434733
2019-08-01,Utilities,0.03,0.03181241868511695,-0.0018124186851169524
2019-09-03,Communication Services,0.04,0.05708351702350433,-0.01708351702350433
2019-09-03,Consumer Discretionary,0.13,0.07621653118044604,0.05378346881955397
2019-09-03,Consumer Staples,0.11,0.08857582593606489,0.02142417406393511
2019-09-03,Energy,0.05,0.04304897512615939,0.006951024873840611
2019-09-03,Financials,0.17,0.15687474330139844,0.013125256698601567
2019-09-03,Health Care,0.08,0.1600081119967224,-0.0800081119967224
2019-09-03,Industrials,0.19,0.1337615681896297,0.056238431810370304
2019-09-03,Information Technology,0.14,0.18729773229839364,-0.047297732298393624
2019-09-03,Materials,0.05,0.028433027903309274,0.02156697209669073
2019-09-03,Real Estate,0.02,0.03449914794324524,-0.01449914794324524
2019-09-03,Utilities,0.02,0.03420081910112664,-0.014200819101126642
2019-10-01,Communication Services,0.04,0.056220855966028986,-0.016220855966028985
2019-10-01,Consumer Discretionary,0.15,0.07615184505522161,0.07384815494477838
2019-10-01,Consumer Staples,0.09,0.0880295461557295,0.0019704538442704977
2019-10-01,Energy,0.05,0.043680904471440116,0.006319095528559887
2019-10-01,Financials,0.19,0.1580997879386252,0.031900212061374805
2019-10-01,Health Care,0.09,0.15526604329583474,-0.06526604329583474
2019-10-01,Industrials,0.19,0.1351407875407511,0.05485921245924891
2019-10-01,Information Technology,0.12,0.18685102354745334,-0.06685102354745334
2019-10-01,Materials,0.06,0.03201984890842243,0.027980151091577567
2019-10-01,Real Estate,0.0,0.03382096549638003,-0.03382096549638003
2019-10-01,Utilities,0.02,0.03471839162411293,-0.014718391624112929
2019-11-01,Communication Services,0.05,0.05676611024901872,-0.006766110249018714
2019-11-01,Consumer Discretionary,0.15,0.07639483334129532,0.07360516665870467
2019-11-01,Consumer Staples,0.08,0.08663248301114738,-0.006632483011147383
2019-11-01,Energy,0.06,0.04200680163387338,0.017993198366126617
2019-11-01,Financials,0.16,0.15956705465340254,0.0004329453465974631
2019-11-01,Health Care,0.07,0.15748622497483714,-0.08748622497483713
2019-11-01,Industrials,0.18,0.13503419797890007,0.044965802021099927
2019-11-01,Information Technology,0.13,0.18748845992418628,-0.057488459924186275
2019-11-01,Materials,0.06,0.03145814507457657,0.02854185492542343
2019-11-01,Real Estate,0.02,0.03323699743433083,-0.013236997434330832
2019-11-01,Utilities,0.04,0.03392869172443174,0.00607130827556826
2019-12-02,Communication Services,0.04,0.05640464403408782,-0.01640464403408782
2019-12-02,Consumer Discretionary,0.13,0.07519328211952411,0.05480671788047589
2019-12-02,Consumer Staples,0.07,0.08359505593710699,-0.013595055937106984
2019-12-02,Energy,0.06,0.041223045577358744,0.018776954422641254
2019-12-02,Financials,0.15,0.16130408232637472,-0.011304082326374726
2019-12-02,Health Care,0.07,0.16158866202557812,-0.09158866202557811
2019-12-02,Industrials,0.19,0.13663844293110747,0.053361557068892534
2019-12-02,Information Technology,0.15,0.18966778142994276,-0.03966778142994276
2019-12-02,Materials,0.1,0.031168279928685365,0.06883172007131463
2019-12-02,Real Estate,0.02,0.03125643135312839,-0.011256431353128388
2019-12-02,Utilities,0.02,0.031960292337105504,-0.011960292337105504
2020-01-02,Communication Services,0.04,0.05617296748094254,-0.01617296748094254
2020-01-02,Consumer Discretionary,0.15,0.07512675024057303,0.07487324975942697
2020-01-02,Consumer Staples,0.06,0.08316001961189844,-0.02316001961189844
2020-01-02,Energy,0.06,0.04210639228472058,0.017893607715279418
2020-01-02,Financials,0.14,0.16031711213651592,-0.020317112136515908
2020-01-02,Health Care,0.09,0.1637027855539446,-0.0737027855539446
2020-01-02,Industrials,0.19,0.13259377167092917,0.05740622832907083
2020-01-02,Information Technology,0.14,0.1925545684619007,-0.05255456846190068
2020-01-02,Materials,0.09,0.0312572589160753,0.058742741083924695
2020-01-02,Real Estate,0.01,0.030861985094009014,-0.020861985094009015
2020-01-02,Utilities,0.03,0.03214638854849064,-0.002146388548490641
2020-02-03,Communication Services,0.04999999999999999,0.056058859463595775,-0.0060588594635957865
2020-02-03,Consumer Discretionary,0.13999999999999999,0.07392723266011476,0.06607276733988522
2020-02-03,Consumer Staples,0.04999999999999999,0.08375521665085138,-0.03375521665085139
2020-02-03,Energy,0.05999999999999999,0.03771423184264822,0.022285768157351768
2020-02-03,Financials,0.14999999999999997,0.1582593175924362,-0.008259317592436227
2020-02-03,Health Care,0.11999999999999998,0.15992437230672027,-0.03992437230672029
2020-02-03,Industrials,0.17999999999999997,0.13424385768825908,0.04575614231174088
2020-02-03,Information Technology,0.14999999999999997,0.20036927865655885,-0.05036927865655888
2020-02-03,Materials,0.05999999999999999,0.029894757499426432,0.03010524250057356
2020-02-03,Real Estate,0.009999999999999998,0.03161016554934938,-0.021610165549349383
2020-02-03,Utilities,0.029999999999999995,0.03424271009003966,-0.0042427100900396635
2020-03-02,Communication Services,0.04,5.2638621319131974e-05,0.03994736137868087
2020-03-02,Consumer Discretionary,0.12,6.848899305612782e-05,0.11993151100694387
2020-03-02,Consumer Staples,0.08,7.851165543913453e-05,0.07992148834456086
2020-03-02,Energy,0.05,3.256546498534125e-05,0.04996743453501466
2020-03-02,Financials,0.15,0.00014153679413516485,0.14985846320586482
2020-03-02,Health Care,0.1,0.00015362251569664466,0.09984637748430336
2020-03-02,Industrials,0.19,0.00012273236041448668,0.1898772676395855
2020-03-02,Information Technology,0.13,0.00019005308305135665,0.12980994691694864
2020-03-02,Materials,0.07,2.7751487767405966e-05,0.0699722485122326
2020-03-02,Real Estate,0.03,3.0785397842002185e-05,0.029969214602157998
2020-03-02,Utilities,0.04,0.9991013136262933,-0.9591013136262933
2020-04-01,Communication Services,0.02,5.635251501342581e-05,0.019943647484986574
2020-04-01,Consumer Discretionary,0.11,6.292108948084589e-05,0.10993707891051915
2020-04-01,Consumer Staples,0.09,8.986987673721747e-05,0.08991013012326278
2020-04-01,Energy,0.04,2.585582301774373e-05,0.03997414417698226
2020-04-01,Financials,0.14,0.0001357669721317449,0.13986423302786827
2020-04-01,Health Care,0.14,0.00017962067750671836,0.1398203793224933
2020-04-01,Industrials,0.16,0.00011841235297896799,0.15988158764702104
2020-04-01,Information Technology,0.12,0.00021311145021280596,0.1197868885497872
2020-04-01,Materials,0.08,3.001996212489824e-05,0.0799699800378751
2020-04-01,Real Estate,0.07,3.276617951611974e-05,0.06996723382048389
2020-04-01,Utilities,0.03,0.9990553031012795,-0.9690553031012795
2020-05-01,Communication Services,0.05,0.05686365463281862,-0.006863654632818614
2020-05-01,Consumer Discretionary,0.1,0.06781752671252492,0.03218247328747509
2020-05-01,Consumer Staples,0.08,0.0886629597809665,-0.008662959780966498
2020-05-01,Energy,0.07,0.03060238907447083,0.03939761092552918
2020-05-01,Financials,0.15,0.13886286468591763,0.011137135314082364
2020-05-01,Health Care,0.13,0.18543665351754957,-0.05543665351754956
2020-05-01,Industrials,0.19,0.11353229095216286,0.07646770904783715
2020-05-01,Information Technology,0.11,0.22129712536256602,-0.11129712536256602
2020-05-01,Materials,0.06,0.031420599095347626,0.02857940090465237
2020-05-01,Real Estate,0.04,0.0327524488062497,0.0072475511937502984
2020-05-01,Utilities,0.02,0.03275148737942574,-0.012751487379425736
2020-06-01,Communication Services,0.03,6.139333548943616e-05,0.029938606664510564
2020-06-01,Consumer Discretionary,0.13,7.284991673964949e-05,0.12992715008326036
2020-06-01,Consumer Staples,0.09,8.893583499711953e-05,0.08991106416500287
2020-06-01,Energy,0.06,3.071728262660442e-05,0.059969282717373396
2020-06-01,Financials,0.17,0.9991110914473702,-0.8291110914473702
2020-06-01,Health Care,0.08,0.00018916627966767747,0.07981083372033232
2020-06-01,Industrials,0.19,0.00011611316557044508,0.18988388683442955
2020-06-01,Information Technology,0.14,0.0002286938221857075,0.1397713061778143
2020-06-01,Materials,0.04,3.397173695220092e-05,0.0399660282630478
2020-06-01,Real Estate,0.05,3.36538899008316e-05,0.049966346110099175
2020-06-01,Utilities,0.02,3.341328850004637e-05,0.019966586711499954
2020-07-01,Communication Services,0.03,5.784614357399325e-05,0.029942153856426006
2020-07-01,Consumer Discretionary,0.14,7.041789791232636e-05,0.1399295821020877
2020-07-01,Consumer Staples,0.09,8.53125353372454e-05,0.08991468746466275
2020-07-01,Energy,0.04,2.9164263948540962e-05,0.03997083573605146
2020-07-01,Financials,0.16,0.9991303958185779,-0.8391303958185778
2020-07-01,Health Care,0.09,0.0001779697484512913,0.08982203025154871
2020-07-01,Industrials,0.18,0.00011416942557990065,0.1798858305744201
2020-07-01,Information Technology,0.15,0.00023795788190050527,0.1497620421180995
2020-07-01,Materials,0.04,3.3371837511911855e-05,0.03996662816248809
2020-07-01,Real Estate,0.06,3.2656456523486854e-05,0.05996734354347651
2020-07-01,Utilities,0.02,3.07379906830022e-05,0.019969262009316997
2020-08-03,Communication Services,0.030000000000000006,5.470055649997203e-05,0.029945299443500033
2020-08-03,Consumer Discretionary,0.15000000000000002,6.650790754956624e-05,0.14993349209245047
2020-08-03,Consumer Staples,0.06000000000000001,8.202477603423253e-05,0.05991797522396578
2020-08-03,Energy,0.010000000000000002,2.469908409746599e-05,0.009975300915902536
2020-08-03,Financials,0.18000000000000005,0.9991836687450749,-0.8191836687450749
2020-08-03,Health Care,0.09000000000000002,0.00016975995886615302,0.08983024004113387
2020-08-03,Industrials,0.21000000000000005,0.00010603729647048553,0.20989396270352956
2020-08-03,Information Technology,0.14,0.00022033392067637183,0.13977966607932363
2020-08-03,Materials,0.030000000000000006,3.195629505705721e-05,0.029968043704942948
2020-08-03,Real Estate,0.08000000000000002,3.079875615201125e-05,0.079969201243848
2020-08-03,Utilities,0.020000000000000004,2.9512703521304043e-05,0.0199704872964787
2020-09-01,Communication Services,0.03,6.01709056990746e-05,0.029939829094300926
2020-09-01,Consumer Discretionary,0.17,7.585201475708973e-05,0.1699241479852429
2020-09-01,Consumer Staples,0.05,8.818676557613246e-05,0.04991181323442387
2020-09-01,Energy,0.03,2.4969758075484115e-05,0.029975030241924515
2020-09-01,Financials,0.18,0.9991117444414563,-0.8191117444414564
2020-09-01,Health Care,0.11,0.0001796510460916689,0.10982034895390833
2020-09-01,Industrials,0.19,0.00011727155936706723,0.18988272844063295
2020-09-01,Information Technology,0.15,0.0002474564266526293,0.14975254357334736
2020-09-01,Materials,0.02,3.4054729498013425e-05,0.019965945270501988
2020-09-01,Real Estate,0.04,3.136424115395303e-05,0.03996863575884605
2020-09-01,Utilities,0.03,2.927811167221243e-05,0.029970721888327785
2020-10-01,Communication Services,0.04,5.7943215848526604e-05,0.039942056784151476
2020-10-01,Consumer Discretionary,0.15,7.38129930927133e-05,0.14992618700690727
2020-10-01,Consumer Staples,0.06,8.676958014942196e-05,0.059913230419850576
2020-10-01,Energy,0.02,2.1210829829834393e-05,0.019978789170170166
2020-10-01,Financials,0.17,0.9991413443926281,-0.8291413443926281
2020-10-01,Health Care,0.1,0.0001749819365620478,0.09982501806343796
2020-10-01,Industrials,0.22,0.00011604611944444861,0.21988395388055557
2020-10-01,Information Technology,0.13,0.00023357525470887096,0.12976642474529113
2020-10-01,Materials,0.04,3.419545558809399e-05,0.039965804544411905
2020-10-01,Real Estate,0.03,3.0583544597936356e-05,0.029969416455402062
2020-10-01,Utilities,0.04,2.9536677549942987e-05,0.03997046332245006
2020-11-02,Communication Services,0.03,0.05400716334017408,-0.02400716334017408
2020-11-02,Consumer Discretionary,0.16,0.0711145135358942,0.08888548646410581
2020-11-02,Consumer Staples,0.07,0.08150222997310526,-0.011502229973105252
2020-11-02,Energy,0.03,0.01955041483537001,0.010449585164629988
2020-11-02,Financials,0.16,0.12261083041298142,0.037389169587018586
2020-11-02,Health Care,0.1,0.16284322918405106,-0.06284322918405105
2020-11-02,Industrials,0.2,0.11297342487436053,0.08702657512563948
2020-11-02,Information Technology,0.14,0.2842996994871421,-0.1442996994871421
2020-11-02,Materials,0.04,0.032530621406547534,0.0074693785934524665
2020-11-02,Real Estate,0.04,0.028666976406680842,0.011333023593319159
2020-11-02,Utilities,0.03,0.0299008965436929,9.910345630709944e-05
2020-12-01,Communication Services,0.03,0.055290602394561454,-0.025290602394561455
2020-12-01,Consumer Discretionary,0.14,0.07065120877425306,0.06934879122574696
2020-12-01,Consumer Staples,0.06,0.0784041631429118,-0.01840416314291181
2020-12-01,Energy,0.03,0.02239184850031389,0.007608151499686109
2020-12-01,Financials,0.17,0.12945849124043085,0.04054150875956916
2020-12-01,Health Care,0.1,0.1570790279428282,-0.05707902794282818
2020-12-01,Industrials,0.2,0.12000012953874592,0.07999987046125409
2020-12-01,Information Technology,0.14,0.280026465641177,-0.140026465641177
2020-12-01,Materials,0.05,0.03271799171868167,0.01728200828131833
2020-12-01,Real Estate,0.04,0.027183136188630743,0.012816863811369258
2020-12-01,Utilities,0.04,0.02679693491746551,0.01320306508253449
2021-01-04,Communication Services,0.03,0.0556620927054815,-0.025662092705481504
2021-01-04,Consumer Discretionary,0.14,0.07826745704491675,0.061732542955083264
2021-01-04,Consumer Staples,0.05,0.0754092250838973,-0.0254092250838973
2021-01-04,Energy,0.04,0.022101510799221184,0.017898489200778817
2021-01-04,Financials,0.17,0.13099925601154414,0.03900074398845588
2021-01-04,Health Care,0.08,0.15437515495583923,-0.07437515495583923
2021-01-04,Industrials,0.19,0.11637044075127573,0.07362955924872427
2021-01-04,Information Technology,0.15,0.2833213311019589,-0.1333213311019589
2021-01-04,Materials,0.05,0.03184734521796431,0.01815265478203569
2021-01-04,Real Estate,0.05,0.026141175165157418,0.023858824834842585
2021-01-04,Utilities,0.05,0.025505011162743497,0.024494988837256506
2021-02-01,Communication Services,0.030000000000000006,0.03080344663772524,-0.0008034466377252331
2021-02-01,Consumer Discretionary,0.16000000000000003,0.47405683199608595,-0.3140568319960859
2021-02-01,Consumer Staples,0.05000000000000001,0.04107909624745889,0.00892090375254112
2021-02-01,Energy,0.030000000000000006,0.013273149215782017,0.01672685078421799
2021-02-01,Financials,0.19000000000000003,0.0734088870047384,0.11659111299526163
2021-02-01,Health Care,0.09000000000000002,0.09058895567784458,-0.0005889556778445604
2021-02-01,Industrials,0.15000000000000002,0.06469027189770933,0.08530972810229069
2021-02-01,Information Technology,0.16000000000000003,0.1646706051897172,-0.004670605189717181
2021-02-01,Materials,0.06000000000000001,0.01782974608791819,0.04217025391208182
2021-02-01,Real Estate,0.030000000000000006,0.01511497205463269,0.014885027945367316
2021-02-01,Utilities,0.05000000000000001,0.014484037990387532,0.035515962009612476
2021-03-01,Communication Services,0.03,0.02669191607932561,0.0033080839206743873
2021-03-01,Consumer Discretionary,0.12,0.548125350113675,-0.42812535011367503
2021-03-01,Consumer Staples,0.07,0.03342396391427073,0.03657603608572928
2021-03-01,Energy,0.04,0.013951137374039099,0.0260488626259609
2021-03-01,Financials,0.14,0.0684086057065722,0.07159139429342781
2021-03-01,Health Care,0.08,0.07346053259870561,0.006539467401294394
2021-03-01,Industrials,0.25,0.05849406717211661,0.1915059328278834
2021-03-01,Information Technology,0.12,0.13574712169095615,-0.015747121690956156
2021-03-01,Materials,0.07,0.015670692540526648,0.054329307459473355
2021-03-01,Real Estate,0.04,0.01265493761939639,0.02734506238060361
2021-03-01,Utilities,0.04,0.013371675190415846,0.026628324809584155
2021-04-01,Communication Services,0.03,0.026579361164303695,0.003420638835696304
2021-04-01,Consumer Discretionary,0.12,0.5350396858960128,-0.4150396858960128
2021-04-01,Consumer Staples,0.07,0.03533555350022368,0.034664446499776326
2021-04-01,Energy,0.03,0.014058142831775818,0.01594185716822418
2021-04-01,Financials,0.15,0.06966437045306713,0.08033562954693287
2021-04-01,Health Care,0.11,0.07520661068399366,0.03479338931600634
2021-04-01,Industrials,0.23,0.06342023540808582,0.1665797645919142
2021-04-01,Information Technology,0.13,0.13661662425342946,-0.0066166242534294595
2021-04-01,Materials,0.06,0.01640940817172927,0.04359059182827073
2021-04-01,Real Estate,0.04,0.013252606103075912,0.02674739389692409
2021-04-01,Utilities,0.03,0.014417401534302826,0.015582598465697173
2021-05-03,Communication Services,0.05,0.05253418301956116,-0.0025341830195611606
2021-05-03,Consumer Discretionary,0.1,0.08073240897119316,0.019267591028806846
2021-05-03,Consumer Staples,0.06,0.06828865785852072,-0.008288657858520718
2021-05-03,Energy,0.02,0.026737010998789466,-0.006737010998789466
2021-05-03,Financials,0.2,0.14005416829639222,0.05994583170360779
2021-05-03,Health Care,0.1,0.1475200353976374,-0.047520035397637383
2021-05-03,Industrials,0.2,0.12265438495394405,0.07734561504605596
2021-05-03,Information Technology,0.16,0.271572725397177,-0.11157272539717697
2021-05-03,Materials,0.07,0.03430292819462795,0.03569707180537206
2021-05-03,Real Estate,0.02,0.027192450360622886,-0.007192450360622885
2021-05-03,Utilities,0.02,0.028411046551534015,-0.008411046551534015
2021-06-01,Communication Services,0.04,0.05191181030968032,-0.011911810309680318
2021-06-01,Consumer Discretionary,0.11,0.07847931936211143,0.03152068063788857
2021-06-01,Consumer Staples,0.07,0.06875612479514001,0.0012438752048599955
2021-06-01,Energy,0.05,0.028261104979754988,0.021738895020245015
2021-06-01,Financials,0.16,0.1424417441869505,0.01755825581304951
2021-06-01,Health Care,0.1,0.1493474999742996,-0.0493474999742996
2021-06-01,Industrials,0.19,0.12583211543219747,0.06416788456780254
2021-06-01,Information Technology,0.16,0.2649857603054185,-0.10498576030541848
2021-06-01,Materials,0.06,0.03538821895784866,0.024611781042151337
2021-06-01,Real Estate,0.02,0.02716137687409351,-0.00716137687409351
2021-06-01,Utilities,0.04,0.02743492482250506,0.01256507517749494
2021-07-01,Communication Services,0.03,0.05120445914591151,-0.021204459145911514
2021-07-01,Consumer Discretionary,0.09,0.0780584865917957,0.01194151340820429
2021-07-01,Consumer Staples,0.06,0.0677031871236114,-0.007703187123611399
2021-07-01,Energy,0.04,0.029087081244547713,0.010912918755452288
2021-07-01,Financials,0.18,0.13785032567969907,0.04214967432030092
2021-07-01,Health Care,0.1,0.14989942573168633,-0.04989942573168632
2021-07-01,Industrials,0.19,0.12073616016003724,0.06926383983996276
2021-07-01,Information Technology,0.15,0.2784836685884691,-0.12848366858846913
2021-07-01,Materials,0.08,0.03300280874171374,0.04699719125828626
2021-07-01,Real Estate,0.03,0.02759089976059207,0.0024091002394079283
2021-07-01,Utilities,0.05,0.026383497231936035,0.023616502768063968
2021-08-02,Communication Services,0.02,0.05032385147852112,-0.03032385147852112
2021-08-02,Consumer Discretionary,0.15,0.07693554466593136,0.07306445533406863
2021-08-02,Consumer Staples,0.07,0.06794918214604434,0.0020508178539556665
2021-08-02,Energy,0.01,0.025939902855807228,-0.01593990285580723
2021-08-02,Financials,0.2,0.13283205661276373,0.06716794338723628
2021-08-02,Health Care,0.12,0.157066318354539,-0.037066318354538996
2021-08-02,Industrials,0.14,0.11896064098605665,0.021039359013943368
2021-08-02,Information Technology,0.13,0.2822492512539497,-0.15224925125394967
2021-08-02,Materials,0.07,0.032724947997760094,0.03727505200223991
2021-08-02,Real Estate,0.04,0.028271009221737923,0.011728990778262078
2021-08-02,Utilities,0.05,0.02674729442688886,0.023252705573111144
2021-09-01,Communication Services,0.02,0.050180251884735357,-0.030180251884735356
2021-09-01,Consumer Discretionary,0.15,0.0752320306735629,0.07476796932643709
2021-09-01,Consumer Staples,0.07,0.0662913549021946,0.003708645097805413
2021-09-01,Energy,0.01,0.024674066040232243,-0.014674066040232242
2021-09-01,Financials,0.22,0.13420688597665137,0.08579311402334863
2021-09-01,Health Care,0.12,0.1554054610918825,-0.0354054610918825
2021-09-01,Industrials,0.16,0.11723729160006174,0.04276270839993826
2021-09-01,Information Technology,0.13,0.28863927016735946,-0.15863927016735946
2021-09-01,Materials,0.05,0.032640824569514594,0.01735917543048541
2021-09-01,Real Estate,0.04,0.028322345381271045,0.011677654618728956
2021-09-01,Utilities,0.03,0.02717021771253414,0.0028297822874658596
2021-10-01,Communication Services,0.02,0.04952040370718712,-0.02952040370718712
2021-10-01,Consumer Discretionary,0.11,0.07741643320854434,0.03258356679145566
2021-10-01,Consumer Staples,0.09,0.06668751784901855,0.023312482150981445
2021-10-01,Energy,0.02,0.028137072882194747,-0.008137072882194746
2021-10-01,Financials,0.16,0.13766118099752087,0.022338819002479138
2021-10-01,Health Care,0.13,0.15374001380391325,-0.023740013803913246
2021-10-01,Industrials,0.18,0.11596554022974137,0.06403445977025862
2021-10-01,Information Technology,0.15,0.28477569699756655,-0.13477569699756656
2021-10-01,Materials,0.06,0.031670067994323994,0.028329932005676003
2021-10-01,Real Estate,0.04,0.02776689966361705,0.01223310033638295
2021-10-01,Utilities,0.04,0.026659172666372223,0.013340827333627778
2021-11-01,Communication Services,0.02,0.04643114902781923,-0.02643114902781923
2021-11-01,Consumer Discretionary,0.13,0.08189259662414178,0.048107403375858226
2021-11-01,Consumer Staples,0.08,0.06623746813030308,0.01376253186969692
2021-11-01,Energy,0.02,0.02958471585034718,-0.009584715850347179
2021-11-01,Financials,0.2,0.1362097602672681,0.0637902397327319
2021-11-01,Health Care,0.1,0.15785162926078153,-0.05785162926078152
2021-11-01,Industrials,0.14,0.0992715426374821,0.040728457362517914
2021-11-01,Information Technology,0.15,0.2953080189116902,-0.14530801891169018
2021-11-01,Materials,0.06,0.0323694132679123,0.027630586732087695
2021-11-01,Real Estate,0.05,0.02830061300296102,0.021699386997038984
2021-11-01,Utilities,0.05,0.02654309301929356,0.023456906980706443
2021-12-01,Communication Services,0.04,0.04356178891501336,-0.00356178891501336
2021-12-01,Consumer Discretionary,0.14,0.08351722354876469,0.056482776451235325
2021-12-01,Consumer Staples,0.09,0.06618571956004328,0.023814280439956717
2021-12-01,Energy,0.03,0.028235357719466538,0.0017646422805334613
2021-12-01,Financials,0.2,0.12667585566518597,0.07332414433481405
2021-12-01,Health Care,0.09,0.15465764998084794,-0.06465764998084794
2021-12-01,Industrials,0.16,0.09715037027559417,0.06284962972440583
2021-12-01,Information Technology,0.14,0.3127464897874592,-0.1727464897874592
2021-12-01,Materials,0.05,0.03237733772128672,0.017622662278713286
2021-12-01,Real Estate,0.03,0.028459065363483013,0.0015409346365169857
2021-12-01,Utilities,0.03,0.026433141462855213,0.003566858537144786
2022-01-03,Communication Services,0.03,0.04300044488360548,-0.01300044488360548
2022-01-03,Consumer Discretionary,0.15,0.081634964261542,0.068365035738458
2022-01-03,Consumer Staples,0.06,0.06846392688362855,-0.008463926883628556
2022-01-03,Energy,0.03,0.027642129454231924,0.0023578705457680746
2022-01-03,Financials,0.16,0.12458328922265191,0.03541671077734809
2022-01-03,Health Care,0.1,0.15966352488794616,-0.05966352488794616
2022-01-03,Industrials,0.16,0.09672175883173487,0.06327824116826514
2022-01-03,Information Technology,0.15,0.30822536604639095,-0.15822536604639095
2022-01-03,Materials,0.06,0.03281411351646367,0.02718588648353633
2022-01-03,Real Estate,0.06,0.029802063707746365,0.030197936292253633
2022-01-03,Utilities,0.04,0.027448418304058187,0.012551581695941814
2022-02-01,Communication Services,0.03,0.043186629356167065,-0.013186629356167066
2022-02-01,Consumer Discretionary,0.13,0.07790259956685171,0.0520974004331483
2022-02-01,Consumer Staples,0.05,0.07083467808209126,-0.02083467808209126
2022-02-01,Energy,0.03,0.034650126557688087,-0.004650126557688088
2022-02-01,Financials,0.15,0.13109424907205433,0.018905750927945664
2022-02-01,Health Care,0.15,0.15622940713725023,-0.006229407137250231
2022-02-01,Industrials,0.16,0.0964146389532934,0.0635853610467066
2022-02-01,Information Technology,0.15,0.3011321858568541,-0.1511321858568541
2022-02-01,Materials,0.05,0.032072580928616874,0.01792741907138313
2022-02-01,Real Estate,0.06,0.028676802556762703,0.03132319744323729
2022-02-01,Utilities,0.04,0.0278061019323703,0.012193898067629702
2022-03-01,Communication Services,0.05,0.045208694668287905,0.004791305331712098
2022-03-01,Consumer Discretionary,0.11,0.07534237236046072,0.03465762763953928
2022-03-01,Consumer Staples,0.05,0.07205927346343888,-0.022059273463438875
2022-03-01,Energy,0.03,0.03798642692939907,-0.00798642692939907
2022-03-01,Financials,0.19,0.12777411095437716,0.062225889045622845
2022-03-01,Health Care,0.15,0.1588642896643083,-0.0088642896643083
2022-03-01,Industrials,0.17,0.09882534935234323,0.07117465064765678
2022-03-01,Information Technology,0.14,0.29591381935881195,-0.15591381935881193
2022-03-01,Materials,0.06,0.03126359990887775,0.02873640009112225
2022-03-01,Real Estate,0.01,0.02858002194771175,-0.01858002194771175
2022-03-01,Utilities,0.04,0.02818204139198323,0.011817958608016772
2022-04-01,Communication Services,0.06,0.04259684143297812,0.017403158567021876
2022-04-01,Consumer Discretionary,0.12,0.07332697303613965,0.046673026963860345
2022-04-01,Consumer Staples,0.06,0.07145669809361456,-0.011456698093614562
2022-04-01,Energy,0.02,0.04005714542143481,-0.020057145421434813
2022-04-01,Financials,0.17,0.12319847463281738,0.04680152536718263
2022-04-01,Health Care,0.12,0.16244418638904426,-0.042444186389044264
2022-04-01,Industrials,0.18,0.09909071368503027,0.08090928631496973
2022-04-01,Information Technology,0.14,0.2957817071567495,-0.1557817071567495
2022-04-01,Materials,0.07,0.032068544849580286,0.03793145515041972
2022-04-01,Real Estate,0.01,0.029957053485377666,-0.019957053485377664
2022-04-01,Utilities,0.05,0.030021661817233494,0.01997833818276651
2022-05-02,Communication Services,0.05,0.04155949505522416,0.008440504944775842
2022-05-02,Consumer Discretionary,0.13,0.07284553456546637,0.05715446543453363
2022-05-02,Consumer Staples,0.04,0.0790786652356956,-0.039078665235695594
2022-05-02,Energy,0.06,0.04274725365595297,0.017252746344047026
2022-05-02,Financials,0.16,0.11942197994405414,0.040578020055945865
2022-05-02,Health Care,0.14,0.16658717340523016,-0.026587173405230147
2022-05-02,Industrials,0.19,0.0983423948600841,0.0916576051399159
2022-05-02,Information Technology,0.12,0.2832645012881414,-0.1632645012881414
2022-05-02,Materials,0.06,0.033525111754783704,0.026474888245216294
2022-05-02,Real Estate,0.01,0.03177602418317461,-0.021776024183174605
2022-05-02,Utilities,0.04,0.030851866052192867,0.009148133947807134
2022-06-01,Communication Services,0.03,0.04401038775475437,-0.01401038775475437
2022-06-01,Consumer Discretionary,0.14,0.06942401248963612,0.0705759875103639
2022-06-01,Consumer Staples,0.04,0.07393985954429375,-0.033939859544293745
2022-06-01,Energy,0.03,0.04879487894497931,-0.01879487894497931
2022-06-01,Financials,0.16,0.12373713196355929,0.036262868036440715
2022-06-01,Health Care,0.16,0.16823189607031283,-0.008231896070312827
2022-06-01,Industrials,0.18,0.09690153661420875,0.08309846338579124
2022-06-01,Information Technology,0.17,0.2783649586964836,-0.10836495869648358
2022-06-01,Materials,0.05,0.03467199154102967,0.015328008458970331
2022-06-01,Real Estate,0.01,0.0299360464886248,-0.0199360464886248
2022-06-01,Utilities,0.03,0.03198729989211772,-0.001987299892117718
2022-07-01,Communication Services,0.03,0.044205584815156636,-0.014205584815156637
2022-07-01,Consumer Discretionary,0.15,0.06674263696068451,0.08325736303931548
2022-07-01,Consumer Staples,0.06,0.08005296624407175,-0.020052966244071754
2022-07-01,Energy,0.02,0.04405323379643979,-0.024053233796439793
2022-07-01,Financials,0.17,0.11901692379969972,0.05098307620030029
2022-07-01,Health Care,0.15,0.17695862413972516,-0.026958624139725162
2022-07-01,Industrials,0.19,0.09708994997571613,0.09291005002428387
2022-07-01,Information Technology,0.13,0.275377011976817,-0.14537701197681702
2022-07-01,Materials,0.06,0.03253013589161626,0.027469864108383736
2022-07-01,Real Estate,0.02,0.0310913562878356,-0.0110913562878356
2022-07-01,Utilities,0.02,0.03288157611223745,-0.01288157611223745
2022-08-01,Communication Services,0.05,0.12812116386274833,-0.07812116386274832
2022-08-01,Consumer Discretionary,0.16,0.10275961169935773,0.05724038830064228
2022-08-01,Consumer Staples,0.08,0.0659247861287411,0.014075213871258901
2022-08-01,Energy,0.03,0.03866665443954582,-0.00866665443954582
2022-08-01,Financials,0.15,0.1021208770293282,0.04787912297067179
2022-08-01,Health Care,0.13,0.1466012040718551,-0.016601204071855086
2022-08-01,Industrials,0.13,0.08467055515731624,0.045329444842683767
2022-08-01,Information Technology,0.16,0.24920823937071546,-0.08920823937071545
2022-08-01,Materials,0.05,0.027423488241934343,0.02257651175806566
2022-08-01,Real Estate,0.04,0.026905902371137796,0.013094097628862204
2022-08-01,Utilities,0.02,0.02759751762731994,-0.007597517627319941
2022-09-01,Communication Services,0.04,0.12620886170249818,-0.08620886170249817
2022-09-01,Consumer Discretionary,0.12,0.10212814256648682,0.017871857433513175
2022-09-01,Consumer Staples,0.07,0.06748385295643655,0.0025161470435634548
2022-09-01,Energy,0.05,0.041020564047246064,0.008979435952753939
2022-09-01,Financials,0.17,0.10461658181227439,0.06538341818772563
2022-09-01,Health Care,0.11,0.14386927258693105,-0.03386927258693105
2022-09-01,Industrials,0.17,0.08602755961833533,0.08397244038166468
2022-09-01,Information Technology,0.15,0.24579023901370955,-0.09579023901370956
2022-09-01,Materials,0.05,0.027435800130183638,0.022564199869816365
2022-09-01,Real Estate,0.04,0.026565703350944714,0.013434296649055287
2022-09-01,Utilities,0.03,0.028853422214953645,0.0011465777850463536
2022-10-03,Communication Services,0.04,0.12198628883510171,-0.0819862888351017
2022-10-03,Consumer Discretionary,0.13,0.10226640678894265,0.027733593211057353
2022-10-03,Consumer Staples,0.06,0.0686795769206292,-0.008679576920629206
2022-10-03,Energy,0.06,0.041144682537750034,0.018855317462249964
2022-10-03,Financials,0.17,0.10572678677384777,0.06427321322615225
2022-10-03,Health Care,0.13,0.1545413207407621,-0.024541320740762096
2022-10-03,Industrials,0.15,0.08491123910623916,0.06508876089376084
2022-10-03,Information Technology,0.15,0.2381684165863788,-0.0881684165863788
2022-10-03,Materials,0.05,0.027457731208557233,0.02254226879144277
2022-10-03,Real Estate,0.03,0.0270774680383505,0.0029225319616494987
2022-10-03,Utilities,0.03,0.028040082463440853,0.0019599175365591463
2022-11-01,Communication Services,0.06,0.1125644562066837,-0.05256445620668371
2022-11-01,Consumer Discretionary,0.13,0.10934215228259717,0.02065784771740284
2022-11-01,Consumer Staples,0.05,0.06831210014348953,-0.018312100143489524
2022-11-01,Energy,0.03,0.04790381233085376,-0.01790381233085376
2022-11-01,Financials,0.18,0.10780177314337747,0.07219822685662253
2022-11-01,Health Care,0.14,0.1544684114633545,-0.01446841146335448
2022-11-01,Industrials,0.14,0.08738114785268093,0.05261885214731908
2022-11-01,Information Technology,0.17,0.23217632654843584,-0.06217632654843583
2022-11-01,Materials,0.05,0.02716420447967751,0.022835795520322492
2022-11-01,Real Estate,0.03,0.025745388457852528,0.004254611542147471
2022-11-01,Utilities,0.02,0.027140227090997136,-0.007140227090997136
2022-12-01,Communication Services,0.04,0.11305379651658454,-0.07305379651658453
2022-12-01,Consumer Discretionary,0.15,0.10320587277889602,0.04679412722110397
2022-12-01,Consumer Staples,0.04,0.06878151194085726,-0.028781511940857256
2022-12-01,Energy,0.06,0.045841317082767445,0.014158682917232553
2022-12-01,Financials,0.16,0.10989285372597529,0.05010714627402471
2022-12-01,Health Care,0.17,0.15417473216414448,0.015825267835855528
2022-12-01,Industrials,0.1,0.09001692356291525,0.00998307643708475
2022-12-01,Information Technology,0.15,0.23231123518890925,-0.08231123518890926
2022-12-01,Materials,0.05,0.028719074563385884,0.02128092543661412
2022-12-01,Real Estate,0.04,0.026201530099355146,0.013798469900644855
2022-12-01,Utilities,0.04,0.027801152376209476,0.012198847623790525
2023-01-03,Communication Services,0.08,0.10744234576602486,-0.02744234576602486
2023-01-03,Consumer Discretionary,0.14,0.0956910975496486,0.04430890245035142
2023-01-03,Consumer Staples,0.04,0.07120689018384661,-0.031206890183846613
2023-01-03,Energy,0.04,0.04759927165188058,-0.007599271651880582
2023-01-03,Financials,0.18,0.11063215150145389,0.0693678484985461
2023-01-03,Health Care,0.14,0.16169890572438736,-0.021698905724387346
2023-01-03,Industrials,0.1,0.0930541846019877,0.006945815398012312
2023-01-03,Information Technology,0.14,0.226724248681747,-0.086724248681747
2023-01-03,Materials,0.07,0.029613354142175866,0.040386645857824144
2023-01-03,Real Estate,0.04,0.026608603589753237,0.013391396410246763
2023-01-03,Utilities,0.03,0.029728946607094315,0.00027105339290568395
2023-02-01,Communication Services,0.06,0.11379267290492234,-0.053792672904922345
2023-02-01,Consumer Discretionary,0.12,0.10539454164311948,0.014605458356880513
2023-02-01,Consumer Staples,0.06,0.06638524509179403,-0.0063852450917940284
2023-02-01,Energy,0.05,0.04595269509170251,0.004047304908297494
2023-02-01,Financials,0.18,0.11227785254267371,0.06772214745732628
2023-02-01,Health Care,0.15,0.14908239809817075,0.0009176019018292403
2023-02-01,Industrials,0.11,0.09024870095596735,0.019751299044032652
2023-02-01,Information Technology,0.14,0.23104098376391152,-0.09104098376391151
2023-02-01,Materials,0.08,0.030161767241301988,0.04983823275869802
2023-02-01,Real Estate,0.03,0.02745293643893933,0.002547063561060669
2023-02-01,Utilities,0.02,0.02821020622749704,-0.00821020622749704
2023-03-01,Communication Services,0.05,0.10676443249346035,-0.056764432493460346
2023-03-01,Consumer Discretionary,0.11,0.10715559256276565,0.002844407437234353
2023-03-01,Consumer Staples,0.04,0.06709470465900899,-0.02709470465900899
2023-03-01,Energy,0.05,0.04459999534196045,0.005400004658039553
2023-03-01,Financials,0.23,0.11284445840503779,0.11715554159496222
2023-03-01,Health Care,0.15,0.1463361668187895,0.0036638331812104963
2023-03-01,Industrials,0.12,0.09242420226214156,0.02757579773785844
2023-03-01,Information Technology,0.13,0.23833504074972414,-0.10833504074972414
2023-03-01,Materials,0.07,0.030053064959169432,0.03994693504083058
2023-03-01,Real Estate,0.03,0.02683362075781404,0.003166379242185959
2023-03-01,Utilities,0.02,0.02755872099012813,-0.00755872099012813
2023-04-03,Communication Services,0.04,0.1139589583499778,-0.07395895834997779
2023-04-03,Consumer Discretionary,0.15,0.10613705504773499,0.043862944952265004
2023-04-03,Consumer Staples,0.05,0.06711266799312669,-0.01711266799312669
2023-04-03,Energy,0.04,0.04272825364397855,-0.002728253643978551
2023-04-03,Financials,0.21,0.09854601680393457,0.11145398319606542
2023-04-03,Health Care,0.12,0.14449271842120862,-0.02449271842120862
2023-04-03,Industrials,0.14,0.08920755117222215,0.050792448827777864
2023-04-03,Information Technology,0.12,0.25598323492796643,-0.13598323492796643
2023-04-03,Materials,0.07,0.028620416537825977,0.04137958346217403
2023-04-03,Real Estate,0.03,0.02543775962935835,0.004562240370641648
2023-04-03,Utilities,0.03,0.02777536747266588,0.002224632527334118
2023-05-01,Communication Services,0.04,0.11482792172901948,-0.07482792172901948
2023-05-01,Consumer Discretionary,0.14,0.10264468827576952,0.0373553117242305
2023-05-01,Consumer Staples,0.07,0.06862208555983687,0.001377914440163136
2023-05-01,Energy,0.05,0.04341272672943336,0.006587273270566643
2023-05-01,Financials,0.18,0.09988691802757406,0.08011308197242593
2023-05-01,Health Care,0.13,0.14758394655778231,-0.01758394655778231
2023-05-01,Industrials,0.13,0.08679546618329109,0.04320453381670891
2023-05-01,Information Technology,0.12,0.25451302674694526,-0.13451302674694526
2023-05-01,Materials,0.06,0.02815471033562329,0.031845289664376705
2023-05-01,Real Estate,0.04,0.02546999501982371,0.01453000498017629
2023-05-01,Utilities,0.04,0.02808851483490118,0.01191148516509882
2023-06-01,Communication Services,0.03,0.0938748964708364,-0.0638748964708364
2023-06-01,Consumer Discretionary,0.14,0.08123149049713212,0.0587685095028679
2023-06-01,Consumer Staples,0.09,0.049282764562180434,0.04071723543781956
2023-06-01,Energy,0.02,0.029127304791017418,-0.009127304791017418
2023-06-01,Financials,0.18,0.07123021439992923,0.10876978560007076
2023-06-01,Health Care,0.09,0.10644820658806617,-0.016448206588066172
2023-06-01,Industrials,0.14,0.0632606967277265,0.07673930327227352
2023-06-01,Information Technology,0.2,0.20352818952243998,-0.0035281895224399673
2023-06-01,Materials,0.04,0.2636811710016886,-0.22368117100168858
2023-06-01,Real Estate,0.03,0.018418708757412878,0.011581291242587121
2023-06-01,Utilities,0.04,0.01991635668157015,0.02008364331842985
2023-07-03,Communication Services,0.05,0.0874096763531415,-0.03740967635314149
2023-07-03,Consumer Discretionary,0.13,0.08598705284100025,0.044012947158999755
2023-07-03,Consumer Staples,0.08,0.04764752232029837,0.03235247767970163
2023-07-03,Energy,0.04,0.02916933172795977,0.010830668272040232
2023-07-03,Financials,0.16,0.0713133594378273,0.08868664056217271
2023-07-03,Health Care,0.11,0.10454314903696504,0.0054568509630349565
2023-07-03,Industrials,0.14,0.06609121353173149,0.07390878646826853
2023-07-03,Information Technology,0.17,0.20371119130311746,-0.03371119130311745
2023-07-03,Materials,0.05,0.2668758813557474,-0.21687588135574742
2023-07-03,Real Estate,0.02,0.018238232389616662,0.0017617676103833385
2023-07-03,Utilities,0.05,0.019013389702594648,0.030986610297405355
2023-08-01,Communication Services,0.05,0.08836096080883452,-0.03836096080883451
2023-08-01,Consumer Discretionary,0.12,0.08298374024507721,0.03701625975492279
2023-08-01,Consumer Staples,0.04,0.045752343345963245,-0.005752343345963244
2023-08-01,Energy,0.04,0.02937610573830896,0.010623894261691042
2023-08-01,Financials,0.14,0.07081202336034037,0.06918797663965964
2023-08-01,Health Care,0.13,0.09918275192274069,0.030817248077259315
2023-08-01,Industrials,0.16,0.06388287143220417,0.09611712856779583
2023-08-01,Information Technology,0.15,0.19505855050225687,-0.04505855050225688
2023-08-01,Materials,0.08,0.28889005578275434,-0.20889005578275432
2023-08-01,Real Estate,0.03,0.017338501764866236,0.012661498235133763
2023-08-01,Utilities,0.06,0.01836209509665349,0.04163790490334651
2023-09-01,Communication Services,0.04,0.12603359425940533,-0.08603359425940532
2023-09-01,Consumer Discretionary,0.13,0.11452536335739191,0.015474636642608092
2023-09-01,Consumer Staples,0.07,0.06157793824727306,0.008422061752726945
2023-09-01,Energy,0.01,0.0411881083463006,-0.0311881083463006
2023-09-01,Financials,0.15,0.09189955732309378,0.058100442676906214
2023-09-01,Health Care,0.12,0.1380146514690919,-0.018014651469091897
2023-09-01,Industrials,0.19,0.087239822786002,0.10276017721399801
2023-09-01,Information Technology,0.18,0.2648441991223546,-0.08484419912235458
2023-09-01,Materials,0.06,0.026687993278188066,0.033312006721811935
2023-09-01,Real Estate,0.01,0.02395205706743143,-0.01395205706743143
2023-09-01,Utilities,0.04,0.024036714743467108,0.015963285256532893
2023-10-02,Communication Services,0.04,0.12698628672437962,-0.08698628672437961
2023-10-02,Consumer Discretionary,0.13,0.1121788429874324,0.017821157012567604
2023-10-02,Consumer Staples,0.07,0.06153825242572972,0.00846174757427029
2023-10-02,Energy,0.03,0.044389060787501926,-0.014389060787501927
2023-10-02,Financials,0.15,0.09546644509784175,0.05453355490215825
2023-10-02,Health Care,0.13,0.14013855476721643,-0.010138554767216423
2023-10-02,Industrials,0.16,0.08641680432241101,0.07358319567758899
2023-10-02,Information Technology,0.2,0.25942325304247815,-0.05942325304247814
2023-10-02,Materials,0.05,0.026541389898111403,0.0234586101018886
2023-10-02,Real Estate,0.01,0.023196679111284358,-0.013196679111284358
2023-10-02,Utilities,0.03,0.023724430835613097,0.006275569164386902
2023-11-01,Communication Services,0.04,0.12390237235579465,-0.08390237235579465
2023-11-01,Consumer Discretionary,0.13,0.11101009373104499,0.018989906268955012
2023-11-01,Consumer Staples,0.09,0.06240767612337637,0.02759232387662363
2023-11-01,Energy,0.02,0.04216465889139946,-0.02216465889139946
2023-11-01,Financials,0.17,0.09680753829908681,0.0731924617009132
2023-11-01,Health Care,0.11,0.13762807411394445,-0.027628074113944454
2023-11-01,Industrials,0.17,0.08608231789227329,0.08391768210772672
2023-11-01,Information Technology,0.2,0.2662039674559181,-0.06620396745591811
2023-11-01,Materials,0.03,0.026198719121023763,0.003801280878976236
2023-11-01,Real Estate,0.01,0.0230345160889216,-0.0130345160889216
2023-11-01,Utilities,0.03,0.024560065927216386,0.005439934072783613
2023-12-01,Communication Services,0.04,0.12153375803031485,-0.08153375803031485
2023-12-01,Consumer Discretionary,0.11,0.11300167521987518,-0.003001675219875183
2023-12-01,Consumer Staples,0.07,0.05982895579574634,0.010171044204253667
2023-12-01,Energy,0.04,0.03858584692478219,0.0014141530752178125
2023-12-01,Financials,0.16,0.09934538078859716,0.060654619211402847
2023-12-01,Health Care,0.12,0.1333377794189022,-0.013337779418902213
2023-12-01,Industrials,0.13,0.08601219237422088,0.04398780762577913
2023-12-01,Information Technology,0.21,0.27419706137295946,-0.06419706137295947
2023-12-01,Materials,0.07,0.026022047925812766,0.04397795207418724
2023-12-01,Real Estate,0.01,0.02377285238589753,-0.01377285238589753
2023-12-01,Utilities,0.04,0.024362449762891543,0.015637550237108458
2024-01-02,Communication Services,0.04,0.12116040835009115,-0.08116040835009114
2024-01-02,Consumer Discretionary,0.14,0.11403777182631245,0.025962228173687568
2024-01-02,Consumer Staples,0.06,0.05841543778747961,0.0015845622125203879
2024-01-02,Energy,0.04,0.03685225150692664,0.0031477484930733587
2024-01-02,Financials,0.14,0.10132495873491087,0.03867504126508914
2024-01-02,Health Care,0.14,0.13334303112029153,0.006656968879708486
2024-01-02,Industrials,0.12,0.09163079149077479,0.02836920850922521
2024-01-02,Information Technology,0.19,0.26904583507667157,-0.07904583507667157
2024-01-02,Materials,0.07,0.025919194043139852,0.044080805956860154
2024-01-02,Real Estate,0.02,0.024581171605892016,-0.004581171605892016
2024-01-02,Utilities,0.04,0.02368914845750935,0.01631085154249065
2024-02-01,Communication Services,0.03,0.12162569779046398,-0.09162569779046398
2024-02-01,Consumer Discretionary,0.14,0.10854957591442875,0.03145042408557126
2024-02-01,Consumer Staples,0.07,0.05928576670854644,0.010714233291453566
2024-02-01,Energy,0.04,0.03658829091387029,0.0034117090861297134
2024-02-01,Financials,0.13,0.1033170423851144,0.026682957614885608
2024-02-01,Health Care,0.13,0.13723048664139342,-0.007230486641393419
2024-02-01,Industrials,0.14,0.09040278244308307,0.04959721755691694
2024-02-01,Information Technology,0.18,0.27179381986412066,-0.09179381986412066
2024-02-01,Materials,0.08,0.024991783280296616,0.055008216719703386
2024-02-01,Real Estate,0.02,0.023322303914945452,-0.0033223039149454514
2024-02-01,Utilities,0.04,0.0228924501437369,0.017107549856263102
2024-03-01,Communication Services,0.04,0.11620191690890246,-0.07620191690890246
2024-03-01,Consumer Discretionary,0.1,0.11475299000302025,-0.014752990003020244
2024-03-01,Consumer Staples,0.08,0.058813307360862446,0.021186692639137555
2024-03-01,Energy,0.04,0.036194069043261654,0.0038059309567383473
2024-03-01,Financials,0.18,0.10279111491899917,0.07720888508100082
2024-03-01,Health Care,0.13,0.1369895703992777,-0.006989570399277695
2024-03-01,Industrials,0.16,0.09324955414968887,0.06675044585031113
2024-03-01,Information Technology,0.12,0.2693793895227669,-0.14937938952276691
2024-03-01,Materials,0.1,0.025796237709342543,0.07420376229065746
2024-03-01,Real Estate,0.02,0.02341829016047241,-0.0034182901604724106
2024-03-01,Utilities,0.03,0.0224135598234055,0.007586440176594499
2024-04-01,Communication Services,0.03,0.1204439396300231,-0.0904439396300231
2024-04-01,Consumer Discretionary,0.11,0.1099200017939455,7.999820605450458e-05
2024-04-01,Consumer Staples,0.08,0.06623190046890692,0.013768099531093078
2024-04-01,Energy,0.04,0.0384933392962628,0.0015066607037372004
2024-04-01,Financials,0.17,0.10473206611090852,0.0652679338890915
2024-04-01,Health Care,0.12,0.13534648091287707,-0.015346480912877075
2024-04-01,Industrials,0.18,0.09351790723634212,0.08648209276365787
2024-04-01,Information Technology,0.13,0.2590582292363971,-0.1290582292363971
2024-04-01,Materials,0.09,0.02638795943345526,0.06361204056654474
2024-04-01,Real Estate,0.02,0.022876683218276433,-0.002876683218276433
2024-04-01,Utilities,0.03,0.0229914926626052,0.0070085073373948
2024-05-01,Communication Services,0.02,0.12986794573961502,-0.10986794573961502
2024-05-01,Consumer Discretionary,0.16,0.10861891506536146,0.05138108493463854
2024-05-01,Consumer Staples,0.05,0.06794947631155789,-0.017949476311557883
2024-05-01,Energy,0.06,0.03926522698056787,0.020734773019432128
2024-05-01,Financials,0.21,0.10414666718359644,0.10585333281640355
2024-05-01,Health Care,0.11,0.13300083096091034,-0.023000830960910337
2024-05-01,Industrials,0.15,0.09306324308669797,0.05693675691330202
2024-05-01,Information Technology,0.12,0.2521683145834596,-0.13216831458345962
2024-05-01,Materials,0.08,0.025967336211324566,0.05403266378867544
2024-05-01,Real Estate,0.02,0.02179074989126681,-0.001790749891266808
2024-05-01,Utilities,0.02,0.024161293985641995,-0.004161293985641995
2024-06-03,Communication Services,0.04,0.09440343980098757,-0.05440343980098757
2024-06-03,Consumer Discretionary,0.13,0.07482056307340913,0.05517943692659087
2024-06-03,Consumer Staples,0.08,0.049099469589505895,0.030900530410494106
2024-06-03,Energy,0.02,0.02686824466842437,-0.0068682446684243705
2024-06-03,Financials,0.17,0.07399439768107464,0.09600560231892537
2024-06-03,Health Care,0.12,0.09396129887245201,0.026038701127547983
2024-06-03,Industrials,0.16,0.06535007825811538,0.09464992174188462
2024-06-03,Information Technology,0.18,0.1860752735209214,-0.006075273520921409
2024-06-03,Materials,0.04,0.3009872513285577,-0.2609872513285577
2024-06-03,Real Estate,0.03,0.01575666421180938,0.01424333578819062
2024-06-03,Utilities,0.03,0.018683318994742567,0.011316681005257432
2024-07-01,Communication Services,0.05,0.09630739301056858,-0.046307393010568576
2024-07-01,Consumer Discretionary,0.12,0.07724187406698473,0.04275812593301527
2024-07-01,Consumer Staples,0.1,0.04798963718009686,0.05201036281990314
2024-07-01,Energy,0.02,0.025910784899058008,-0.005910784899058007
2024-07-01,Financials,0.16,0.07338549286355325,0.08661450713644675
2024-07-01,Health Care,0.12,0.09349313667442981,0.026506863325570187
2024-07-01,Industrials,0.17,0.06303459937912897,0.10696540062087104
2024-07-01,Information Technology,0.17,0.19626448478536335,-0.026264484785363335
2024-07-01,Materials,0.04,0.293481932706432,-0.25348193270643204
2024-07-01,Real Estate,0.03,0.015680244265926235,0.014319755734073764
2024-07-01,Utilities,0.02,0.017210420168458227,0.0027895798315417733
2024-08-01,Communication Services,0.07,0.08862265652643281,-0.0186226565264328
2024-08-01,Consumer Discretionary,0.13,0.07723907578364303,0.052760924216356975
2024-08-01,Consumer Staples,0.07,0.0471316238206766,0.022868376179323406
2024-08-01,Energy,0.05,0.025451861625762753,0.02454813837423725
2024-08-01,Financials,0.12,0.07532571028664818,0.044674289713351814
2024-08-01,Health Care,0.15,0.09185472493676002,0.05814527506323998
2024-08-01,Industrials,0.14,0.06351862431869412,0.07648137568130589
2024-08-01,Information Technology,0.17,0.1881519984970875,-0.018151998497087485
2024-08-01,Materials,0.05,0.3087458304810351,-0.2587458304810351
2024-08-01,Real Estate,0.02,0.016262429377105998,0.003737570622894003
2024-08-01,Utilities,0.03,0.017695464346153763,0.012304535653846236
2024-09-03,Communication Services,0.06,0.1116064480540071,-0.051606448054007104
2024-09-03,Consumer Discretionary,0.15,0.09955826987771621,0.050441730122283784
2024-09-03,Consumer Staples,0.08,0.06543969459283648,0.01456030540716352
2024-09-03,Energy,0.03,0.03375026160995992,-0.0037502616099599206
2024-09-03,Financials,0.15,0.10170934011883256,0.04829065988116743
2024-09-03,Health Care,0.14,0.1263577987492586,0.01364220125074142
2024-09-03,Industrials,0.14,0.08501163832498837,0.05498836167501164
2024-09-03,Information Technology,0.17,0.30580833880957187,-0.13580833880957185
2024-09-03,Materials,0.05,0.024045239247900217,0.025954760752099786
2024-09-03,Real Estate,0.01,0.02248360249262546,-0.01248360249262546
2024-09-03,Utilities,0.02,0.024229368122303245,-0.004229368122303245
2024-10-01,Communication Services,0.06,0.10958575983803777,-0.04958575983803777
2024-10-01,Consumer Discretionary,0.15,0.10298030412103625,0.04701969587896375
2024-10-01,Consumer Staples,0.1,0.06374731470167946,0.03625268529832054
2024-10-01,Energy,0.02,0.03158848860308097,-0.011588488603080972
2024-10-01,Financials,0.14,0.09751908009702807,0.04248091990297194
2024-10-01,Health Care,0.11,0.11937962493876167,-0.009379624938761669
2024-10-01,Industrials,0.15,0.08396294405564574,0.06603705594435426
2024-10-01,Information Technology,0.15,0.32030854072812365,-0.17030854072812365
2024-10-01,Materials,0.08,0.023697663113956664,0.05630233688604334
2024-10-01,Real Estate,0.02,0.022369843217166636,-0.0023698432171666353
2024-10-01,Utilities,0.02,0.02486043658548299,-0.004860436585482991
2024-11-01,Communication Services,0.06,0.11316185591649011,-0.053161855916490114
2024-11-01,Consumer Discretionary,0.13,0.10201294693585053,0.027987053064149475
2024-11-01,Consumer Staples,0.08,0.06262172188236349,0.01737827811763651
2024-11-01,Energy,0.04,0.03208298489510339,0.007917015104896612
2024-11-01,Financials,0.13,0.10091086067829072,0.029089139321709284
2024-11-01,Health Care,0.1,0.11417781399027398,-0.014177813990273971
2024-11-01,Industrials,0.16,0.08467651710650508,0.07532348289349493
2024-11-01,Information Technology,0.18,0.3208075850840147,-0.1408075850840147
2024-11-01,Materials,0.07,0.022976509004099886,0.04702349099590012
2024-11-01,Real Estate,0.02,0.02182171207552269,-0.0018217120755226884
2024-11-01,Utilities,0.03,0.024749492431485453,0.005250507568514546
2024-12-02,Communication Services,0.03,0.1082170050508753,-0.0782170050508753
2024-12-02,Consumer Discretionary,0.12,0.11008007530162796,0.009919924698372037
2024-12-02,Consumer Staples,0.06,0.06234269314142997,-0.0023426931414299718
2024-12-02,Energy,0.05,0.032797544214228605,0.017202455785771398
2024-12-02,Financials,0.18,0.10893027707624028,0.07106972292375971
2024-12-02,Health Care,0.09,0.10790916514576669,-0.017909165145766695
2024-12-02,Industrials,0.14,0.0858482323518119,0.05415176764818812
2024-12-02,Information Technology,0.19,0.3162182627765743,-0.12621826277657427
2024-12-02,Materials,0.08,0.021977295002102874,0.05802270499789713
2024-12-02,Real Estate,0.01,0.0214366197607523,-0.011436619760752298
2024-12-02,Utilities,0.05,0.024242830178589924,0.02575716982141008
2025-01-02,Communication Services,0.03,0.11791502886507906,-0.08791502886507906
2025-01-02,Consumer Discretionary,0.13,0.11560502232942269,0.01439497767057732
2025-01-02,Consumer Staples,0.05,0.06026524854043883,-0.01026524854043883
2025-01-02,Energy,0.04,0.030186436567314633,0.009813563432685368
2025-01-02,Financials,0.15,0.10570779970035535,0.044292200299644646
2025-01-02,Health Care,0.09,0.10265364961659156,-0.012653649616591559
2025-01-02,Industrials,0.15,0.08031256494436981,0.06968743505563019
2025-01-02,Information Technology,0.2,0.3250321922145346,-0.1250321922145346
2025-01-02,Materials,0.07,0.01987680310999688,0.05012319689000312
2025-01-02,Real Estate,0.03,0.019833194209505998,0.010166805790494001
2025-01-02,Utilities,0.06,0.02261205990239074,0.03738794009760926
2025-02-03,Communication Services,0.03,0.12259966719695865,-0.09259966719695865
2025-02-03,Consumer Discretionary,0.13,0.1179657803655606,0.012034219634439403
2025-02-03,Consumer Staples,0.05,0.060408673980138564,-0.01040867398013856
2025-02-03,Energy,0.03,0.02994550461805887,5.4495381941129656e-05
2025-02-03,Financials,0.18,0.11029373906207114,0.06970626093792885
2025-02-03,Health Care,0.07,0.10689388941385576,-0.036893889413855754
2025-02-03,Industrials,0.14,0.08216930318752856,0.05783069681247145
2025-02-03,Information Technology,0.19,0.30690963473715077,-0.11690963473715077
2025-02-03,Materials,0.08,0.020460293708913658,0.05953970629108635
2025-02-03,Real Estate,0.04,0.019695772714953565,0.020304227285046435
2025-02-03,Utilities,0.06,0.02265774101480995,0.037342258985190044
2025-03-03,Communication Services,0.05,0.1101715063451076,-0.060171506345107595
2025-03-03,Consumer Discretionary,0.12,0.10796511828109828,0.012034881718901713
2025-03-03,Consumer Staples,0.07,0.06489439068062104,0.005105609319378965
2025-03-03,Energy,0.03,0.03175406088221689,-0.0017540608822168915
2025-03-03,Financials,0.15,0.11236558730871726,0.03763441269128273
2025-03-03,Health Care,0.11,0.11067914171860188,-0.0006791417186018806
2025-03-03,Industrials,0.11,0.08309326586517951,0.02690673413482049
2025-03-03,Information Technology,0.19,0.3130589432927426,-0.12305894329274258
2025-03-03,Materials,0.07,0.021018764769956278,0.04898123523004373
2025-03-03,Real Estate,0.02,0.02105184652435032,-0.0010518465243503188
2025-03-03,Utilities,0.08,0.023947374331408297,0.056052625668591705
2025-04-01,Communication Services,0.05,0.10822706129242048,-0.05822706129242047
2025-04-01,Consumer Discretionary,0.11,0.10432839209283469,0.00567160790716531
2025-04-01,Consumer Staples,0.07,0.0663835304284603,0.0036164695715397016
2025-04-01,Energy,0.03,0.03547523864500811,-0.00547523864500811
2025-04-01,Financials,0.16,0.11233220858140268,0.047667791418597324
2025-04-01,Health Care,0.14,0.1151857934758642,0.02481420652413581
2025-04-01,Industrials,0.14,0.08680277034268334,0.05319722965731667
2025-04-01,Information Technology,0.16,0.302490993993265,-0.142490993993265
2025-04-01,Materials,0.05,0.021457525968276908,0.028542474031723095
2025-04-01,Real Estate,0.02,0.02186257756640238,-0.0018625775664023805
2025-04-01,Utilities,0.07,0.025453907613381916,0.044546092386618094
2025-05-01,Communication Services,0.05,0.11017462223064356,-0.06017462223064356
2025-05-01,Consumer Discretionary,0.12,0.10432448315288508,0.01567551684711492
2025-05-01,Consumer Staples,0.06,0.06831582317459874,-0.008315823174598738
2025-05-01,Energy,0.05,0.030800812092864536,0.019199187907135467
2025-05-01,Financials,0.17,0.10960355511901387,0.06039644488098614
2025-05-01,Health Care,0.1,0.11215221091496855,-0.012152210914968542
2025-05-01,Industrials,0.1,0.08740750910361585,0.01259249089638416
2025-05-01,Information Technology,0.17,0.3086321071976251,-0.13863210719762512
2025-05-01,Materials,0.05,0.021100633216197998,0.028899366783802005
2025-05-01,Real Estate,0.06,0.021832489034459404,0.038167510965540594
2025-05-01,Utilities,0.07,0.025655754763127255,0.04434424523687275
2025-06-02,Communication Services,0.05,0.11071105499540736,-0.060711054995407354
2025-06-02,Consumer Discretionary,0.12,0.10826056870946879,0.011739431290531205
2025-06-02,Consumer Staples,0.05,0.06552136084565469,-0.015521360845654683
2025-06-02,Energy,0.04,0.029222946107419774,0.010777053892580227
2025-06-02,Financials,0.17,0.10921736500467306,0.06078263499532695
2025-06-02,Health Care,0.12,0.09925028554020762,0.020749714459792373
2025-06-02,Industrials,0.13,0.08934380568125484,0.04065619431874516
2025-06-02,Information Technology,0.19,0.322157820087358,-0.132157820087358
2025-06-02,Materials,0.03,0.020401487769489027,0.009598512230510971
2025-06-02,Real Estate,0.04,0.020782176527924617,0.019217823472075384
2025-06-02,Utilities,0.06,0.02513112873114228,0.03486887126885772
2025-07-01,Communication Services,0.04,0.10837878158708891,-0.0683787815870889
2025-07-01,Consumer Discretionary,0.12,0.10483684287168235,0.015163157128317645
2025-07-01,Consumer Staples,0.07,0.061005723300637596,0.00899427669936241
2025-07-01,Energy,0.05,0.029126814472042177,0.020873185527957826
2025-07-01,Financials,0.16,0.10921377198165308,0.050786228018346924
2025-07-01,Health Care,0.14,0.09637950641929229,0.04362049358070773
2025-07-01,Industrials,0.12,0.08788390441739366,0.032116095582606335
2025-07-01,Information Technology,0.18,0.3396424499051202,-0.15964244990512022
2025-07-01,Materials,0.03,0.0198132713170444,0.010186728682955597
2025-07-01,Real Estate,0.04,0.01978372172022441,0.020216278279775592
2025-07-01,Utilities,0.05,0.023935212007820967,0.026064787992179036
2025-08-01,Communication Services,0.06000000000000001,0.11072541654679517,-0.05072541654679516
2025-08-01,Consumer Discretionary,0.11000000000000001,0.10486012374295402,0.005139876257045997
2025-08-01,Consumer Staples,0.06000000000000001,0.05800363257839083,0.001996367421609184
2025-08-01,Energy,0.030000000000000006,0.029131114958245462,0.0008688850417545441
2025-08-01,Financials,0.17000000000000004,0.10730199550188425,0.06269800449811579
2025-08-01,Health Care,0.13000000000000003,0.0906672547703162,0.03933274522968383
2025-08-01,Industrials,0.15000000000000002,0.08812060895266732,0.0618793910473327
2025-08-01,Information Technology,0.18000000000000005,0.3483614710717976,-0.16836147107179755
2025-08-01,Materials,0.030000000000000006,0.019139977304516085,0.010860022695483921
2025-08-01,Real Estate,0.030000000000000006,0.019256244511345288,0.010743755488654718
2025-08-01,Utilities,0.05000000000000001,0.024432160061087744,0.025567839938912266
2025-09-02,Communication Services,0.029999999999999995,0.1180431688275509,-0.08804316882755091
2025-09-02,Consumer Discretionary,0.12999999999999998,0.10730468060612025,0.022695319393879726
2025-09-02,Consumer Staples,0.08999999999999998,0.057379117130900485,0.0326208828690995
2025-09-02,Energy,0.029999999999999995,0.02921921677820316,0.0007807832217968345
2025-09-02,Financials,0.15999999999999998,0.10727489897660682,0.05272510102339316
2025-09-02,Health Care,0.13999999999999999,0.09281937539350729,0.047180624606492694
2025-09-02,Industrials,0.14999999999999997,0.08578777615719156,0.0642122238428084
2025-09-02,Information Technology,0.18999999999999997,0.33932118792277677,-0.1493211879227768
2025-09-02,Materials,0.029999999999999995,0.020245292276771115,0.009754707723228881
2025-09-02,Real Estate,0.019999999999999997,0.019132033645891305,0.0008679663541086916
2025-09-02,Utilities,0.029999999999999995,0.023473252284480377,0.006526747715519619
2025-10-01,Communication Services,0.03,0.1250151829747338,-0.0950151829747338
2025-10-01,Consumer Discretionary,0.11,0.10581153768755583,0.004188462312444172
2025-10-01,Consumer Staples,0.09,0.05425059035994452,0.03574940964005548
2025-10-01,Energy,0.03,0.027681139471493785,0.0023188605285062135
2025-10-01,Financials,0.15,0.10223319722908825,0.04776680277091175
2025-10-01,Health Care,0.13,0.08978811614798639,0.040211883852013616
2025-10-01,Industrials,0.16,0.08358032664776803,0.07641967335223197
2025-10-01,Information Technology,0.19,0.35141550608823297,-0.16141550608823296
2025-10-01,Materials,0.05,0.018775919582848636,0.031224080417151367
2025-10-01,Real Estate,0.02,0.018226346540535027,0.001773653459464973
2025-10-01,Utilities,0.04,0.023222137269812697,0.016777862730187304
2025-11-03,Communication Services,0.05000000000000001,0.1340244851733692,-0.08402448517336919
2025-11-03,Consumer Discretionary,0.09000000000000002,0.10575584089212908,-0.015755840892129058
2025-11-03,Consumer Staples,0.09000000000000002,0.05103840636566021,0.03896159363433981
2025-11-03,Energy,0.020000000000000004,0.026366382389578526,-0.0063663823895785225
2025-11-03,Financials,0.17000000000000004,0.09677999155800882,0.07322000844199122
2025-11-03,Health Care,0.12000000000000002,0.08965053219859423,0.030349467801405794
2025-11-03,Industrials,0.16000000000000003,0.08065632131776611,0.07934367868223392
2025-11-03,Information Technology,0.17000000000000004,0.3584939158451564,-0.18849391584515635
2025-11-03,Materials,0.05000000000000001,0.017137552563625102,0.03286244743637491
2025-11-03,Real Estate,0.020000000000000004,0.01720529733226472,0.0027947026677352833
2025-11-03,Utilities,0.06000000000000001,0.022891274363847636,0.037108725636152376
2025-12-01,Communication Services,0.05,0.14806485066491296,-0.09806485066491295
2025-12-01,Consumer Discretionary,0.09,0.10218003323837191,-0.012180033238371912
2025-12-01,Consumer Staples,0.09,0.052872306427600886,0.03712769357239911
2025-12-01,Energy,0.02,0.02732336328243682,-0.00732336328243682
2025-12-01,Financials,0.19,0.09693650426045923,0.09306349573954077
2025-12-01,Health Care,0.12,0.09717016370957572,0.022829836290424274
2025-12-01,Industrials,0.14,0.07898981601300947,0.06101018398699054
2025-12-01,Information Technology,0.18,0.3385468604455073,-0.1585468604455073
2025-12-01,Materials,0.04,0.017554238198057178,0.022445761801942823
2025-12-01,Real Estate,0.03,0.01732175280706359,0.01267824719293641
2025-12-01,Utilities,0.05,0.023040110953004886,0.026959889046995117
2026-01-02,Communication Services,0.04000000000000001,0.14559434289245388,-0.10559434289245387
2026-01-02,Consumer Discretionary,0.11000000000000001,0.1024462481494921,0.0075537518505079115
2026-01-02,Consumer Staples,0.07,0.051983282222557006,0.018016717777443
2026-01-02,Energy,0.020000000000000004,0.027342195672788155,-0.007342195672788151
2026-01-02,Financials,0.17000000000000004,0.10114651416453142,0.06885348583546862
2026-01-02,Health Care,0.13000000000000003,0.09570302209309749,0.034296977906902545
2026-01-02,Industrials,0.16000000000000003,0.08028842780468001,0.07971157219532002
2026-01-02,Information Technology,0.20000000000000004,0.33754149202057354,-0.1375414920205735
2026-01-02,Materials,0.04000000000000001,0.019226819815667567,0.02077318018433244
2026-01-02,Real Estate,0.020000000000000004,0.016891013722900368,0.003108986277099636
2026-01-02,Utilities,0.04000000000000001,0.021836641441258593,0.018163358558741415
2026-02-02,Communication Services,0.06,0.15646903368002685,-0.09646903368002685
2026-02-02,Consumer Discretionary,0.08,0.10446292863296963,-0.02446292863296963
2026-02-02,Consumer Staples,0.06,0.05432250286908433,0.005677497130915671
2026-02-02,Energy,0.01,0.03038664928126287,-0.020386649281262867
2026-02-02,Financials,0.19,0.0968330089238644,0.0931669910761356
2026-02-02,Health Care,0.14,0.09290745836260392,0.047092541637396096
2026-02-02,Industrials,0.16,0.08327610704505825,0.07672389295494175
2026-02-02,Information Technology,0.19,0.3226917055869594,-0.13269170558695942
2026-02-02,Materials,0.05,0.02027766799961719,0.029722332000382812
2026-02-02,Real Estate,0.02,0.01687819867958342,0.003121801320416579
2026-02-02,Utilities,0.04,0.021494738938969773,0.018505261061030228
2026-03-02,Communication Services,0.06,0.11191202020333148,-0.05191202020333148
2026-03-02,Consumer Discretionary,0.07,0.0747704075542397,-0.0047704075542397
2026-03-02,Consumer Staples,0.08,0.04435584551638743,0.03564415448361257
2026-03-02,Energy,0.02,0.025169978256769077,-0.005169978256769077
2026-03-02,Financials,0.25,0.06890526042371749,0.18109473957628253
2026-03-02,Health Care,0.13,0.07271207392042547,0.05728792607957453
2026-03-02,Industrials,0.12,0.06728736246421199,0.052712637535788004
2026-03-02,Information Technology,0.17,0.23596400726838543,-0.06596400726838542
2026-03-02,Materials,0.04,0.26702680014509544,-0.22702680014509544
2026-03-02,Real Estate,0.03,0.013580661685671853,0.016419338314328145
2026-03-02,Utilities,0.03,0.01831558256176456,0.01168441743823544
2026-04-01,Communication Services,0.04000000000000001,0.11047083888755996,-0.07047083888755995
2026-04-01,Consumer Discretionary,0.11000000000000001,0.07477618763705354,0.03522381236294647
2026-04-01,Consumer Staples,0.05000000000000001,0.043793011777277444,0.006206988222722566
2026-04-01,Energy,0.020000000000000004,0.02940105112238201,-0.009401051122382004
2026-04-01,Financials,0.24000000000000005,0.07067958783537324,0.1693204121646268
2026-04-01,Health Care,0.13000000000000003,0.07059458534972846,0.059405414650271576
2026-04-01,Industrials,0.15000000000000002,0.06650013831113233,0.0834998616888677
2026-04-01,Information Technology,0.16000000000000003,0.24139135103568304,-0.08139135103568301
2026-04-01,Materials,0.04000000000000001,0.2601426336651499,-0.22014263366514988
2026-04-01,Real Estate,0.030000000000000006,0.01352282253721455,0.01647717746278546
2026-04-01,Utilities,0.030000000000000006,0.018727791841445584,0.011272208158554422
2026-05-01,Communication Services,0.06,0.1278089718945564,-0.0678089718945564
2026-05-01,Consumer Discretionary,0.13,0.07785114198212476,0.05214885801787525
2026-05-01,Consumer Staples,0.09,0.04167039155686213,0.04832960844313787
2026-05-01,Energy,0.05,0.025863102517509187,0.024136897482490816
2026-05-01,Financials,0.18,0.0688066928596386,0.1111933071403614
2026-05-01,Health Care,0.12,0.06408364126533309,0.05591635873466691
2026-05-01,Industrials,0.13,0.06527491069769453,0.06472508930230547
2026-05-01,Information Technology,0.16,0.25880984016759745,-0.09880984016759745
2026-05-01,Materials,0.04,0.23892683600645426,-0.19892683600645425
2026-05-01,Real Estate,0.02,0.013439599865638363,0.006560400134361637
2026-05-01,Utilities,0.02,0.017464871186591353,0.002535128813408647
2026-06-01,Communication Services,0.05,0.15440760464473613,-0.10440760464473613
2026-06-01,Consumer Discretionary,0.11,0.09892013191153078,0.011079868088469225
2026-06-01,Consumer Staples,0.09,0.04903495690473526,0.04096504309526474
2026-06-01,Energy,0.03,0.029981918274217315,1.8081725782683605e-05
2026-06-01,Financials,0.16,0.08293652621750859,0.07706347378249141
2026-06-01,Health Care,0.14,0.08135509378128548,0.05864490621871453
2026-06-01,Industrials,0.13,0.0794014803639066,0.05059851963609341
2026-06-01,Information Technology,0.2,0.3697981386977757,-0.1697981386977757
2026-06-01,Materials,0.03,0.01742080123687043,0.01257919876312957
2026-06-01,Real Estate,0.04,0.01634789659565994,0.023652103404340062
2026-06-01,Utilities,0.02,0.02039545137177375,-0.00039545137177374873
