date,bucket,contribution,average_weight,average_exposure,names,return_coverage
2024-09-03,high,-0.0011277671787457352,0.34839999771787167,1.1504987440818113,17,1.0
2024-09-03,low,-0.00957119781612933,0.4503999962867929,-0.6278786128859218,17,1.0
2024-09-03,middle,6.937899847518248e-05,0.201200005995333,0.3726369952133863,16,1.0
2024-09-04,high,7.024243816566984e-05,0.3481757656251972,1.1504987440818113,17,1.0
2024-09-04,low,0.00028199202938837477,0.4503001109894035,-0.6278786128859218,17,1.0
2024-09-04,middle,0.000489647003998897,0.20152412338539752,0.3726369952133863,16,1.0
2024-09-05,high,-0.004171247367499588,0.34606584330485674,1.1504987440818113,17,1.0
2024-09-05,low,-0.0009256335561380984,0.45218004350274893,-0.6278786128859218,17,1.0
2024-09-05,middle,-0.001031019704407525,0.20175411319239273,0.3726369952133863,16,1.0
2024-09-06,high,-0.0020273316516831417,0.3481209667037679,1.1504987440818113,17,1.0
2024-09-06,low,-0.006401926429761885,0.4510147607256385,-0.6278786128859218,17,1.0
2024-09-06,middle,-0.003206303989106744,0.20086427257059192,0.3726369952133863,16,1.0
2024-09-09,high,0.0026186561799398664,0.3485424526276853,1.1504987440818113,17,1.0
2024-09-09,low,0.00305196066367466,0.4512159580869079,-0.6278786128859218,17,1.0
2024-09-09,middle,0.0006679054436969021,0.20024158928540509,0.3726369952133863,16,1.0
2024-09-10,high,0.0004347995480998663,0.34698144034282397,1.1504987440818113,17,1.0
2024-09-10,low,0.005426980983050714,0.4533401439850154,-0.6278786128859218,17,1.0
2024-09-10,middle,0.0005710219958161367,0.199678415672159,0.3726369952133863,16,1.0
2024-09-11,high,-0.0005638658935992699,0.346017627740176,1.1504987440818113,17,1.0
2024-09-11,low,0.0010313529887864478,0.4536711366579845,-0.6278786128859218,17,1.0
2024-09-11,middle,0.0008601531101886259,0.20031123560183778,0.3726369952133863,16,1.0
2024-09-12,high,0.0008029164265919735,0.34443029855080076,1.1504987440818113,17,1.0
2024-09-12,low,0.0035543222943006424,0.45399723215000737,-0.6278786128859218,17,1.0
2024-09-12,middle,0.0027064983329765885,0.20157246929919045,0.3726369952133863,16,1.0
2024-09-13,high,0.0014897405467312586,0.3428765175889612,1.1504987440818113,17,1.0
2024-09-13,low,0.006226424454505334,0.4561020232358906,-0.6278786128859218,17,1.0
2024-09-13,middle,0.0012711046748697763,0.20102145917514685,0.3726369952133863,16,1.0
2024-09-16,high,0.00047845234836420384,0.3418951220598716,1.1504987440818113,17,1.0
2024-09-16,low,0.003578874813999208,0.4575838553577052,-0.6278786128859218,17,1.0
2024-09-16,middle,0.0003711502298873688,0.20052102258242152,0.3726369952133863,16,1.0
2024-09-17,high,-0.000586281865197486,0.34030166874695206,1.1504987440818113,17,1.0
2024-09-17,low,0.003911790160820127,0.4601197135464778,-0.6278786128859218,17,1.0
2024-09-17,middle,-0.00039379438010191315,0.19957861770656862,0.3726369952133863,16,1.0
2024-09-18,high,-0.0026069799648587282,0.34016010029654853,1.1504987440818113,17,1.0
2024-09-18,low,-0.003539093846302591,0.45986458329899255,-0.6278786128859218,17,1.0
2024-09-18,middle,-0.0010636459913256938,0.19997531640445715,0.3726369952133863,16,1.0
2024-09-19,high,0.004843293108544108,0.34103448390063923,1.1504987440818113,17,1.0
2024-09-19,low,0.006566891085367104,0.4613917960599497,-0.6278786128859218,17,1.0
2024-09-19,middle,-0.00030216899119132705,0.19757372003940948,0.3726369952133863,16,1.0
2024-09-20,high,-0.0006368849797998662,0.33954095647439414,1.1504987440818113,17,1.0
2024-09-20,low,0.004271010840382922,0.46427440334165687,-0.6278786128859218,17,1.0
2024-09-20,middle,-0.0007995524134979361,0.1961846401839474,0.3726369952133863,16,1.0
2024-09-23,high,0.0015476727084332907,0.3398085092794433,1.1504987440818113,17,1.0
2024-09-23,low,0.0015002490771790923,0.46401267179647027,-0.6278786128859218,17,1.0
2024-09-23,middle,0.000719306120110012,0.19617881892408498,0.3726369952133863,16,1.0
2024-09-24,high,-0.00119260774530618,0.3380261878504367,1.1504987440818113,17,1.0
2024-09-24,low,0.002643176794463685,0.4657638085624075,-0.6278786128859218,17,1.0
2024-09-24,middle,0.0003549684991301445,0.19621000358715426,0.3726369952133863,16,1.0
2024-09-25,high,-0.001319718025524895,0.3371892303870837,1.1504987440818113,17,1.0
2024-09-25,low,0.00016843939958502082,0.4665981409924064,-0.6278786128859218,17,1.0
2024-09-25,middle,-0.0002805487155903488,0.1962126286205085,0.3726369952133863,16,1.0
2024-09-26,high,6.262623036381391e-05,0.3342855885786391,1.1504987440818113,17,1.0
2024-09-26,low,0.007909648990120503,0.47020044064005806,-0.6278786128859218,17,1.0
2024-09-26,middle,0.001055334346008084,0.19551397078130123,0.3726369952133863,16,1.0
2024-09-27,high,-0.0007063473197182986,0.3338133903186214,1.1504987440818113,17,1.0
2024-09-27,low,0.0005534752880514743,0.47105058070884276,-0.6278786128859218,17,1.0
2024-09-27,middle,-0.0004869203957325386,0.19513602897253443,0.3726369952133863,16,1.0
2024-09-30,high,0.0012586552599552815,0.33418371951781617,1.1234628859068074,17,1.0
2024-09-30,low,-0.0005147297940598927,0.41114602186958704,-0.6067705807693674,17,1.0
2024-09-30,middle,0.0019520946191111303,0.2546702586125949,0.34894936948744737,16,1.0
2024-10-01,high,0.0007397480104656759,0.3522270224662027,1.1234628859068074,17,1.0
2024-10-01,low,-0.0019882867559880154,0.39965393926005377,-0.6067705807693674,17,1.0
2024-10-01,middle,-0.00213624418633912,0.24811903827374143,0.34894936948744737,16,1.0
2024-10-02,high,-0.00038938732310939985,0.35113629702913146,1.1234628859068074,17,1.0
2024-10-02,low,0.0021522606150122013,0.40100834510213834,-0.6067705807693674,17,1.0
2024-10-02,middle,0.0002126916191182482,0.24785535786872803,0.34894936948744737,16,1.0
2024-10-03,high,-0.0005053947038699336,0.3519399886384529,1.1234628859068074,17,1.0
2024-10-03,low,-0.0016488196472077595,0.40080924791837147,-0.6067705807693674,17,1.0
2024-10-03,middle,-0.001508664997564925,0.2472507634431732,0.34894936948744737,16,1.0
2024-10-04,high,0.0024772705008604488,0.35126623594164214,1.1234628859068074,17,1.0
2024-10-04,low,0.005284029128853726,0.40237219384773293,-0.6067705807693674,17,1.0
2024-10-04,middle,0.0013404938190493387,0.24636157021062277,0.34894936948744737,16,1.0
2024-10-07,high,-0.0034291557430578467,0.35062037274841407,1.1234628859068074,17,1.0
2024-10-07,low,-0.002319988920994935,0.4032973841935661,-0.6067705807693674,17,1.0
2024-10-07,middle,-0.002245518221419512,0.24608224305801762,0.34894936948744737,16,1.0
2024-10-08,high,0.003436313910815672,0.35133656715931005,1.1234628859068074,17,1.0
2024-10-08,low,0.0014996149324883613,0.401712898030703,-0.6067705807693674,17,1.0
2024-10-08,middle,0.002790056846626688,0.24695053480998524,0.34894936948744737,16,1.0
2024-10-09,high,0.002115214303380218,0.35196824138467936,1.1234628859068074,17,1.0
2024-10-09,low,0.00017400304312907797,0.4000294076941368,-0.6067705807693674,17,1.0
2024-10-09,middle,0.002107415671412839,0.24800235092118195,0.34894936948744737,16,1.0
2024-10-10,high,-0.00029402437935386336,0.3541886093412237,1.1234628859068074,17,1.0
2024-10-10,low,-0.003802373730025533,0.39906015557099456,-0.6067705807693674,17,1.0
2024-10-10,middle,-0.0029930896945527512,0.24675123508777924,0.34894936948744737,16,1.0
2024-10-11,high,0.0012270973384601648,0.35279261243255655,1.1234628859068074,17,1.0
2024-10-11,low,0.004451376158087441,0.4004846472710672,-0.6067705807693674,17,1.0
2024-10-11,middle,0.0018007938287698609,0.24672274029637414,0.34894936948744737,16,1.0
2024-10-14,high,0.002277899784238865,0.35227281494461943,1.1234628859068074,17,1.0
2024-10-14,low,0.003934752992027304,0.40119610553487245,-0.6067705807693674,17,1.0
2024-10-14,middle,0.0017669581123702545,0.24653107952050632,0.34894936948744737,16,1.0
2024-10-15,high,0.0019607703882654464,0.3547393769972987,1.1234628859068074,17,1.0
2024-10-15,low,-0.00486828790372287,0.39636597414585695,-0.6067705807693674,17,1.0
2024-10-15,middle,0.002031197638814312,0.24889464885684204,0.34894936948744737,16,1.0
2024-10-16,high,0.0030725716679794067,0.3550943635735043,1.1234628859068074,17,1.0
2024-10-16,low,0.003948461545160776,0.3970547192015061,-0.6067705807693674,17,1.0
2024-10-16,middle,0.0008465743802590341,0.2478509172249874,0.34894936948744737,16,1.0
2024-10-17,high,0.0004453673529791272,0.35589284838536195,1.1234628859068074,17,1.0
2024-10-17,low,-0.0009911083255808258,0.3961777225395304,-0.6067705807693674,17,1.0
2024-10-17,middle,-0.00016555185519655767,0.24792942907510568,0.34894936948744737,16,1.0
2024-10-18,high,0.0013639575950723203,0.35667419705523123,1.1234628859068074,17,1.0
2024-10-18,low,-0.00012328117811208312,0.39540220172186585,-0.6067705807693674,17,1.0
2024-10-18,middle,0.0004000068534761605,0.2479236012229012,0.34894936948744737,16,1.0
2024-10-21,high,-0.0007009159762234155,0.35745286109020374,1.1234628859068074,17,1.0
2024-10-21,low,-0.001139330949721582,0.39584756665387505,-0.6067705807693674,17,1.0
2024-10-21,middle,-0.0022318268321970336,0.24669957225591946,0.34894936948744737,16,1.0
2024-10-22,high,-0.002134714699099802,0.3564298758612213,1.1234628859068074,17,1.0
2024-10-22,low,-0.0019780324946191744,0.39510541346916495,-0.6067705807693674,17,1.0
2024-10-22,middle,0.000986232773123252,0.24846471066961184,0.34894936948744737,16,1.0
2024-10-23,high,-0.0007340474999995227,0.3568047047285002,1.1234628859068074,17,1.0
2024-10-23,low,-0.0011497497603633648,0.3951287612977323,-0.6067705807693674,17,1.0
2024-10-23,middle,-0.001154305868387622,0.2480665339737656,0.34894936948744737,16,1.0
2024-10-24,high,0.0006631073714576505,0.35541845675387296,1.1234628859068074,17,1.0
2024-10-24,low,0.00470752519094644,0.3974290044718457,-0.6067705807693674,17,1.0
2024-10-24,middle,0.0005144088544436672,0.24715253877427987,0.34894936948744737,16,1.0
2024-10-25,high,-0.0029775230721736886,0.35560346495018225,1.1234628859068074,17,1.0
2024-10-25,low,-0.002310992232253858,0.3986379722246533,-0.6067705807693674,17,1.0
2024-10-25,middle,-0.003517191407712497,0.24575856282516229,0.34894936948744737,16,1.0
2024-10-28,high,0.0006004718993777947,0.35458140121435067,1.1234628859068074,17,1.0
2024-10-28,low,0.002388682739295752,0.39911165030035245,-0.6067705807693674,17,1.0
2024-10-28,middle,0.0017003716095525992,0.24630694848529497,0.34894936948744737,16,1.0
2024-10-29,high,-0.0013250787027746537,0.3540959210057775,1.1234628859068074,17,1.0
2024-10-29,low,-9.364807096804519e-07,0.39995566259901993,-0.6067705807693674,17,1.0
2024-10-29,middle,-0.0009425397874081507,0.2459484163952007,0.34894936948744737,16,1.0
2024-10-30,high,-0.0015139363124243384,0.35268171101810347,1.1234628859068074,17,1.0
2024-10-30,low,0.0004956309505426664,0.4005740000303829,-0.6067705807693674,17,1.0
2024-10-30,middle,0.0007023080646562273,0.24674428895151176,0.34894936948744737,16,1.0
2024-10-31,high,0.008898445267639813,0.40840734828422204,1.1582971400136177,17,1.0
2024-10-31,low,0.0008179419213972547,0.3523585969677497,-0.6502781078875624,17,1.0
2024-10-31,middle,-0.0038357253066499445,0.23923405474802636,0.3550333834407596,16,1.0
2024-11-01,high,-0.0008564374409222252,0.3977211823383492,1.1582971400136177,17,1.0
2024-11-01,low,0.002681247094717526,0.36296899164281643,-0.6666490574684443,17,1.0
2024-11-01,middle,0.00035565874358510865,0.23930982601883266,0.33889588486573025,16,1.0
2024-11-04,high,-0.0013243131076777631,0.39633674437687566,1.1582971400136177,17,1.0
2024-11-04,low,0.0012191583744430232,0.3641877367343073,-0.6666490574684443,17,1.0
2024-11-04,middle,0.00016802066411690414,0.2394755188888152,0.33889588486573025,16,1.0
2024-11-05,high,0.003943906483057201,0.3944779394596134,1.1582971400136177,17,1.0
2024-11-05,low,0.008369523222477583,0.36704885751389993,-0.6666490574684443,17,1.0
2024-11-05,middle,0.00249344480604851,0.23847320302648475,0.33889588486573025,16,1.0
2024-11-06,high,0.013782239173119833,0.39588956559758204,1.1582971400136177,17,1.0
2024-11-06,low,0.01714504221578402,0.3713841157856933,-0.6666490574684443,17,1.0
2024-11-06,middle,0.0016283970771370545,0.23272631861672238,0.33889588486573025,16,1.0
2024-11-07,high,0.0007981925907218476,0.39228111807288263,1.1582971400136177,17,1.0
2024-11-07,low,0.001045269898719412,0.36809511637563763,-0.6666490574684443,17,1.0
2024-11-07,middle,0.010339147993641792,0.23962376555147788,0.33889588486573025,16,1.0
2024-11-08,high,0.003987656679320802,0.3929151436954637,1.1582971400136177,17,1.0
2024-11-08,low,0.001538208235058191,0.3665124850624385,-0.6666490574684443,17,1.0
2024-11-08,middle,0.0030036994113405123,0.24057237124209624,0.33889588486573025,16,1.0
2024-11-11,high,0.004151542378754134,0.39459335430090664,1.1582971400136177,17,1.0
2024-11-11,low,0.00206243163602568,0.36620798877113736,-0.6666490574684443,17,1.0
2024-11-11,middle,9.573338959018059e-05,0.2391986569279542,0.33889588486573025,16,1.0
2024-11-12,high,0.0016345888448248747,0.3973847352946255,1.1582971400136177,17,1.0
2024-11-12,low,-0.003468422246047741,0.36382048532828665,-0.6666490574684443,17,1.0
2024-11-12,middle,-0.0011212722527320213,0.2387947793770859,0.33889588486573025,16,1.0
2024-11-13,high,0.0021617589320892783,0.3993717956716989,1.1582971400136177,17,1.0
2024-11-13,low,-0.002363385169394188,0.36128671703204546,-0.6666490574684443,17,1.0
2024-11-13,middle,0.0006509808582222817,0.23934148729625393,0.33889588486573025,16,1.0
2024-11-14,high,-0.00686921657432879,0.3971668205030292,1.1582971400136177,17,1.0
2024-11-14,low,-0.0009983667844617595,0.36459718170380095,-0.6666490574684443,17,1.0
2024-11-14,middle,-0.003892535991816991,0.23823599779316787,0.33889588486573025,16,1.0
2024-11-15,high,-0.0026851324722566997,0.3960796310987238,1.1582971400136177,17,1.0
2024-11-15,low,-0.002053654911373222,0.363885991133049,-0.6666490574684443,17,1.0
2024-11-15,middle,0.0008564449905779613,0.24003437776822534,0.33889588486573025,16,1.0
2024-11-18,high,0.0013865080847195398,0.39560610685875514,1.1582971400136177,17,1.0
2024-11-18,low,0.0011145203051096853,0.36329299214205973,-0.6666490574684443,17,1.0
2024-11-18,middle,0.0021933075091578385,0.24110090099918344,0.33889588486573025,16,1.0
2024-11-19,high,-0.0014387832858430976,0.3953891671128771,1.1582971400136177,17,1.0
2024-11-19,low,-0.0022624509296972004,0.362147638559734,-0.6666490574684443,17,1.0
2024-11-19,middle,0.0006101487527736477,0.24246319432738703,0.33889588486573025,16,1.0
2024-11-20,high,0.002293467753531228,0.3962047569798401,1.1582971400136177,17,1.0
2024-11-20,low,0.0010404611801849736,0.3618522035117936,-0.6666490574684443,17,1.0
2024-11-20,middle,0.0003794180726924537,0.24194303950836474,0.33889588486573025,16,1.0
2024-11-21,high,0.004742246403289501,0.39456475252384005,1.1582971400136177,17,1.0
2024-11-21,low,0.008628264567506153,0.3644813579608594,-0.6666490574684443,17,1.0
2024-11-21,middle,0.0029034139005022063,0.2409538895152985,0.33889588486573025,16,1.0
2024-11-22,high,0.002412175315507982,0.39494170763693326,1.1582971400136177,17,1.0
2024-11-22,low,0.00037723314899733296,0.36300658975809486,-0.6666490574684443,17,1.0
2024-11-22,middle,0.002344695741251666,0.24205170260497008,0.33889588486573025,16,1.0
2024-11-25,high,0.003268570484565475,0.3970516247007875,1.1582971400136177,17,1.0
2024-11-25,low,-0.0008107806084113329,0.3610909352770313,-0.6666490574684443,17,1.0
2024-11-25,middle,0.0005025166169777923,0.24185744002217963,0.33889588486573025,16,1.0
2024-11-26,high,0.004590945737588888,0.3971746202397177,1.1582971400136177,17,1.0
2024-11-26,low,0.006239616213708431,0.3628327108973568,-0.6666490574684443,17,1.0
2024-11-26,middle,0.0008445966595127495,0.2399926688629236,0.33889588486573025,16,1.0
2024-11-27,high,0.00042658158295729137,0.3989727292684618,1.1582971400136177,17,1.0
2024-11-27,low,-0.0018858563548612307,0.362181309351139,-0.6666490574684443,17,1.0
2024-11-27,middle,-0.0018955629921971555,0.23884596138039735,0.33889588486573025,16,1.0
2024-11-29,high,0.0006594796012790875,0.39777630495132954,1.0649979341676266,17,1.0
2024-11-29,low,0.003978504725660902,0.36846116795889183,-0.7127576956284026,17,1.0
2024-11-29,middle,7.839559160469554e-05,0.23376252708977702,0.3190540363348507,16,1.0
2024-12-02,high,-0.0028044818749582484,0.3935787471782081,1.0649979341676266,17,1.0
2024-12-02,low,-6.337565916056474e-05,0.37261851233755106,-0.7127576956284026,17,1.0
2024-12-02,middle,-0.00048825947807807463,0.23380274048423902,0.3190540363348507,16,1.0
2024-12-03,high,0.0002523635778368636,0.39359032718942405,1.0649979341676266,17,1.0
2024-12-03,low,0.0018073664231733596,0.3741477083795119,-0.7127576956284026,17,1.0
2024-12-03,middle,-0.0013787341854473818,0.23226196443106226,0.3190540363348507,16,1.0
2024-12-04,high,0.003701640555818464,0.3938882884593091,1.0649979341676266,17,1.0
2024-12-04,low,0.004430735108637026,0.37538516382609904,-0.7127576956284026,17,1.0
2024-12-04,middle,0.00038774716135256437,0.23072654771459017,0.3190540363348507,16,1.0
2024-12-05,high,-0.000733416461420967,0.3934702967781269,1.0649979341676266,17,1.0
2024-12-05,low,2.799396426318777e-05,0.375662513842623,-0.7127576956284026,17,1.0
2024-12-05,middle,-5.7498040161731055e-05,0.23086718937924844,0.3190540363348507,16,1.0
2024-12-06,high,-0.001678938064971916,0.3922916629019605,1.0649979341676266,17,1.0
2024-12-06,low,0.001484730952943979,0.3776008247207038,-0.7127576956284026,17,1.0
2024-12-06,middle,-0.0010675430811259825,0.23010751237733415,0.3190540363348507,16,1.0
2024-12-09,high,-0.00444486026173178,0.39243222663316574,1.0649979341676266,17,1.0
2024-12-09,low,-0.0033526791253983786,0.3786180895654996,-0.7127576956284026,17,1.0
2024-12-09,middle,-0.0036352675016967503,0.2289496838013329,0.3190540363348507,16,1.0
2024-12-10,high,0.0005199694551276299,0.3959199366369182,1.0649979341676266,17,1.0
2024-12-10,low,-0.006914503607260347,0.3742860754849377,-0.7127576956284026,17,1.0
2024-12-10,middle,-0.0008671325776676126,0.22979398787814218,0.3190540363348507,16,1.0
2024-12-11,high,-0.002396446967984666,0.3923146544962397,1.0649979341676266,17,1.0
2024-12-11,low,0.00585311765601671,0.3789201412907519,-0.7127576956284026,17,1.0
2024-12-11,middle,-0.0003383492085073565,0.2287652042130067,0.3190540363348507,16,1.0
2024-12-12,high,-0.00035754041114552696,0.3939286276304071,1.0649979341676266,17,1.0
2024-12-12,low,-0.004551558515691025,0.37617541012301237,-0.7127576956284026,17,1.0
2024-12-12,middle,-1.223386552736416e-05,0.22989596224657877,0.3190540363348507,16,1.0
2024-12-13,high,0.0004211147398464839,0.394725369151085,1.0649979341676266,17,1.0
2024-12-13,low,-0.000880889367961489,0.375642794302003,-0.7127576956284026,17,1.0
2024-12-13,middle,-0.0004789320888748623,0.22963183654690997,0.3190540363348507,16,1.0
2024-12-16,high,-0.00012041523307339616,0.3955972099715313,1.0649979341676266,17,1.0
2024-12-16,low,-0.0010519527220856138,0.37551194344838545,-0.7127576956284026,17,1.0
2024-12-16,middle,-0.0013159338140349244,0.22889084658008146,0.3190540363348507,16,1.0
2024-12-17,high,-0.0027812507066878062,0.3959978297896842,1.0649979341676266,17,1.0
2024-12-17,low,-0.004358688319398819,0.3741202905906649,-0.7127576956284026,17,1.0
2024-12-17,middle,-0.0008505795470018304,0.22988187961964918,0.3190540363348507,16,1.0
2024-12-18,high,-0.00687402642830227,0.3967849534955506,1.0649979341676266,17,1.0
2024-12-18,low,-0.007490749050348104,0.3734743861293553,-0.7127576956284026,17,1.0
2024-12-18,middle,-0.004592850551071642,0.22974066037509247,0.3190540363348507,16,1.0
2024-12-19,high,0.01002127126273708,0.4046719144634072,1.0649979341676266,17,1.0
2024-12-19,low,-0.00025857945282942293,0.37202609894718597,-0.7127576956284026,17,1.0
2024-12-19,middle,-0.0052491169360761505,0.22330198658940503,0.3190540363348507,16,1.0
2024-12-20,high,0.0043281540700573695,0.4036559216147793,1.0649979341676266,17,1.0
2024-12-20,low,0.005919891538684879,0.37296248742462507,-0.7127576956284026,17,1.0
2024-12-20,middle,0.0030861011018096397,0.22338159096059396,0.3190540363348507,16,1.0
2024-12-23,high,-0.0013739333115401764,0.40169532084028775,1.0649979341676266,17,1.0
2024-12-23,low,0.0033897753382896136,0.3757514603077585,-0.7127576956284026,17,1.0
2024-12-23,middle,-0.0005106396911617055,0.22255321885195173,0.3190540363348507,16,1.0
2024-12-24,high,0.0031299091569078202,0.40177884578604783,1.0649979341676266,17,1.0
2024-12-24,low,0.0037745297012877666,0.37665718217197863,-0.7127576956284026,17,1.0
2024-12-24,middle,0.0006915901669314036,0.2215639720419718,0.3190540363348507,16,1.0
2024-12-26,high,-0.00037203709149652507,0.40163054686303545,1.0649979341676266,17,1.0
2024-12-26,low,-9.908920595148407e-05,0.37678010660774247,-0.7127576956284026,17,1.0
2024-12-26,middle,-8.57558963967929e-05,0.22158934652922016,0.3190540363348507,16,1.0
2024-12-27,high,-0.0017490343966413521,0.40303322342524367,1.0649979341676266,17,1.0
2024-12-27,low,-0.004563431686797373,0.3751242575632409,-0.7127576956284026,17,1.0
2024-12-27,middle,-0.0014846047301582757,0.22184251901151367,0.3190540363348507,16,1.0
2024-12-30,high,-0.0038932256202359778,0.40260793816211426,1.0649979341676266,17,1.0
2024-12-30,low,-0.0031194098984895125,0.3752360669278294,-0.7127576956284026,17,1.0
2024-12-30,middle,-0.0016071739622600376,0.22215599491005464,0.3190540363348507,16,1.0
2024-12-31,high,-0.00012565179833395562,0.4028928542641687,1.027755131908471,17,1.0
2024-12-31,low,-0.0008910579217352177,0.37496245368183323,-0.7316541940516292,17,1.0
2024-12-31,middle,-1.9276286542973847e-05,0.22214469205399645,0.3086977948185205,16,1.0
2025-01-02,high,-0.0001323032881181792,0.39771409527580004,1.027755131908471,17,1.0
2025-01-02,low,6.9844024273851705e-06,0.3801405857391208,-0.7316541940516292,17,1.0
2025-01-02,middle,-0.0007098587366912414,0.222144692222421,0.3086977948185205,16,1.0
2025-01-03,high,0.0042434309098431724,0.3968350572425591,1.027755131908471,17,1.0
2025-01-03,low,0.007772792968444993,0.3827001011385135,-0.7316541940516292,17,1.0
2025-01-03,middle,0.001166487115818924,0.2204642228291469,0.3086977948185205,16,1.0
2025-01-06,high,-0.00393846849589553,0.39509127974943353,1.027755131908471,17,1.0
2025-01-06,low,0.0013723553814893512,0.3861577151101521,-0.7316541940516292,17,1.0
2025-01-06,middle,-0.002901118074655348,0.21875038278246992,0.3086977948185205,16,1.0
2025-01-07,high,0.0013004061012360352,0.3973798908142201,1.027755131908471,17,1.0
2025-01-07,low,-0.003566442924498377,0.38355062184504424,-0.7316541940516292,17,1.0
2025-01-07,middle,-0.00021227783256212544,0.21906886331593145,0.3086977948185205,16,1.0
2025-01-08,high,0.0031761899072529714,0.39800417558281315,1.027755131908471,17,1.0
2025-01-08,low,0.0013838226464373625,0.3824634270653896,-0.7316541940516292,17,1.0
2025-01-08,middle,0.0018751618842335273,0.21953177727770165,0.3086977948185205,16,1.0
2025-01-10,high,-0.003985734420009172,0.3997685238557134,1.027755131908471,17,1.0
2025-01-10,low,-0.006179882706374835,0.38168597511026797,-0.7316541940516292,17,1.0
2025-01-10,middle,-0.004032628335451508,0.21854487191200025,0.3086977948185205,16,1.0
2025-01-13,high,0.002282790669545248,0.40074237673445695,1.027755131908471,17,1.0
2025-01-13,low,0.0006046377476701068,0.3810248022616097,-0.7316541940516292,17,1.0
2025-01-13,middle,0.00039153103754053056,0.21823219389045917,0.3086977948185205,16,1.0
2025-01-14,high,0.0035225429729576208,0.40036696560257506,1.027755131908471,17,1.0
2025-01-14,low,0.003997939921698026,0.3813111974723883,-0.7316541940516292,17,1.0
2025-01-14,middle,0.0021942405864767206,0.21832121579235833,0.3086977948185205,16,1.0
2025-01-15,high,0.00029983436570985104,0.397339459807131,1.027755131908471,17,1.0
2025-01-15,low,0.005410693763895366,0.38338015613739,-0.7316541940516292,17,1.0
2025-01-15,middle,0.002822263118084839,0.21927976801525775,0.3086977948185205,16,1.0
2025-01-16,high,0.005063465155341363,0.3979699012403792,1.027755131908471,17,1.0
2025-01-16,low,0.003935215856379203,0.383003701330754,-0.7316541940516292,17,1.0
2025-01-16,middle,0.002162509878542095,0.21902578811380785,0.3086977948185205,16,1.0
2025-01-17,high,0.0012027077170902799,0.39812234773918753,1.027755131908471,17,1.0
2025-01-17,low,0.0009810194812025315,0.3829434787856186,-0.7316541940516292,17,1.0
2025-01-17,middle,0.0004834409067343064,0.21893356574978387,0.3086977948185205,16,1.0
2025-01-21,high,0.006134440838068302,0.398797362079407,1.027755131908471,17,1.0
2025-01-21,low,0.003105717346024906,0.3804649319690282,-0.7316541940516292,17,1.0
2025-01-21,middle,0.00499413161520728,0.22073710637029517,0.3086977948185205,16,1.0
2025-01-22,high,-0.000563025814003567,0.3987438745066418,1.027755131908471,17,1.0
2025-01-22,low,-0.0016928265356107434,0.3791272792289722,-0.7316541940516292,17,1.0
2025-01-22,middle,0.0013405717358373986,0.22212824588797714,0.3086977948185205,16,1.0
2025-01-23,high,0.0015879920860282187,0.3980210775656357,1.027755131908471,17,1.0
2025-01-23,low,0.002768599915575775,0.37959241224665685,-0.7316541940516292,17,1.0
2025-01-23,middle,0.0015506325733702859,0.22238591324603676,0.3086977948185205,16,1.0
2025-01-24,high,0.000887574440461677,0.3991451659057553,1.027755131908471,17,1.0
2025-01-24,low,-0.00012150947083741843,0.3796056228302476,-0.7316541940516292,17,1.0
2025-01-24,middle,-0.0012595501340814663,0.22124861395069212,0.3086977948185205,16,1.0
2025-01-27,high,0.0026454897324496335,0.40706178122356385,1.027755131908471,17,1.0
2025-01-27,low,-0.012446332118960892,0.3708610060896658,-0.7316541940516292,17,1.0
2025-01-27,middle,-0.0011319753557655382,0.22207660714170166,0.3086977948185205,16,1.0
2025-01-28,high,1.0636474996275668e-05,0.40875437039493223,1.027755131908471,17,1.0
2025-01-28,low,-0.0029731637357704884,0.36918765172355217,-0.7316541940516292,17,1.0
2025-01-28,middle,-0.0009273078376336958,0.2220573695968148,0.3086977948185205,16,1.0
2025-01-29,high,0.0018131852540284434,0.4097309936124267,1.027755131908471,17,1.0
2025-01-29,low,0.0020814299244011065,0.37048023621196996,-0.7316541940516292,17,1.0
2025-01-29,middle,-0.0018141877689769141,0.2197881630847373,0.3086977948185205,16,1.0
2025-01-30,high,0.004655602962633596,0.4073467516415215,1.027755131908471,17,1.0
2025-01-30,low,0.008311879557042788,0.37214710149457947,-0.7316541940516292,17,1.0
2025-01-30,middle,0.004606547464060875,0.22050555009274467,0.3086977948185205,16,1.0
2025-01-31,high,-0.0033549200811632245,0.35611197669286804,1.013787075781374,17,1.0
2025-01-31,low,-0.002451852966853218,0.37759465873879405,-0.7984738207204307,17,1.0
2025-01-31,middle,-0.0034605682503493517,0.2662927621339078,0.30859133007320827,16,1.0
2025-02-03,high,0.003861337274883241,0.3496769101289785,1.013787075781374,17,1.0
2025-02-03,low,-0.003399729570927026,0.3857091301193538,-0.7984738207204307,17,1.0
2025-02-03,middle,0.0001574382493726198,0.2646133103233353,0.30859133007320827,16,1.0
2025-02-04,high,-4.474570629662606e-05,0.3518268519740848,1.013787075781374,17,1.0
2025-02-04,low,-0.002032161194705893,0.3860755420630064,-0.7984738207204307,17,1.0
2025-02-04,middle,-0.003961364507026224,0.26209695239637215,0.30859133007320827,16,1.0
2025-02-05,high,0.002337191105797067,0.35117451169379327,1.013787075781374,17,1.0
2025-02-05,low,0.005544443730788684,0.38826608206754226,-0.7984738207204307,17,1.0
2025-02-05,middle,0.0006806167286493581,0.26055875815894414,0.30859133007320827,16,1.0
2025-02-06,high,-0.0012092382735726902,0.34896393755650845,1.013787075781374,17,1.0
2025-02-06,low,0.0033554243082566083,0.3905320557681664,-0.7984738207204307,17,1.0
2025-02-06,middle,0.000664439947544144,0.26050336033842536,0.30859133007320827,16,1.0
2025-02-07,high,-0.0008185260501471992,0.3460537964833086,1.013787075781374,17,1.0
2025-02-07,low,0.009541644018087068,0.3964024330875251,-0.7984738207204307,17,1.0
2025-02-07,middle,-0.0013888320380006606,0.2575431279019343,0.30859133007320827,16,1.0
2025-02-10,high,-0.0012737386978379911,0.3445212193983441,1.013787075781374,17,1.0
2025-02-10,low,0.002049965348696194,0.3980565578580903,-0.7984738207204307,17,1.0
2025-02-10,middle,8.312651787546925e-05,0.25742158066113696,0.30859133007320827,16,1.0
2025-02-11,high,-0.0008080897014778229,0.34431151192032355,1.013787075781374,17,1.0
2025-02-11,low,-0.00257106829228181,0.39616880668785726,-0.7984738207204307,17,1.0
2025-02-11,middle,0.0016343885034968036,0.25951903811158017,0.30859133007320827,16,1.0
2025-02-12,high,0.0009979039023350165,0.345604968601531,1.013787075781374,17,1.0
2025-02-12,low,-0.0008597286630893135,0.3955475907133153,-0.7984738207204307,17,1.0
2025-02-12,middle,-0.0009069059712490493,0.25884679674235705,0.30859133007320827,16,1.0
2025-02-13,high,0.002404437613258498,0.3446533419944168,1.013787075781374,17,1.0
2025-02-13,low,0.004430132655782552,0.3960799682485463,-0.7984738207204307,17,1.0
2025-02-13,middle,0.002935793063705961,0.25926605197896757,0.30859133007320827,16,1.0
2025-02-14,high,-0.008765442861743106,0.33862480441094717,1.013787075781374,17,1.0
2025-02-14,low,0.0014811368354443375,0.4018760683338698,-0.7984738207204307,17,1.0
2025-02-14,middle,-0.002577923164807435,0.25949848246770557,0.30859133007320827,16,1.0
2025-02-18,high,0.0021222786989084177,0.3369269351191926,1.013787075781374,17,1.0
2025-02-18,low,0.006498856272702873,0.403744175029225,-0.7984738207204307,17,1.0
2025-02-18,middle,0.0028392161811518876,0.25932825207145427,0.30859133007320827,16,1.0
2025-02-19,high,0.00019366357069248538,0.33582979207491914,1.013787075781374,17,1.0
2025-02-19,low,0.0020421844886872116,0.4042913759051059,-0.7984738207204307,17,1.0
2025-02-19,middle,0.0015518633180181239,0.25987819655612215,0.30859133007320827,16,1.0
2025-02-20,high,-0.0006852766113858983,0.33705712927818576,1.013787075781374,17,1.0
2025-02-20,low,-0.004642470355241984,0.40183808256003073,-0.7984738207204307,17,1.0
2025-02-20,middle,-0.00023630186152752923,0.2611041490380977,0.30859133007320827,16,1.0
2025-02-21,high,-0.002957415317446378,0.3384572491774886,1.013787075781374,17,1.0
2025-02-21,low,-0.010254832267536993,0.3963477903323779,-0.7984738207204307,17,1.0
2025-02-21,middle,0.0007604582307058274,0.2651943130020618,0.30859133007320827,16,1.0
2025-02-24,high,0.0020466609616034796,0.3406837102637556,1.013787075781374,17,1.0
2025-02-24,low,-0.0021827127824041066,0.39427637542893806,-0.7984738207204307,17,1.0
2025-02-24,middle,-0.00029797918821177524,0.26503926641193715,0.30859133007320827,16,1.0
2025-02-25,high,0.004616613853437119,0.3436180387885876,1.013787075781374,17,1.0
2025-02-25,low,-0.0035357807554436097,0.3888027901679574,-0.7984738207204307,17,1.0
2025-02-25,middle,0.003856432264550488,0.26757852618010947,0.30859133007320827,16,1.0
2025-02-26,high,-0.0023757419922711327,0.3405318123206821,1.013787075781374,17,1.0
2025-02-26,low,0.007997980468411272,0.39543912831633243,-0.7984738207204307,17,1.0
2025-02-26,middle,-0.0029517023713003738,0.2640284157678717,0.30859133007320827,16,1.0
2025-02-27,high,0.0005887912526888603,0.3478938145142495,1.013787075781374,17,1.0
2025-02-27,low,-0.012876231875830077,0.38976797517649014,-0.7984738207204307,17,1.0
2025-02-27,middle,-0.005970515504734376,0.26233755385478635,0.30859133007320827,16,1.0
2025-02-28,high,0.006401746891144031,0.349286311497137,0.9689930243054907,17,1.0
2025-02-28,low,0.003823926949491042,0.37545248179387664,-0.8110542292402124,17,1.0
2025-02-28,middle,0.004175916503261802,0.27526055949743694,0.2942249897449396,16,1.0
2025-03-03,high,-0.00030347095942494495,0.35398495286599785,0.9689930243054907,17,1.0
2025-03-03,low,-0.0076382898223481994,0.3737732603072283,-0.8110542292402124,17,1.0
2025-03-03,middle,-0.0037485370028796476,0.27224178682677164,0.2942249897449396,16,1.0
2025-03-04,high,-0.004998577807952337,0.35445682778026144,0.9689930243054907,17,1.0
2025-03-04,low,-0.00440247484580249,0.3751038263308683,-0.8110542292402124,17,1.0
2025-03-04,middle,-0.005919312219313865,0.2704393458888679,0.2942249897449396,16,1.0
2025-03-05,high,-4.035191654757827e-05,0.3530975243199185,0.9689930243054907,17,1.0
2025-03-05,low,0.0030023577733854718,0.3766197839849545,-0.8110542292402124,17,1.0
2025-03-05,middle,0.0008508099227343207,0.270282691695125,0.2942249897449396,16,1.0
2025-03-06,high,-0.003684064995571007,0.35735606576934276,0.9689930243054907,17,1.0
2025-03-06,low,-0.013595069239247064,0.3707534051082001,-0.8110542292402124,17,1.0
2025-03-06,middle,-0.004365930074132033,0.2718905291224542,0.2942249897449396,16,1.0
2025-03-07,high,0.002061916490040197,0.3561888912359939,0.9689930243054907,17,1.0
2025-03-07,low,0.002851556384209761,0.3701295753992932,-0.8110542292402124,17,1.0
2025-03-07,middle,0.004391152073374727,0.27368153336471035,0.2942249897449396,16,1.0
2025-03-10,high,0.0015467844593925748,0.3623163141796794,0.9689930243054907,17,1.0
2025-03-10,low,-0.012322424178235892,0.36212192444617214,-0.8110542292402124,17,1.0
2025-03-10,middle,-0.0016029758745088683,0.27556176137414623,0.2942249897449396,16,1.0
2025-03-11,high,-0.00433392738931694,0.3632472803224973,0.9689930243054907,17,1.0
2025-03-11,low,-0.005839568914350706,0.3611881614412325,-0.8110542292402124,17,1.0
2025-03-11,middle,-0.003930768811705798,0.275564558236268,0.2942249897449396,16,1.0
2025-03-12,high,-0.0007700004457792407,0.3615271588660604,0.9689930243054907,17,1.0
2025-03-12,low,0.00701958071401565,0.3670129975725793,-0.8110542292402124,17,1.0
2025-03-12,middle,-0.0033246347254094464,0.2714598435613581,0.2942249897449396,16,1.0
2025-03-13,high,-0.00380025718439315,0.36358438823107553,0.9689930243054907,17,1.0
2025-03-13,low,-0.00846635347457253,0.36444532068159396,-0.8110542292402124,17,1.0
2025-03-13,middle,-0.0038946401184980464,0.2719702910873281,0.2942249897449396,16,1.0
2025-03-14,high,0.005530708918547739,0.3616025579719939,0.9689930243054907,17,1.0
2025-03-14,low,0.01069915876574485,0.3673647636486314,-0.8110542292402124,17,1.0
2025-03-14,middle,0.004724087946275319,0.2710326783793726,0.2942249897449396,16,1.0
2025-03-17,high,0.0055324479105348405,0.36152628858116903,0.9689930243054907,17,1.0
2025-03-17,low,0.005826574934663176,0.3674436220115495,-0.8110542292402124,17,1.0
2025-03-17,middle,0.004233566924072483,0.2710300894072793,0.2942249897449396,16,1.0
2025-03-18,high,0.0009006359592621367,0.3646976877824316,0.9689930243054907,17,1.0
2025-03-18,low,-0.0035475686001271963,0.3661142148314607,-0.8110542292402124,17,1.0
2025-03-18,middle,-0.003502187287999014,0.26918809738610555,0.2942249897449396,16,1.0
2025-03-19,high,0.0019716064927899277,0.3623339511005514,0.9689930243054907,17,1.0
2025-03-19,low,0.0064649104795675,0.3679643051663487,-0.8110542292402124,17,1.0
2025-03-19,middle,0.003761038395402919,0.2697017437330974,0.2942249897449396,16,1.0
2025-03-20,high,0.003670197440024141,0.36443086297276417,0.9689930243054907,17,1.0
2025-03-20,low,-0.0005503852166052134,0.3659597726910077,-0.8110542292402124,17,1.0
2025-03-20,middle,0.0010037482462572117,0.26960936433622595,0.2942249897449396,16,1.0
2025-03-21,high,-0.001467668679371037,0.36439731115284707,0.9689930243054907,17,1.0
2025-03-21,low,-0.0009410906792485846,0.3664103860394186,-0.8110542292402124,17,1.0
2025-03-21,middle,-0.0014612094463033907,0.2691923028077321,0.2942249897449396,16,1.0
2025-03-24,high,0.005199700117434521,0.3631302665255947,0.9689930243054907,17,1.0
2025-03-24,low,0.007659843468365821,0.3675292235669308,-0.8110542292402124,17,1.0
2025-03-24,middle,0.0049518243146447274,0.2693405099074721,0.2942249897449396,16,1.0
2025-03-25,high,0.0005255280181402037,0.3650055836390761,0.9689930243054907,17,1.0
2025-03-25,low,-0.0019548312225971783,0.36687171537185326,-0.8110542292402124,17,1.0
2025-03-25,middle,-0.002203479665933793,0.26812270098906804,0.2942249897449396,16,1.0
2025-03-26,high,0.001459776603634271,0.3667838367139939,0.9689930243054907,17,1.0
2025-03-26,low,-0.0052034270236017005,0.3617216059078151,-0.8110542292402124,17,1.0
2025-03-26,middle,0.0033559602373255176,0.2714945573781887,0.2942249897449396,16,1.0
2025-03-27,high,0.0032452615201498283,0.3702902283829718,0.9689930243054907,17,1.0
2025-03-27,low,-0.003708369192910871,0.3582494832769153,-0.8110542292402124,17,1.0
2025-03-27,middle,-0.00022751166058398545,0.27146028834011043,0.2942249897449396,16,1.0
2025-03-28,high,-0.003197476300893951,0.3719252140435041,0.9689930243054907,17,1.0
2025-03-28,low,-0.0067368556770816745,0.3560513881506777,-0.8110542292402124,17,1.0
2025-03-28,middle,-0.002968091833390246,0.27202339780581614,0.2942249897449396,16,1.0
2025-03-31,high,0.005340368454490617,0.41577275050442297,0.9301432369099508,17,1.0
2025-03-31,low,0.0005970927071468193,0.3663457012106498,-0.8626368961630178,17,1.0
2025-03-31,middle,0.002521539695245553,0.2178815482849251,0.2634002799574448,16,1.0
2025-04-01,high,-8.604194747432764e-05,0.3988374989042855,0.9301432369099508,17,1.0
2025-04-01,low,0.0034212316202991843,0.37916706297581176,-0.8626368961630178,17,1.0
2025-04-01,middle,-4.696233228697294e-05,0.22199543811990075,0.2634002799574448,16,1.0
2025-04-02,high,0.0012919536353882318,0.3963830143770911,0.9301432369099508,17,1.0
2025-04-02,low,0.006697923547034475,0.3821136771918417,-0.8626368961630178,17,1.0
2025-04-02,middle,0.0016000093845772482,0.22150330843106528,0.2634002799574448,16,1.0
2025-04-03,high,-0.002384793202787753,0.4091267740416575,0.9301432369099508,17,1.0
2025-04-03,low,-0.029774349246172966,0.3636294706757748,-0.8626368961630178,17,1.0
2025-04-03,middle,-0.00274054162208013,0.22724375528256627,0.2634002799574448,16,1.0
2025-04-04,high,-0.019018319286046536,0.4127830788106234,0.9301432369099508,17,1.0
2025-04-04,low,-0.022942797206308346,0.36005802429391753,-0.8626368961630178,17,1.0
2025-04-04,middle,-0.012470171114347312,0.227158896895457,0.2634002799574448,16,1.0
2025-04-07,high,-0.008087205459377802,0.40709559473036255,0.9301432369099508,17,1.0
2025-04-07,low,0.004275396129458033,0.36632501905719783,-0.8626368961630178,17,1.0
2025-04-07,middle,-0.001986267584054571,0.226579386212438,0.2634002799574448,16,1.0
2025-04-08,high,-0.0026619626420262403,0.4095326401066434,0.9301432369099508,17,1.0
2025-04-08,low,-0.007087908426301203,0.363705733768272,-0.8626368961630178,17,1.0
2025-04-08,middle,-0.002627767906209601,0.22676162612508247,0.2634002799574448,16,1.0
2025-04-09,high,0.01634790753733436,0.3962591652534495,0.9301432369099508,17,1.0
2025-04-09,low,0.051521063996345796,0.38314974080199726,-0.8626368961630178,17,1.0
2025-04-09,middle,0.010230846870648527,0.22059109394455145,0.2634002799574448,16,1.0
2025-04-10,high,-0.0009417783711246557,0.4039028080700181,0.9301432369099508,17,1.0
2025-04-10,low,-0.018058938611207085,0.3723750936843346,-0.8626368961630178,17,1.0
2025-04-10,middle,-0.001557465193612483,0.22372209824564562,0.2634002799574448,16,1.0
2025-04-11,high,0.006205467795637182,0.4045450211807091,0.9301432369099508,17,1.0
2025-04-11,low,0.0029534316287880896,0.3702236054577822,-0.8626368961630178,17,1.0
2025-04-11,middle,0.004635474646649671,0.22523137336150695,0.2634002799574448,16,1.0
2025-04-14,high,0.004157940194852038,0.40537753880356536,0.9301432369099508,17,1.0
2025-04-14,low,0.0034301568366691443,0.3706117502811874,-0.8626368961630178,17,1.0
2025-04-14,middle,0.0006622882912810158,0.22401071091524546,0.2634002799574448,16,1.0
2025-04-15,high,-0.0004943153991924589,0.40459170368484176,0.9301432369099508,17,1.0
2025-04-15,low,0.0035288077006655656,0.37383660509369904,-0.8626368961630178,17,1.0
2025-04-15,middle,-0.0022319018054128567,0.22157169122145765,0.2634002799574448,16,1.0
2025-04-16,high,-0.004655378916228812,0.4053521293518505,0.9301432369099508,17,1.0
2025-04-16,low,-0.004756923405874659,0.37399492255918243,-0.8626368961630178,17,1.0
2025-04-16,middle,-0.003848516928401973,0.2206529480889654,0.2634002799574448,16,1.0
2025-04-17,high,0.0032357374883018584,0.4060358030091812,0.9301432369099508,17,1.0
2025-04-17,low,0.0008136408684694479,0.3724455942661351,-0.8626368961630178,17,1.0
2025-04-17,middle,0.002284028886353196,0.22151860272468193,0.2634002799574448,16,1.0
2025-04-21,high,-0.008982415334411489,0.4070933537335462,0.9301432369099508,17,1.0
2025-04-21,low,-0.01007439417062776,0.37140796969070067,-0.8626368961630178,17,1.0
2025-04-21,middle,-0.005426284811466486,0.2214986765757513,0.2634002799574448,16,1.0
2025-04-22,high,0.009253011541274357,0.40544161782855964,0.9301432369099508,17,1.0
2025-04-22,low,0.013292727271704155,0.374436168037419,-0.8626368961630178,17,1.0
2025-04-22,middle,0.004550926029986099,0.2201222141340197,0.2634002799574448,16,1.0
2025-04-23,high,0.001477924863611042,0.40141358281880385,0.9301432369099508,17,1.0
2025-04-23,low,0.010318861023896857,0.37943730121017377,-0.8626368961630178,17,1.0
2025-04-23,middle,0.0020194245993021137,0.21914911597102077,0.2634002799574448,16,1.0
2025-04-24,high,0.0007721050786359662,0.3961532669526579,0.9301432369099508,17,1.0
2025-04-24,low,0.013328619096022735,0.38653856195746256,-0.8626368961630178,17,1.0
2025-04-24,middle,0.001458692749597346,0.217308171089878,0.2634002799574448,16,1.0
2025-04-25,high,0.001609006476211519,0.396637962045564,0.9301432369099508,17,1.0
2025-04-25,low,0.0008065889374138282,0.38623527321272777,-0.8626368961630178,17,1.0
2025-04-25,middle,0.0004252812582788758,0.21712676474170642,0.2634002799574448,16,1.0
2025-04-28,high,0.002780262892222656,0.3975349961511317,0.9301432369099508,17,1.0
2025-04-28,low,0.002241513006341671,0.3866382940765427,-0.8626368961630178,17,1.0
2025-04-28,middle,-0.00023276528004742935,0.21582670977232374,0.2634002799574448,16,1.0
2025-04-29,high,0.004230864234625748,0.39971897238614557,0.9301432369099508,17,1.0
2025-04-29,low,0.00020039934836845355,0.3849067228448313,-0.8626368961630178,17,1.0
2025-04-29,middle,0.0006527775111391904,0.21537430476902159,0.2634002799574448,16,1.0
2025-04-30,high,0.00322076261958342,0.3538320015058103,0.9997411178530354,17,1.0
2025-04-30,low,0.0003076989259421519,0.31413999962895817,-0.8675270198216971,17,1.0
2025-04-30,middle,0.0028525108744811402,0.3320279988652299,0.2071254386527182,16,1.0
2025-05-01,high,-0.0003189015102171062,0.35723651594339006,1.037337288329623,17,1.0
2025-05-01,low,0.0037368153132586062,0.36061524568638276,-0.8554735808608358,17,1.0
2025-05-01,middle,0.00033469413916655655,0.2821482383702253,0.24389884486842026,16,1.0
2025-05-02,high,-0.0002745911780035983,0.35208574708315155,1.037337288329623,17,1.0
2025-05-02,low,0.009747125926649482,0.3655444240150673,-0.8554735808608358,17,1.0
2025-05-02,middle,0.0038330156866659137,0.2823698289017793,0.24389884486842026,16,1.0
2025-05-05,high,0.0010352586817458562,0.3524360283119965,1.037337288329623,17,1.0
2025-05-05,low,-0.0001983644804360385,0.3646707793235924,-0.8554735808608358,17,1.0
2025-05-05,middle,0.0010279161605781472,0.2828931923644086,0.24389884486842026,16,1.0
2025-05-06,high,-0.001499742155905703,0.35218540870391074,1.037337288329623,17,1.0
2025-05-06,low,-0.0025275889326186658,0.3634275116174389,-0.8554735808608358,17,1.0
2025-05-06,middle,0.00047753717337775263,0.2843870796786485,0.24389884486842026,16,1.0
2025-05-07,high,0.0035946192899970024,0.352019149445149,1.037337288329623,17,1.0
2025-05-07,low,0.004548567077858245,0.3641705101038914,-0.8554735808608358,17,1.0
2025-05-07,middle,0.00237464309337777,0.28381034045095793,0.24389884486842026,16,1.0
2025-05-08,high,-0.004579186831433925,0.347656658319307,1.037337288329623,17,1.0
2025-05-08,low,0.005665675492040124,0.3701993141062934,-0.8554735808608358,17,1.0
2025-05-08,middle,-0.0020219202448207,0.28214402757439794,0.24389884486842026,16,1.0
2025-05-09,high,-9.973445096400775e-05,0.34992467398955607,1.037337288329623,17,1.0
2025-05-09,low,-0.005900503203148601,0.3665168129524105,-0.8554735808608358,17,1.0
2025-05-09,middle,-0.0005038401810238847,0.2835585130580315,0.24389884486842026,16,1.0
2025-05-12,high,0.0009052389043470844,0.34011783060616724,1.037337288329623,17,1.0
2025-05-12,low,0.03144380537116077,0.38264514808660277,-0.8554735808608358,17,1.0
2025-05-12,middle,0.002278735844897605,0.2772370213072283,0.24389884486842026,16,1.0
2025-05-13,high,-0.000749399407909252,0.3371467657386178,1.037337288329623,17,1.0
2025-05-13,low,0.007231154265625705,0.3871176412406384,-0.8554735808608358,17,1.0
2025-05-13,middle,0.0003544006691157651,0.27573559302074235,0.24389884486842026,16,1.0
2025-05-14,high,0.00043979787053290847,0.3392306813318986,1.037337288329623,17,1.0
2025-05-14,low,-0.0032577191388601344,0.3856538479391387,-0.8554735808608358,17,1.0
2025-05-14,middle,-0.0019343530479993302,0.27511547072896114,0.24389884486842026,16,1.0
2025-05-15,high,0.006590076664403023,0.341665477785919,1.037337288329623,17,1.0
2025-05-15,low,0.0006503610719925661,0.3816260827832258,-0.8554735808608358,17,1.0
2025-05-15,middle,0.004949372885477354,0.2767084394308533,0.24389884486842026,16,1.0
2025-05-16,high,0.003261970062194383,0.3413856340653251,1.037337288329623,17,1.0
2025-05-16,low,0.003523833048463918,0.3811692427010251,-0.8554735808608358,17,1.0
2025-05-16,middle,0.0036237630070075936,0.27744512323364784,0.24389884486842026,16,1.0
2025-05-19,high,0.0009051203304548812,0.3418277568253885,1.037337288329623,17,1.0
2025-05-19,low,0.00021236380134953352,0.38085904315372643,-0.8554735808608358,17,1.0
2025-05-19,middle,0.00022977375968301507,0.2773132000208829,0.24389884486842026,16,1.0
2025-05-20,high,-0.0013250154946525714,0.3408997221840596,1.037337288329623,17,1.0
2025-05-20,low,-0.0011573610661734315,0.3801071708755634,-0.8554735808608358,17,1.0
2025-05-20,middle,0.001363879186625079,0.2789931069403752,0.24389884486842026,16,1.0
2025-05-21,high,-0.0030309195323449745,0.3433775556075491,1.037337288329623,17,1.0
2025-05-21,low,-0.008657117437535139,0.37740602722360667,-0.8554735808608358,17,1.0
2025-05-21,middle,-0.0042555360133282386,0.2792164171688425,0.24389884486842026,16,1.0
2025-05-22,high,-0.0005826982511606986,0.34331690992110314,1.037337288329623,17,1.0
2025-05-22,low,0.0010510383841264557,0.3790192644001524,-0.8554735808608358,17,1.0
2025-05-22,middle,-0.001957120947620049,0.27766382567874287,0.24389884486842026,16,1.0
2025-05-23,high,0.0002782756167342737,0.3435683903568155,1.037337288329623,17,1.0
2025-05-23,low,-0.0019207445965105532,0.37702867096376647,-0.8554735808608358,17,1.0
2025-05-23,middle,0.0017803903083458284,0.27940293867941585,0.24389884486842026,16,1.0
2025-05-27,high,0.0034616369430712957,0.3415344604867149,1.037337288329623,17,1.0
2025-05-27,low,0.009570505157103113,0.3803989322325288,-0.8554735808608358,17,1.0
2025-05-27,middle,0.0030629477308621177,0.2780666072807542,0.24389884486842026,16,1.0
2025-05-28,high,-0.0015110617014780891,0.34157580218516137,1.037337288329623,17,1.0
2025-05-28,low,-5.568983054517386e-05,0.38206180960865616,-0.8554735808608358,17,1.0
2025-05-28,middle,-0.0029411747087697703,0.2763623882061808,0.24389884486842026,16,1.0
2025-05-29,high,0.0001419438557325251,0.3413511742129757,1.037337288329623,17,1.0
2025-05-29,low,9.547925396601978e-05,0.3817115188975405,-0.8554735808608358,17,1.0
2025-05-29,middle,0.0008685961899627396,0.2769373068894818,0.24389884486842026,16,1.0
2025-05-30,high,0.0018146754486438905,0.33184870074862555,1.0822717498560492,17,1.0
2025-05-30,low,8.666965483482976e-05,0.3822085970761774,-0.8784706205500218,17,1.0
2025-05-30,middle,0.0013929911906638563,0.2859427021751952,0.24845108056574003,16,1.0
2025-06-02,high,0.0011970217279116064,0.3487417562140577,1.0822717498560492,17,1.0
2025-06-02,low,0.0024817973566530925,0.36604039353662665,-0.8784706205500218,17,1.0
2025-06-02,middle,-0.0005882398686299416,0.2852172109754705,0.24845108056574,16,1.0
2025-06-03,high,-0.0009497427113088781,0.3465284885171604,1.0822717498560492,17,1.0
2025-06-03,low,0.0049706790471722925,0.36964971396074064,-0.8784706205500218,17,1.0
2025-06-03,middle,-0.0003839351770864131,0.28382116046706973,0.24845108056574,16,1.0
2025-06-04,high,-0.00157194393351119,0.3464274077284794,1.0822717498560492,17,1.0
2025-06-04,low,-0.0022879012983045674,0.36887633318658675,-0.8784706205500218,17,1.0
2025-06-04,middle,-0.0003214082127840842,0.2846956192874094,0.24845108056574,16,1.0
2025-06-05,high,-0.0012766646242673098,0.34497180793470533,1.0822717498560492,17,1.0
2025-06-05,low,0.0013396685268145503,0.3699852007511034,-0.8784706205500218,17,1.0
2025-06-05,middle,0.0004897045561196204,0.28504235182307763,0.24845108056574,16,1.0
2025-06-06,high,0.0011744298312221287,0.3431007596225011,1.0822717498560492,17,1.0
2025-06-06,low,0.006535855090042243,0.3731117379403193,-0.8784706205500218,17,1.0
2025-06-06,middle,0.001255148426564011,0.28378686855883134,0.24845108056574,16,1.0
2025-06-09,high,-0.004576957107456514,0.3393401033884209,1.0822717498560492,17,1.0
2025-06-09,low,0.0034277676504813636,0.3774591247864946,-0.8784706205500218,17,1.0
2025-06-09,middle,-0.001315914407600348,0.28320013624527707,0.24845108056574,16,1.0
2025-06-10,high,-0.0008035902450716298,0.3390895571144567,1.0822717498560492,17,1.0
2025-06-10,low,-0.00016914354026293182,0.3777959066325207,-0.8784706205500218,17,1.0
2025-06-10,middle,-0.000563496514138,0.28311389955150323,0.24845108056574,16,1.0
2025-06-11,high,-0.0011430188650513426,0.33864226585908896,1.0822717498560492,17,1.0
2025-06-11,low,-0.0005468658017942858,0.37802420010679333,-0.8784706205500218,17,1.0
2025-06-11,middle,-0.0004022916488524641,0.28333289592625704,0.24845108056574,16,1.0
2025-06-12,high,0.0025076263440465983,0.3368614541746419,1.0822717498560492,17,1.0
2025-06-12,low,0.007690568667105366,0.38018625179936455,-0.8784706205500218,17,1.0
2025-06-12,middle,0.003272937236744547,0.2829516638929905,0.24845108056574,16,1.0
2025-06-13,high,-0.0023601506609020758,0.33734056421116987,1.0822717498560492,17,1.0
2025-06-13,low,-0.001767896017812043,0.3812016498699683,-0.8784706205500218,17,1.0
2025-06-13,middle,-0.003812164209975348,0.28145715040240715,0.24845108056574,16,1.0
2025-06-16,high,0.0006339902276015363,0.33551048874050576,1.0822717498560492,17,1.0
2025-06-16,low,0.005241766659504415,0.3835360355868799,-0.8784706205500218,17,1.0
2025-06-16,middle,0.001498633192892488,0.2809528446337546,0.24845108056574,16,1.0
2025-06-17,high,0.0001732815201994508,0.33616183808517797,1.0822717498560492,17,1.0
2025-06-17,low,0.00038580229269053346,0.38395697265394607,-0.8784706205500218,17,1.0
2025-06-17,middle,-0.001444341539310563,0.2798805572973862,0.24845108056574,16,1.0
2025-06-18,high,-0.0004760541017045151,0.3347823394794381,1.0822717498560492,17,1.0
2025-06-18,low,0.0040726216821216936,0.38690507054814616,-0.8784706205500218,17,1.0
2025-06-18,middle,-0.0008266091916780044,0.278311959666529,0.24845108056574,16,1.0
2025-06-20,high,0.0024175408738820042,0.3364960524890479,1.0822717498560492,17,1.0
2025-06-20,low,0.00010735730072295597,0.3863000004850957,-0.8784706205500218,17,1.0
2025-06-20,middle,-0.0006422089914323273,0.2772033177407023,0.24845108056574,16,1.0
2025-06-23,high,0.0019720857697221295,0.33571836089637047,1.0822717498560492,17,1.0
2025-06-23,low,0.003843042294646553,0.3870165804194708,-0.8784706205500218,17,1.0
2025-06-23,middle,0.0023026322538408227,0.27726443439724724,0.24845108056574,16,1.0
2025-06-24,high,-9.264325762336131e-05,0.33171384525674114,1.0822717498560492,17,1.0
2025-06-24,low,0.008467445350043344,0.39077023043014647,-0.8784706205500218,17,1.0
2025-06-24,middle,0.003547048880106489,0.277515307232521,0.24845108056574,16,1.0
2025-06-25,high,-0.003948010757515788,0.3303872790139061,1.0822717498560492,17,1.0
2025-06-25,low,-0.0019012950945128232,0.39202920744535286,-0.8784706205500218,17,1.0
2025-06-25,middle,-0.0021904834674924766,0.2775828913624695,0.24845108056574,16,1.0
2025-06-26,high,0.0012130877616528157,0.3286183590257836,1.0822717498560492,17,1.0
2025-06-26,low,0.005655103867743839,0.3939922458723174,-0.8784706205500218,17,1.0
2025-06-26,middle,0.002318127175626488,0.2773887784867691,0.24845108056574,16,1.0
2025-06-27,high,0.0027056641835745596,0.32906298090945335,1.0822717498560492,17,1.0
2025-06-27,low,0.0019859486034506696,0.3932522350896454,-0.8784706205500218,17,1.0
2025-06-27,middle,0.002204122115234805,0.2776841715691052,0.24845108056574,16,1.0
2025-06-30,high,0.001950648608362922,0.3385118527596915,1.0990106361404017,17,1.0
2025-06-30,low,0.0018160745535980207,0.33083991962092407,-0.8759392039945926,17,1.0
2025-06-30,middle,0.0032065094801355548,0.3306476193473677,0.2520452127350974,16,1.0
2025-07-01,high,-6.745357839420417e-05,0.3397275803021278,1.0990106361404017,17,1.0
2025-07-01,low,0.0019685144378134814,0.32838938682932106,-0.8759392039945926,17,1.0
2025-07-01,middle,9.044716563500962e-06,0.3318830328685493,0.24096533543609805,16,1.0
2025-07-02,high,-0.003320025335701412,0.33706542998588124,1.0990106361404017,17,1.0
2025-07-02,low,0.0044923422007167885,0.3333844510168737,-0.8759392039945926,17,1.0
2025-07-02,middle,-0.002870022135203463,0.32955011899724324,0.24096533543609805,16,1.0
2025-07-03,high,0.0035086005733131957,0.33677714537273323,1.0990106361404017,17,1.0
2025-07-03,low,0.004604760618795346,0.33417771371155197,-0.8759392039945926,17,1.0
2025-07-03,middle,0.0031956651702097325,0.32904514091571313,0.24096533543609805,16,1.0
2025-07-07,high,0.002108402703588425,0.33851517840174256,1.0990106361404017,17,1.0
2025-07-07,low,-0.0022475621512566164,0.3316061467537637,-0.8759392039945926,17,1.0
2025-07-07,middle,0.0011486496917336247,0.32987867484449196,0.24096533543609805,16,1.0
2025-07-08,high,-0.0029543400430005126,0.33816325184183077,1.0990106361404017,17,1.0
2025-07-08,low,-0.001209617817950392,0.33287654135932443,-0.8759392039945926,17,1.0
2025-07-08,middle,-0.003451222530308646,0.32896020679884286,0.24096533543609805,16,1.0
2025-07-09,high,0.0007123034478715379,0.33890004807929547,1.0990106361404017,17,1.0
2025-07-09,low,6.811346550428708e-05,0.3329712688214131,-0.8759392039945926,17,1.0
2025-07-09,middle,-0.0008588357727393925,0.32812868309928966,0.24096533543609805,16,1.0
2025-07-10,high,-0.0026700211635212186,0.3353838946210923,1.0990106361404017,17,1.0
2025-07-10,low,0.005134903904204485,0.33704361832507473,-0.8759392039945926,17,1.0
2025-07-10,middle,0.00020226491155333841,0.32757248705383124,0.24096533543609805,16,1.0
2025-07-11,high,-0.003115226313734033,0.3345838553524677,1.0990106361404017,17,1.0
2025-07-11,low,-0.002423118214251885,0.3369287763311576,-0.8759392039945926,17,1.0
2025-07-11,middle,-0.001370573002924725,0.3284873683163727,0.24096533543609805,16,1.0
2025-07-14,high,0.0028270052973204474,0.3361329251775146,1.0990106361404017,17,1.0
2025-07-14,low,-8.972382391116653e-05,0.33556531701755815,-0.8759392039945926,17,1.0
2025-07-14,middle,0.001043263582269598,0.32830175780492554,0.24096533543609805,16,1.0
2025-07-15,high,-0.004567513073655462,0.3354443216312034,1.0990106361404017,17,1.0
2025-07-15,low,-0.0035153176834702374,0.33582073272819707,-0.8759392039945926,17,1.0
2025-07-15,middle,-0.0033956797529401876,0.32873494564059763,0.24096533543609805,16,1.0
2025-07-16,high,0.0014633893562687025,0.33569510359038346,1.0990106361404017,17,1.0
2025-07-16,low,0.0021283392406409945,0.3366741346248791,-0.8759392039945926,17,1.0
2025-07-16,middle,7.356209493027384e-05,0.3276307617847357,0.24096533543609805,16,1.0
2025-07-17,high,8.429692362870602e-05,0.3325062672960499,1.0990106361404017,17,1.0
2025-07-17,low,0.005835086148862969,0.33911592702128124,-0.8759392039945926,17,1.0
2025-07-17,middle,0.004048932670378514,0.3283778056826673,0.24096533543609805,16,1.0
2025-07-18,high,7.029440959379526e-05,0.33238532232473256,1.0990106361404017,17,1.0
2025-07-18,low,-0.00042653691349018804,0.3383557021884736,-0.8759392039945926,17,1.0
2025-07-18,middle,0.0010892668089732209,0.3292589754867921,0.24096533543609805,16,1.0
2025-07-21,high,0.0008115786001807933,0.333143412160525,1.0990106361404017,17,1.0
2025-07-21,low,0.0005161261726912513,0.33883227013572054,-0.8759392039945926,17,1.0
2025-07-21,middle,-0.00120171833720206,0.32802431770375234,0.24096533543609805,16,1.0
2025-07-22,high,0.0021705037271466158,0.3335095940060767,1.0990106361404017,17,1.0
2025-07-22,low,0.0005062421887958757,0.3373182104563011,-0.8759392039945926,17,1.0
2025-07-22,middle,0.0030533882738647024,0.3291721955376205,0.24096533543609805,16,1.0
2025-07-23,high,0.0005106900596395958,0.3310734001840852,1.0990106361404017,17,1.0
2025-07-23,low,0.004812625532660675,0.33902995695077803,-0.8759392039945926,17,1.0
2025-07-23,middle,0.0037522836877270692,0.3298966428651351,0.24096533543609805,16,1.0
2025-07-24,high,-0.0006498103270022012,0.33271354639615064,1.0990106361404017,17,1.0
2025-07-24,low,-0.0013862570956402098,0.34004495398079093,-0.8759392039945926,17,1.0
2025-07-24,middle,-0.004797366078636475,0.32724149962305665,0.24096533543609805,16,1.0
2025-07-25,high,0.0008647732770258273,0.3329794936667564,1.0990106361404017,17,1.0
2025-07-25,low,0.0003912216384100126,0.33979875580188035,-0.8759392039945926,17,1.0
2025-07-25,middle,0.0005786509632546566,0.32722175053136127,0.24096533543609805,16,1.0
2025-07-28,high,-0.0025108292755339286,0.3310949500057687,1.0990106361404017,17,1.0
2025-07-28,low,0.001587966199686468,0.34203401916943843,-0.8759392039945926,17,1.0
2025-07-28,middle,-0.0009653548841939369,0.32687103082479135,0.24096533543609805,16,1.0
2025-07-29,high,0.001332386866470005,0.33203652333794315,1.0990106361404017,17,1.0
2025-07-29,low,-0.0024479167090938132,0.33911895867038916,-0.8759392039945926,17,1.0
2025-07-29,middle,0.002404804595135664,0.3288445179916661,0.24096533543609805,16,1.0
2025-07-30,high,-9.31909680458493e-05,0.3318188963105866,1.0990106361404017,17,1.0
2025-07-30,low,0.0014528681038012236,0.3403643047257851,-0.8759392039945926,17,1.0
2025-07-30,middle,-0.000932192250194495,0.3278167989636263,0.24096533543609805,16,1.0
2025-07-31,high,-0.0026110276090014588,0.32259723790063266,1.109926671474529,17,1.0
2025-07-31,low,-0.002978753606992345,0.340695140676295,-0.8840889141649869,17,1.0
2025-07-31,middle,-0.004248067276978386,0.33670762142307065,0.23022075931026628,16,1.0
2025-08-01,high,-0.0001675612447409875,0.33179695645286605,1.109926671474529,17,1.0
2025-08-01,low,-0.002902185241442078,0.3310517332782061,-0.8840889141649869,17,1.0
2025-08-01,middle,-0.0038232100240480735,0.3371506309753911,0.23022075931026628,16,1.0
2025-08-04,high,0.0046187280712181086,0.33064409155105273,1.109926671474529,17,1.0
2025-08-04,low,0.008094488231360438,0.33322024468645345,-0.8840889141649869,17,1.0
2025-08-04,middle,0.0048456361633309915,0.33613499611028186,0.23022075931026628,16,1.0
2025-08-05,high,-0.0014387768706598746,0.3306506127441084,1.109926671474529,17,1.0
2025-08-05,low,-0.0008425479108871759,0.33382902633297806,-0.8840889141649869,17,1.0
2025-08-05,middle,-0.0021071977135644414,0.3355196902458829,0.23022075931026628,16,1.0
2025-08-06,high,0.0005249463526275957,0.33367532571130426,1.109926671474529,17,1.0
2025-08-06,low,-0.0047648333001836666,0.33064528344722355,-0.8840889141649869,17,1.0
2025-08-06,middle,-0.0020739473275998253,0.3356787149118102,0.23022075931026628,16,1.0
2025-08-07,high,-0.0019234517882746813,0.3327809137143223,1.109926671474529,17,1.0
2025-08-07,low,0.003095603489578129,0.334501664725151,-0.8840889141649869,17,1.0
2025-08-07,middle,-0.003544238356275182,0.332716743426533,0.23022075931026628,16,1.0
2025-08-08,high,-0.002774493285898608,0.3277968588710204,1.109926671474529,17,1.0
2025-08-08,low,0.005436243380866793,0.3380742281087651,-0.8840889141649869,17,1.0
2025-08-08,middle,0.003176200348265063,0.3341282383397606,0.23022075931026628,16,1.0
2025-08-11,high,0.0019108015852930531,0.32951813878346364,1.109926671474529,17,1.0
2025-08-11,low,0.00024079004258160226,0.33813238085089553,-0.8840889141649869,17,1.0
2025-08-11,middle,-0.0016139012847961594,0.3323488059936563,0.23022075931026628,16,1.0
2025-08-12,high,-0.0005630375851141173,0.32527096072360523,1.109926671474529,17,1.0
2025-08-12,low,0.010466578287755495,0.34452620532332245,-0.8840889141649869,17,1.0
2025-08-12,middle,0.0017753534165393448,0.3302021668048185,0.23022075931026628,16,1.0
2025-08-13,high,0.0029444855766401065,0.32662799465329073,1.109926671474529,17,1.0
2025-08-13,low,0.0016842152988724916,0.34445080793439875,-0.8840889141649869,17,1.0
2025-08-13,middle,0.0003933079461687353,0.32892053331778676,0.23022075931026628,16,1.0
2025-08-14,high,-0.0010913120534615393,0.3262594455945771,1.109926671474529,17,1.0
2025-08-14,low,0.0003317643151329628,0.34552808979288546,-0.8840889141649869,17,1.0
2025-08-14,middle,-0.001426285029008492,0.32821179897381564,0.23022075931026628,16,1.0
2025-08-15,high,0.0006063664562217376,0.3292652447490803,1.109926671474529,17,1.0
2025-08-15,low,-0.0058154438213000965,0.34189813830687316,-0.8840889141649869,17,1.0
2025-08-15,middle,-0.0017649122050409042,0.32883594637974894,0.23022075931026628,16,1.0
2025-08-18,high,-0.002342522394295705,0.3278369863481126,1.109926671474529,17,1.0
2025-08-18,low,0.0006255757360761041,0.34348716512271166,-0.8840889141649869,17,1.0
2025-08-18,middle,-0.0010596880122831975,0.32867517604703655,0.23022075931026628,16,1.0
2025-08-19,high,0.004514373093066415,0.3315554095597618,1.109926671474529,17,1.0
2025-08-19,low,-0.002562310432160773,0.3399759091880184,-0.8840889141649869,17,1.0
2025-08-19,middle,0.000668358306295583,0.328468010235158,0.23022075931026628,16,1.0
2025-08-20,high,0.00297817298652835,0.3330150206567394,1.109926671474529,17,1.0
2025-08-20,low,-0.0006446225135713312,0.3378180811575076,-0.8840889141649869,17,1.0
2025-08-20,middle,0.0021768879110087513,0.3291662300858978,0.23022075931026628,16,1.0
2025-08-21,high,-0.0021136751801461495,0.33252182422626053,1.109926671474529,17,1.0
2025-08-21,low,-0.0026698886922663927,0.3367740139505175,-0.8840889141649869,17,1.0
2025-08-21,middle,-6.390814542157256e-05,0.3307034904317218,0.23022075931026628,16,1.0
2025-08-22,high,-0.0002218433754785453,0.3298084652353908,1.109926671474529,17,1.0
2025-08-22,low,0.006194050600437865,0.34038792145957886,-0.8840889141649869,17,1.0
2025-08-22,middle,0.00150952332352342,0.32980294664058457,0.23022075931026628,16,1.0
2025-08-25,high,-0.0023911727926957346,0.32948648077180054,1.109926671474529,17,1.0
2025-08-25,low,-0.00026991833342334087,0.3422696972401213,-0.8840889141649869,17,1.0
2025-08-25,middle,-0.0036043443108102332,0.3282431510555633,0.23022075931026628,16,1.0
2025-08-26,high,0.0004790326104166292,0.3287126450301175,1.109926671474529,17,1.0
2025-08-26,low,0.0023419231592265144,0.3432599216335854,-0.8840889141649869,17,1.0
2025-08-26,middle,0.001036846254314286,0.32802676493740923,0.23022075931026628,16,1.0
2025-08-27,high,0.0005782065264482813,0.32876514253315703,1.109926671474529,17,1.0
2025-08-27,low,0.0012513495050808668,0.34395916957788847,-0.8840889141649869,17,1.0
2025-08-27,middle,-0.0002085123338618531,0.3272750205335705,0.23022075931026628,16,1.0
2025-08-28,high,-0.0006242486472629442,0.3279146812291493,1.109926671474529,17,1.0
2025-08-28,low,0.002311197103331636,0.34600437150745034,-0.8840889141649869,17,1.0
2025-08-28,middle,-0.0008978643528053823,0.32608028034893466,0.23022075931026628,16,1.0
2025-08-29,high,0.0003367790470347048,0.3302685869330959,1.1171470226864666,17,1.0
2025-08-29,low,-0.004822392440385319,0.34301150872077696,-0.8853244405642496,17,1.0
2025-08-29,middle,-0.001251894221584042,0.3267192333756853,0.2173044470519948,16,1.0
2025-09-02,high,-0.001101290411868679,0.33001823592387186,1.1171470226864666,17,1.0
2025-09-02,low,-0.0027332962624940903,0.34438005673525834,-0.8853244405642496,17,1.0
2025-09-02,middle,-0.0024716275138878443,0.32560170734086746,0.2173044470519948,16,1.0
2025-09-03,high,0.0008359110741650592,0.3299682445116726,1.1171470226864666,17,1.0
2025-09-03,low,0.0011137575232511032,0.34456696629116984,-0.8853244405642496,17,1.0
2025-09-03,middle,0.0007408741158611008,0.32546478919715516,0.2173044470519948,16,1.0
2025-09-04,high,0.0016100784059236881,0.32925987473522333,1.1171470226864666,17,1.0
2025-09-04,low,0.0038527266247212525,0.345922417987733,-0.8853244405642496,17,1.0
2025-09-04,middle,0.0016494428910581054,0.32481770727704135,0.2173044470519948,16,1.0
2025-09-05,high,-0.0009044998679177215,0.32760263318657734,1.1171470226864666,17,1.0
2025-09-05,low,0.0024985861082138356,0.3475319401159699,-0.8853244405642496,17,1.0
2025-09-05,middle,0.0007963469556717542,0.3248654266974504,0.2173044470519948,16,1.0
2025-09-08,high,0.0031440506511730836,0.32944510973373264,1.1171470226864666,17,1.0
2025-09-08,low,0.0020150890179193026,0.3481511519375603,-0.8853244405642496,17,1.0
2025-09-08,middle,-0.001160977015477547,0.32240373832870434,0.2173044470519948,16,1.0
2025-09-09,high,3.41540867264671e-05,0.32835639069638783,1.1171470226864666,17,1.0
2025-09-09,low,0.002358248918582142,0.3492668453365423,-0.8853244405642496,17,1.0
2025-09-09,middle,0.0010769100506347999,0.32237676396706727,0.2173044470519948,16,1.0
2025-09-10,high,-0.0035494474287925504,0.3203208961632363,1.1171470226864666,17,1.0
2025-09-10,low,0.02446996800293618,0.3626930649333951,-0.8853244405642496,17,1.0
2025-09-10,middle,-0.0009178800978741999,0.3169860389033665,0.2173044470519948,16,1.0
2025-09-11,high,0.0059413330626117665,0.32299500373335205,1.1171470226864666,17,1.0
2025-09-11,low,0.001603306395170758,0.36010408724441634,-0.8853244405642496,17,1.0
2025-09-11,middle,0.0030789503156087254,0.3169009090222298,0.2173044470519948,16,1.0
2025-09-12,high,-0.0015903683676000621,0.32286510206342034,1.1171470226864666,17,1.0
2025-09-12,low,-0.0014848986822688568,0.3599996584714178,-0.8853244405642496,17,1.0
2025-09-12,middle,-0.0012139921443459379,0.3171352394651597,0.2173044470519948,16,1.0
2025-09-15,high,-0.003504928762981322,0.3196411559282201,1.1171470226864666,17,1.0
2025-09-15,low,0.0033860672218847003,0.3636044598257592,-0.8853244405642496,17,1.0
2025-09-15,middle,-0.0006917246698671537,0.31675438424601854,0.2173044470519948,16,1.0
2025-09-16,high,-0.0019379357589433517,0.31953778612962036,1.1171470226864666,17,1.0
2025-09-16,low,-9.527623255598953e-05,0.3655354509832536,-0.8853244405642496,17,1.0
2025-09-16,middle,-0.0036108759053390853,0.31492676288712373,0.2173044470519948,16,1.0
2025-09-17,high,-0.0008600786968487181,0.31834820414542286,1.1171470226864666,17,1.0
2025-09-17,low,0.001202097046544219,0.3663338884341231,-0.8853244405642496,17,1.0
2025-09-17,middle,0.0007261640809152511,0.31531790742045174,0.2173044470519948,16,1.0
2025-09-18,high,-0.0032010535040131816,0.31478315056375245,1.1171470226864666,17,1.0
2025-09-18,low,0.0017898281992949545,0.3679101162622782,-0.8853244405642496,17,1.0
2025-09-18,middle,0.002183577317398831,0.31730673317396735,0.2173044470519948,16,1.0
2025-09-19,high,-0.002195325973339573,0.31188489956984566,1.1171470226864666,17,1.0
2025-09-19,low,0.003663159673518678,0.37074670449880587,-0.8853244405642496,17,1.0
2025-09-19,middle,0.0007055525354469742,0.31736839593134647,0.2173044470519948,16,1.0
2025-09-22,high,7.506616851378939e-05,0.30931017893293605,1.1171470226864666,17,1.0
2025-09-22,low,0.006933438558993292,0.3741189445946909,-0.8853244405642496,17,1.0
2025-09-22,middle,0.0019854033635874225,0.3165708764723708,0.2173044470519948,16,1.0
2025-09-23,high,0.0011675845713189053,0.3104358106413019,1.1171470226864666,17,1.0
2025-09-23,low,-0.005015457252527731,0.3690707787691722,-0.8853244405642496,17,1.0
2025-09-23,middle,0.00393564350441769,0.3204934105895241,0.2173044470519948,16,1.0
2025-09-24,high,0.001607431746479947,0.3132407061920885,1.1171470226864666,17,1.0
2025-09-24,low,-0.0042386328535905455,0.3661958682937624,-0.8853244405642496,17,1.0
2025-09-24,middle,-0.0011012855996408606,0.3205634255141469,0.2173044470519948,16,1.0
2025-09-25,high,-0.001326236264923356,0.31637886382456926,1.1171470226864666,17,1.0
2025-09-25,low,-0.006193269274444326,0.3650763985477448,-0.8853244405642496,17,1.0
2025-09-25,middle,-0.006324772328101269,0.31854473762768365,0.2173044470519948,16,1.0
2025-09-26,high,0.0033239809599605375,0.3166233732731544,1.1171470226864666,17,1.0
2025-09-26,low,0.002604798811754818,0.364026604398727,-0.8853244405642496,17,1.0
2025-09-26,middle,0.003955057766784085,0.3193500223281165,0.2173044470519948,16,1.0
2025-09-29,high,0.0024201047991098575,0.3185336868911943,1.1171470226864666,17,1.0
2025-09-29,low,-0.0006845890266466524,0.36274146030469406,-0.8853244405642496,17,1.0
2025-09-29,middle,-0.00012696638531643908,0.31872485280410945,0.2173044470519948,16,1.0
2025-09-30,high,-0.0009404520230741722,0.318095729621723,1.1265548790510547,17,1.0
2025-09-30,low,-0.0018974878465562745,0.3613154916932749,-0.8905176828414743,17,1.0
2025-09-30,middle,0.0013343067359209365,0.32058877868499985,0.21207605349561884,16,1.0
2025-10-01,high,-0.003643340588879078,0.3168265229325098,1.1265548790510547,17,1.0
2025-10-01,low,0.0050120689454347745,0.36255315408415056,-0.9592714232532072,17,1.0
2025-10-01,middle,-0.0009819390343029713,0.3206203229833375,0.1858019540391382,16,1.0
2025-10-02,high,-0.000714054185720572,0.31478710529830256,1.1265548790510547,17,1.0
2025-10-02,low,0.004237817676891438,0.3651776265611365,-0.9592714232532072,17,1.0
2025-10-02,middle,0.0007597460065256306,0.3200352681405587,0.1858019540391382,16,1.0
2025-10-03,high,-0.0006909586602621583,0.31567677162613816,1.1265548790510547,17,1.0
2025-10-03,low,-0.00045004114666990917,0.36655908474940296,-0.9592714232532072,17,1.0
2025-10-03,middle,-0.0036575242960506897,0.3177641436244568,0.1858019540391382,16,1.0
2025-10-06,high,-0.0011459765961793701,0.31440215955452666,1.1265548790510547,17,1.0
2025-10-06,low,0.0018449834842003728,0.36820756605847654,-0.9592714232532072,17,1.0
2025-10-06,middle,-0.00022440850596943285,0.3173902743869945,0.1858019540391382,16,1.0
2025-10-07,high,-0.0001832761597849759,0.31670250726579985,1.1265548790510547,17,1.0
2025-10-07,low,-0.0067944462053077725,0.3640809147672189,-0.9592714232532072,17,1.0
2025-10-07,middle,-0.0006151783409956811,0.3192165779669791,0.1858019540391382,16,1.0
2025-10-08,high,-0.0012362143134141221,0.3153160120573141,1.1265548790510547,17,1.0
2025-10-08,low,0.0020979173428423803,0.3659124850743486,-0.9592714232532072,17,1.0
2025-10-08,middle,-0.00023689882026555668,0.31877150286833494,0.1858019540391382,16,1.0
2025-10-09,high,-0.0013722215309876127,0.31438929362289825,1.1265548790510547,17,1.0
2025-10-09,low,0.002658192086205491,0.36904732809904306,-0.9592714232532072,17,1.0
2025-10-09,middle,-0.0026337661050285796,0.31656337827805625,0.1858019540391382,16,1.0
2025-10-10,high,0.0003077207480968662,0.3200906430052871,1.1265548790510547,17,1.0
2025-10-10,low,-0.011508543554466726,0.3633905756823351,-0.9592714232532072,17,1.0
2025-10-10,middle,-0.005342513585850507,0.3165187813123756,0.1858019540391382,16,1.0
2025-10-13,high,0.0016010693710906893,0.31705376892026677,1.1265548790510547,17,1.0
2025-10-13,low,0.011335494472642812,0.3690289634262603,-0.9592714232532072,17,1.0
2025-10-13,middle,0.0020515999502997238,0.31391726765347105,0.1858019540391382,16,1.0
2025-10-14,high,0.0015353967844742614,0.31646362672346495,1.1265548790510547,17,1.0
2025-10-14,low,0.002939109804819933,0.3693048528078283,-0.9592714232532072,17,1.0
2025-10-14,middle,0.002412123464219326,0.31423152046870456,0.1858019540391382,16,1.0
2025-10-15,high,-0.00034303051756197155,0.3150632968247471,1.1265548790510547,17,1.0
2025-10-15,low,0.003780935468249093,0.3716693281898872,-0.9592714232532072,17,1.0
2025-10-15,middle,0.0001939013681342111,0.31326737498536367,0.1858019540391382,16,1.0
2025-10-16,high,-0.003220634997438238,0.3149260950435059,1.1265548790510547,17,1.0
2025-10-16,low,-0.0035333065803382123,0.37165240627995794,-0.9592714232532072,17,1.0
2025-10-16,middle,-0.002900749674128181,0.31342149867653446,0.1858019540391382,16,1.0
2025-10-17,high,0.003040176550674015,0.31677473185661825,1.1265548790510547,17,1.0
2025-10-17,low,-0.002328911380974846,0.3676524935789918,-0.9592714232532072,17,1.0
2025-10-17,middle,0.0033675443928590475,0.3155727745643879,0.1858019540391382,16,1.0
2025-10-20,high,0.0010619774094245665,0.3168600899072409,1.1265548790510547,17,1.0
2025-10-20,low,0.0007163223478380077,0.3670913627609819,-0.9592714232532072,17,1.0
2025-10-20,middle,0.0014934406305462708,0.31604854733177545,0.1858019540391382,16,1.0
2025-10-21,high,0.0006043713660334059,0.3163183506785239,1.1265548790510547,17,1.0
2025-10-21,low,0.0015173821826802553,0.3671698123445416,-0.9592714232532072,17,1.0
2025-10-21,middle,0.0016742229741117988,0.3165118369769328,0.1858019540391382,16,1.0
2025-10-22,high,4.4553513476149016e-05,0.3184482681439134,1.1265548790510547,17,1.0
2025-10-22,low,-0.005603564860277896,0.3637558786920398,-0.9592714232532072,17,1.0
2025-10-22,middle,-0.0007726686741729288,0.3177958531640447,0.1858019540391382,16,1.0
2025-10-23,high,-0.0024767643411112306,0.31625949708929674,1.1265548790510547,17,1.0
2025-10-23,low,0.002455303834390047,0.3663068495674715,-0.9592714232532072,17,1.0
2025-10-23,middle,-0.0005822838189935412,0.31743365334322965,0.1858019540391382,16,1.0
2025-10-24,high,-0.0006114582977300244,0.31307344696264183,1.1265548790510547,17,1.0
2025-10-24,low,0.006056253706713995,0.369221414412991,-0.9592714232532072,17,1.0
2025-10-24,middle,0.0028957117530514186,0.31770513862436506,0.1858019540391382,16,1.0
2025-10-27,high,3.0641136603703155e-05,0.3115198322667923,1.1265548790510547,17,1.0
2025-10-27,low,0.0037993193476007162,0.3710862378743906,-0.9592714232532072,17,1.0
2025-10-27,middle,0.0013095828828383243,0.31739392985881476,0.1858019540391382,16,1.0
2025-10-28,high,-0.0015410837551560735,0.3118111893479785,1.1265548790510547,17,1.0
2025-10-28,low,-0.0022915011187487726,0.37093043299782713,-0.9592714232532072,17,1.0
2025-10-28,middle,-0.0019490793267605065,0.3172583776541924,0.1858019540391382,16,1.0
2025-10-29,high,-0.0068855973539189265,0.3073295712693985,1.1265548790510547,17,1.0
2025-10-29,low,-0.00033783652631646073,0.373647447313227,-0.9592714232532072,17,1.0
2025-10-29,middle,-0.0008745386935335114,0.31902298141737234,0.1858019540391382,16,1.0
2025-10-30,high,0.0012889624918530599,0.3078756920305187,1.1265548790510547,17,1.0
2025-10-30,low,-0.00406580841681543,0.3684860237904845,-0.9592714232532072,17,1.0
2025-10-30,middle,0.006560986194868672,0.3236382841789945,0.1858019540391382,16,1.0
2025-10-31,high,0.0012111458199529886,0.3083045390371718,1.1222096453005281,17,1.0
2025-10-31,low,0.0006963809440187431,0.3226621324032888,-0.9346599390434874,17,1.0
2025-10-31,middle,0.0005213526542296975,0.36903332855953747,0.1909041357013466,16,1.0
2025-11-03,high,-0.0018329187377115299,0.3037271580097251,1.1222096453005281,17,1.0
2025-11-03,low,0.0015884217901423283,0.3257751706055314,-0.9346599390434874,17,1.0
2025-11-03,middle,-0.0022491203505465357,0.3704969657633249,0.1909041357013466,16,1.0
2025-11-04,high,0.0038149985858737345,0.3091797766097558,1.1222096453005281,17,1.0
2025-11-04,low,-0.00797872721371147,0.31933870659561525,-0.9346599390434874,17,1.0
2025-11-04,middle,-0.0008762941890277784,0.37148080723325955,0.1909041357013466,16,1.0
2025-11-05,high,0.0003115463018909094,0.3059948379936213,1.1222096453005281,17,1.0
2025-11-05,low,0.008267710766149057,0.32376176928028527,-0.9346599390434874,17,1.0
2025-11-05,middle,0.0029819590155085686,0.37024269100465423,0.1909041357013466,16,1.0
2025-11-06,high,-0.0006029594333495057,0.30754353942514473,1.1222096453005281,17,1.0
2025-11-06,low,-0.0046847036454798,0.3211834263280713,-0.9346599390434874,17,1.0
2025-11-06,middle,-0.0016016231576607826,0.3712723274359465,0.1909041357013466,16,1.0
2025-11-07,high,0.002570611104609691,0.3053464950631911,1.1222096453005281,17,1.0
2025-11-07,low,0.009326445515895338,0.3240488886091028,-0.9346599390434874,17,1.0
2025-11-07,middle,0.005157519395154015,0.37060392036336975,0.1909041357013466,16,1.0
2025-11-10,high,-0.00020327001428656528,0.3037716138990276,1.1222096453005281,17,1.0
2025-11-10,low,0.004554118955832344,0.32692971991816194,-0.9346599390434874,17,1.0
2025-11-10,middle,0.0003817576980057976,0.36929797325490044,0.1909041357013466,16,1.0
2025-11-11,high,0.0011426517946063204,0.3049656534978772,1.1222096453005281,17,1.0
2025-11-11,low,-0.0012659109379285238,0.3252680838139882,-0.9346599390434874,17,1.0
2025-11-11,middle,0.0004969385314075813,0.3697655695991098,0.1909041357013466,16,1.0
2025-11-12,high,0.00015320047445031924,0.3033413122512725,1.1222096453005281,17,1.0
2025-11-12,low,0.004412223998314621,0.3275581032220493,-0.9346599390434874,17,1.0
2025-11-12,middle,0.0014992181936785683,0.3690998953979296,0.1909041357013466,16,1.0
2025-11-13,high,0.0005881154852627406,0.30800324480923325,1.1222096453005281,17,1.0
2025-11-13,low,-0.00954826760154206,0.32201367366650674,-0.9346599390434874,17,1.0
2025-11-13,middle,-0.003897608892610073,0.3699823830919748,0.1909041357013466,16,1.0
2025-11-14,high,-0.001302056295407852,0.3085615207065573,1.1222096453005281,17,1.0
2025-11-14,low,-0.003523487183505824,0.3203373337317183,-0.9346599390434874,17,1.0
2025-11-14,middle,-0.0011323445098395354,0.3711004428505017,0.1909041357013466,16,1.0
2025-11-17,high,-0.0024353523993382187,0.3110208441531332,1.1222096453005281,17,1.0
2025-11-17,low,-0.009086956051496255,0.31590701694658113,-0.9346599390434874,17,1.0
2025-11-17,middle,-0.003821870908136848,0.37307142485665445,0.1909041357013466,16,1.0
2025-11-18,high,-0.0030797868766626294,0.3089632817948491,1.1222096453005281,17,1.0
2025-11-18,low,0.0002045767555301424,0.31720421869764737,-0.9346599390434874,17,1.0
2025-11-18,middle,-0.0006258920652153233,0.37383178276669526,0.1909041357013466,16,1.0
2025-11-19,high,-0.0015563562619914713,0.3073577941810705,1.1222096453005281,17,1.0
2025-11-19,low,0.0035506165006610507,0.32057775633623015,-0.9346599390434874,17,1.0
2025-11-19,middle,-0.0017182172046220627,0.3720637327790176,0.1909041357013466,16,1.0
2025-11-20,high,-0.00020124525552112977,0.3120635346174742,1.1222096453005281,17,1.0
2025-11-20,low,-0.011513111645876437,0.31359824925851204,-0.9346599390434874,17,1.0
2025-11-20,middle,-0.003575346126053481,0.3743374879385682,0.1909041357013466,16,1.0
2025-11-21,high,0.004806956112798603,0.31172172869720716,1.1222096453005281,17,1.0
2025-11-21,low,0.004148989719077857,0.3123096066551992,-0.9346599390434874,17,1.0
2025-11-21,middle,0.007884973859691093,0.3759679481874659,0.1909041357013466,16,1.0
2025-11-24,high,-0.0015584604188823238,0.30838292989046207,1.1222096453005281,17,1.0
2025-11-24,low,0.007464629835188685,0.31776620099442565,-0.9346599390434874,17,1.0
2025-11-24,middle,5.796932540446417e-05,0.3738501565882539,0.1909041357013466,16,1.0
2025-11-25,high,0.006334303958342586,0.3103528386149347,1.1222096453005281,17,1.0
2025-11-25,low,0.002879215927930422,0.3161682164332347,-0.9346599390434874,17,1.0
2025-11-25,middle,0.004802143045762754,0.3734782420995989,0.1909041357013466,16,1.0
2025-11-26,high,0.00047301746698487666,0.30882424989168633,1.1222096453005281,17,1.0
2025-11-26,low,0.005173795750290493,0.31920094505188573,-0.9346599390434874,17,1.0
2025-11-26,middle,0.0008937345145466774,0.3719741066576191,0.1909041357013466,16,1.0
2025-11-28,high,0.0007029270597571556,0.30857974565989454,1.1475444388530707,17,1.0
2025-11-28,low,0.0005048555659801019,0.3186958045637381,-0.9494146878058418,17,1.0
2025-11-28,middle,0.0019037010364557432,0.3727237535125187,0.1811424994959729,16,1.0
2025-12-01,high,-0.0029622908440175306,0.30512658903045603,1.1475444388530707,17,1.0
2025-12-01,low,-0.0011767358968599434,0.32539086174160486,-0.9494146878058418,17,1.0
2025-12-01,middle,-0.0033243493060086424,0.36948254922793694,0.1811424994959729,16,1.0
2025-12-02,high,-0.0020933049636175905,0.3027492379600213,1.1475444388530707,17,1.0
2025-12-02,low,0.002649167653533394,0.32772652494550525,-0.9494146878058418,17,1.0
2025-12-02,middle,0.0005168288425273002,0.36952423709447124,0.1811424994959729,16,1.0
2025-12-03,high,-0.0013430846528422343,0.3013592950701359,1.1475444388530707,17,1.0
2025-12-03,low,0.003663646135025172,0.3313517282961747,-0.9494146878058418,17,1.0
2025-12-03,middle,-0.0022620355814400228,0.3672889766336871,0.1811424994959729,16,1.0
2025-12-04,high,-0.0008091319369213708,0.30033995700199556,1.1475444388530707,17,1.0
2025-12-04,low,0.0009268473559411879,0.33197806300980987,-0.9494146878058418,17,1.0
2025-12-04,middle,0.0006363623107195693,0.36768197998819246,0.1811424994959729,16,1.0
2025-12-05,high,0.00012678872259688705,0.2996803304412384,1.1475444388530707,17,1.0
2025-12-05,low,-0.00020894091655992183,0.3307882634610844,-0.9494146878058418,17,1.0
2025-12-05,middle,0.0028678353106321992,0.36953140609767493,0.1811424994959729,16,1.0
2025-12-08,high,-0.0012399682734828457,0.29854635441015187,1.1475444388530707,17,1.0
2025-12-08,low,0.002744257652247827,0.3335990010358261,-0.9494146878058418,17,1.0
2025-12-08,middle,-0.001751377761776571,0.3678546445540199,0.1811424994959729,16,1.0
2025-12-09,high,-0.0034434220639891215,0.2950830551497042,1.1475444388530707,17,1.0
2025-12-09,low,0.0024412260186216727,0.336064166753498,-0.9494146878058418,17,1.0
2025-12-09,middle,0.0009246982712520058,0.36885277809679584,0.1811424994959729,16,1.0
2025-12-10,high,0.001015811225620358,0.29247364927888253,1.1475444388530707,17,1.0
2025-12-10,low,0.008086196541190888,0.3397627292067213,-0.9494146878058418,17,1.0
2025-12-10,middle,0.0034352098132707444,0.367763621514394,0.1811424994959729,16,1.0
2025-12-11,high,0.003743206773140862,0.29477755700790986,1.1475444388530707,17,1.0
2025-12-11,low,-0.0008965270679993221,0.3367855787771706,-0.9494146878058418,17,1.0
2025-12-11,middle,0.002411371378229073,0.36843686421491745,0.1811424994959729,16,1.0
2025-12-12,high,0.0009920866449216455,0.29920528690002546,1.1475444388530707,17,1.0
2025-12-12,low,-0.009448466628799784,0.330866800341531,-0.9494146878058418,17,1.0
2025-12-12,middle,-0.0026634519425133463,0.36992791275844134,0.1811424994959729,16,1.0
2025-12-15,high,0.0011646973232830597,0.2989768506673703,1.1475444388530707,17,1.0
2025-12-15,low,0.0004362401135404399,0.3296706379838541,-0.9494146878058418,17,1.0
2025-12-15,middle,0.0031814475929820185,0.37135251134877334,0.1811424994959729,16,1.0
2025-12-16,high,-0.0029850518341261803,0.29783475768236545,1.1475444388530707,17,1.0
2025-12-16,low,0.0010552111779509289,0.3327741650861347,-0.9494146878058418,17,1.0
2025-12-16,middle,-0.004230983715695391,0.3693910772314979,0.1811424994959729,16,1.0
2025-12-17,high,0.0027442921326697608,0.30213179963297515,1.1475444388530707,17,1.0
2025-12-17,low,-0.0073372427376423195,0.32676120093109573,-0.9494146878058418,17,1.0
2025-12-17,middle,-0.00020297224108597613,0.3711069994359273,0.1811424994959729,16,1.0
2025-12-18,high,-0.0019216306200025004,0.2989323644653475,1.1475444388530707,17,1.0
2025-12-18,low,0.0071174800405625046,0.3323018010510387,-0.9494146878058418,17,1.0
2025-12-18,middle,-0.0008156913037418292,0.3687658344836117,0.1811424994959729,16,1.0
2025-12-19,high,-0.0018660646156182595,0.2947263656599235,1.1475444388530707,17,1.0
2025-12-19,low,0.007324328327017321,0.3368024150781886,-0.9494146878058418,17,1.0
2025-12-19,middle,0.002659402329642721,0.36847121926188575,0.1811424994959729,16,1.0
2025-12-22,high,0.0009007973226796886,0.29317266382576024,1.1475444388530707,17,1.0
2025-12-22,low,0.004274060862611378,0.3382015401149323,-0.9494146878058418,17,1.0
2025-12-22,middle,0.0032475083422074985,0.36862579605930546,0.1811424994959729,16,1.0
2025-12-23,high,-0.00035508178741527435,0.29280451344235814,1.1475444388530707,17,1.0
2025-12-23,low,-0.0007668318997943776,0.3374189539430152,-0.9494146878058418,17,1.0
2025-12-23,middle,0.0012008829303751366,0.3697765326146247,0.1811424994959729,16,1.0
2025-12-24,high,0.0015028611260186502,0.29295040165451985,1.1475444388530707,17,1.0
2025-12-24,low,0.002612163180095067,0.3384446151538026,-0.9494146878058418,17,1.0
2025-12-24,middle,0.0005256123815857672,0.3686049831916753,0.1811424994959729,16,1.0
2025-12-26,high,0.00019682768533913506,0.29273871064084905,1.1475444388530707,17,1.0
2025-12-26,low,0.00089453612087416,0.33886892959268555,-0.9494146878058418,17,1.0
2025-12-26,middle,0.0002991409244820629,0.36839235976646323,0.1811424994959729,16,1.0
2025-12-29,high,-0.0006130129165311158,0.29324078483152555,1.1475444388530707,17,1.0
2025-12-29,low,-0.0026393833075194243,0.33749351815304357,-0.9494146878058418,17,1.0
2025-12-29,middle,-0.000538768170049011,0.369265697015429,0.1811424994959729,16,1.0
2025-12-30,high,-0.0012628872603251268,0.2929320546565779,1.1475444388530707,17,1.0
2025-12-30,low,-0.0007565814425312411,0.33782348307164045,-0.9494146878058418,17,1.0
2025-12-30,middle,-0.0012208454701426105,0.3692444622717797,0.1811424994959729,16,1.0
2025-12-31,high,-0.0021529531650214258,0.2933419282106541,1.1544642009509216,17,1.0
2025-12-31,low,-0.0037772284652660094,0.3779699103870506,-0.9525143769817056,17,1.0
2025-12-31,middle,-0.002847327809955675,0.3286881614022932,0.17957212633735198,16,1.0
