signal_date,execution_date,symbol,trade_notional,current_weight,target_weight,commission,slippage,market_impact,total_cost,adv_participation
2023-01-31,2023-02-01,AAPL,150000.000131909,0.0,0.150000000131909,15.0000000131909,75.00000006595451,20.80359631606267,110.80359639520807,1.5643082636346516e-05
2023-01-31,2023-02-01,CAT,149999.9973916793,0.0,0.1499999973916793,14.99999973916793,74.99999869583965,47.608331522271804,137.60832995727938,0.00017692751046309246
2023-01-31,2023-02-01,MSFT,149999.99661887673,0.0,0.14999999661887672,14.999999661887673,74.99999830943837,22.972831759319494,112.97282973064553,1.955813316650671e-05
2023-01-31,2023-02-01,SBUX,149999.9913542386,0.0,0.14999999135423858,14.99999913542386,74.9999956771193,63.1541482798497,153.15414309239287,0.00023984329176118352
2023-01-31,2023-02-01,DIS,149999.99184377934,0.0,0.14999999184377935,14.999999184377934,74.99999592188966,77.7926324079838,167.7926275142514,0.00013428761394138118
2023-01-31,2023-02-01,LLY,149999.96942068826,0.0,0.14999996942068825,14.999996942068826,74.99998471034412,43.618477569484845,133.61845922189778,0.00017286997677878226
2023-01-31,2023-02-01,WMT,39999.97110732146,0.0,0.03999997110732146,3.9999971107321457,19.99998555366073,6.461075387411567,30.461058051804443,5.3854755668457065e-05
2023-01-31,2023-02-01,MRK,20000.05271654444,0.0,0.02000005271654444,2.000005271654444,10.000026358272219,1.86847096955021,13.868502599476873,2.3216378763929633e-05
2023-01-31,2023-02-01,AMGN,20000.015841771314,0.0,0.020000015841771315,2.0000015841771313,10.000007920885656,2.529763034619973,14.52977253968276,3.903417474932591e-05
2023-01-31,2023-02-01,HD,20000.013573191525,0.0,0.020000013573191526,2.0000013573191526,10.000006786595762,2.7625926606520945,14.76260080456701,2.1765297815196917e-05
2023-02-28,2023-03-01,AAPL,-6997.689646845163,0.15734157625697692,0.15000000172854167,0.6997689646845163,3.4988448234225813,0.15899972778835478,4.357613515895452,6.858363378042789e-07
2023-02-28,2023-03-01,AMGN,7410.637275989024,0.020271907107693433,0.028046722598317846,0.7410637275989024,3.7053186379945116,0.4325082475197349,4.878890613113149,1.2204656330552041e-05
2023-02-28,2023-03-01,CAT,-6370.1919643754545,0.15668324075551956,0.15000000079674455,0.6370191964375455,3.185095982187727,0.39781279435801525,4.219927972983288,7.606565292743753e-06
2023-02-28,2023-03-01,DIS,7972.059451533343,0.1416361717582015,0.14999999918729237,0.7972059451533343,3.9860297257666715,0.5837490726004348,5.366984743520441,5.791653520877195e-06
2023-02-28,2023-03-01,HD,-17710.476528429856,0.018580815944901265,0.0,1.7710476528429855,8.855238264214929,1.8747584579255778,12.501044374983493,1.587188394814829e-05
2023-02-28,2023-03-01,LLY,-1307.2842398325593,0.14466298450488768,0.14329145687777914,0.13072842398325593,0.6536421199162796,0.031200634314115402,0.8155711782136509,1.1666389277413006e-06
2023-02-28,2023-03-01,MRK,-78.4049816126932,0.02089956942871013,0.020817311420001542,0.00784049816126932,0.0392024908063466,0.00048040611729318933,0.04752339508490911,9.780911701410176e-08
2023-02-28,2023-03-01,MSFT,-3416.127256341097,0.1535840064702034,0.15000000173196038,0.3416127256341097,1.7080636281705488,0.06697369927940061,2.116650053084059,4.193954184263945e-07
2023-02-28,2023-03-01,SBUX,890.9375504848272,0.14572136798519034,0.14665608855114382,0.08909375504848271,0.4454687752424135,0.022160028481985842,0.5567225587728821,1.4154468458774055e-06
2023-02-28,2023-03-01,WMT,543.3552763481106,0.04061835978771581,0.041188416972021864,0.05433552763481106,0.2716776381740553,0.007348709761888458,0.33336187557075486,6.165183180343554e-07
2023-02-28,2023-03-01,XOM,19063.185063081626,0.0,0.020000000136196988,1.9063185063081627,9.531592531540813,1.6985073147700147,13.136418352618989,1.1085439163219465e-05
2023-03-31,2023-04-03,AAPL,-11399.83438028143,0.16124315130273642,0.15000000009150155,1.139983438028143,5.699917190140716,0.27508304236948705,7.114983670538346,1.106802488165358e-06
2023-03-31,2023-04-03,AMGN,738.9577032727522,0.02728512075031469,0.028013921969652866,0.07389577032727522,0.36947885163637606,0.01716988841512356,0.46054451037877486,1.3085701925281197e-06
2023-03-31,2023-04-03,CAT,19932.32826697685,0.13034162825233458,0.1499999998761563,1.9932328266976849,9.966164133488425,3.0123389002362533,14.971735860422363,2.761300253596309e-05
2023-03-31,2023-04-03,DIS,7353.705825875424,0.14274736524985618,0.1499999992623527,0.7353705825875424,3.6768529129377123,0.5830777288482314,4.9953012243734864,9.09117363863213e-06
2023-03-31,2023-04-03,LLY,-2131.0715352927887,0.15037435672090718,0.14827257535163577,0.21310715352927886,1.0655357676463943,0.06497148164792324,1.3436144028235963,1.8837464330267851e-06
2023-03-31,2023-04-03,MRK,-116.31360145417517,0.020114714969505842,0.020000000021424262,0.011631360145417517,0.05815680072708758,0.0009236698458761224,0.07071183071838122,1.2012778341212373e-07
2023-03-31,2023-04-03,MSFT,-14654.676005782389,0.16445325728708365,0.15000000009155243,1.4654676005782388,7.327338002891194,0.5512728668287914,9.344078470298223,1.6730329523763323e-06
2023-03-31,2023-04-03,SBUX,17.973749194746432,0.14250663422233253,0.14252436093425555,0.0017973749194746431,0.008986874597373216,6.570212043279637e-05,0.010849951637280655,3.315440942712477e-08
2023-03-31,2023-04-03,WMT,-56.803771664633445,0.041245165444013125,0.04118914240254696,0.005680377166463344,0.028401885832316724,0.0002103328196445924,0.034292595818424663,5.257320905563545e-08
2023-03-31,2023-04-03,XOM,315.7337491556492,0.01968860580091585,0.019999999998921682,0.031573374915564924,0.15786687457782458,0.003785749512162542,0.19322599900555204,1.7763050799620254e-07
2023-04-28,2023-05-01,AAPL,3966.1191299771385,0.14626262838994572,0.1499999998861524,0.39661191299771387,1.9830595649885694,0.061290868289689056,2.440962346275972,4.6965036927560524e-07
2023-04-28,2023-05-01,AMGN,7906.905928207839,0.026158465972481837,0.03360933768632315,0.7906905928207839,3.9534529641039198,0.6416156092010905,5.385759166125794,1.785639059592346e-05
2023-04-28,2023-05-01,CAT,1263.9810987446983,0.13619283102177432,0.13738391146474116,0.12639810987446984,0.6319905493723491,0.05063676823637398,0.809025427483193,1.8390480117230954e-06
2023-04-28,2023-05-01,DIS,3361.1863711426013,0.1468326710112,0.14999999950670567,0.33611863711426015,1.6805931855713006,0.17652640866770694,2.1932382313532672,4.168886878891621e-06
2023-04-28,2023-05-01,LLY,-14756.317243126061,0.16390524041847518,0.15000000014553352,1.475631724312606,7.37815862156303,1.2671163155381533,10.12090666141379,1.3723295480197294e-05
2023-04-28,2023-05-01,MRK,-125.65554416684928,0.02041950848183196,0.020301100175444998,0.012565554416684927,0.06282777208342465,0.0012286065086097038,0.07662193300871928,1.8957883721006507e-07
2023-04-28,2023-05-01,MSFT,-2609.292650960157,0.15245880072237344,0.15000000015199919,0.2609292650960157,1.3046463254800784,0.04565022760711351,1.6112258181832078,3.16407661183861e-07
2023-04-28,2023-05-01,SBUX,-105.62703658894966,0.14878120304244002,0.14868166809080618,0.010562703658894966,0.05281351829447483,0.0009275273634225442,0.06430374931679234,2.0474943735557705e-07
2023-04-28,2023-05-01,WMT,-102.40016894823616,0.04012047679314289,0.04002398259816491,0.010240016894823616,0.05120008447411808,0.0005128125598732246,0.06195291392881492,1.3158775990691256e-07
2023-04-28,2023-05-01,XOM,1201.1001157181277,0.018868174146334567,0.02000000029412891,0.12011001157181277,0.6005500578590638,0.029896847587947778,0.7505569170188243,7.51195513635727e-07
2023-05-31,2023-06-01,AAPL,-13060.403836090805,0.1625415219347967,0.15000000265593708,1.3060403836090806,6.530201918045402,0.28903787032274403,8.125280171977227,1.304156566440231e-06
2023-05-31,2023-06-01,AMGN,1289.4493482132038,0.031007519054498903,0.0322457391021088,0.12894493482132038,0.644724674106602,0.04067906471955885,0.8143486736474812,2.685897230026607e-06
2023-05-31,2023-06-01,CAT,-140287.08631053305,0.13471353716312165,0.0,14.028708631053306,70.14354315526653,61.345032575202055,145.5172843615219,0.00023737986246962056
2023-05-31,2023-06-01,DIS,370.07150576883356,0.13248475968263945,0.13284012839729825,0.037007150576883356,0.1850357528844168,0.005795256560874172,0.22783816002217433,2.534665517329174e-07
2023-05-31,2023-06-01,LLY,-15450.755648143046,0.16483690659355146,0.1500000032124585,1.5450755648143046,7.725377824071523,1.192220775794709,10.462674164680537,1.0854355182523382e-05
2023-05-31,2023-06-01,META,156205.97055101488,0.0,0.14999997057708991,15.620597055101488,78.10298527550744,33.15962389715133,126.88320622776024,2.9721791364848108e-05
2023-05-31,2023-06-01,MRK,5344.466173029297,0.019725270686390753,0.024857403381938595,0.5344466173029297,2.6722330865146486,0.2787766741851575,3.485456378002736,7.915938631097917e-06
2023-05-31,2023-06-01,MSFT,-17425.738191441098,0.16673342402331368,0.15000000335584576,1.7425738191441098,8.71286909572055,0.6756314008074313,11.13107431567209,2.036494343174727e-06
2023-05-31,2023-06-01,NVDA,20827.46788002304,0.0,0.020000001012627385,2.082746788002304,10.41373394001152,1.355904401514235,13.85238512952806,1.173095898220693e-06
2023-05-31,2023-06-01,SBUX,21227.32459462408,0.12961603017158885,0.15000000175341813,2.1227324594624077,10.61366229731204,3.0504654050702054,15.786860161844654,3.14821490639722e-05
2023-05-31,2023-06-01,WMT,255.57162329073958,0.03981132868511832,0.04005674655127748,0.025557162329073957,0.12778581164536978,0.0015285027036255994,0.15487147667806933,2.755820832710202e-07
2023-05-31,2023-06-01,XOM,-19296.337689756223,0.018529702004980237,0.0,1.9296337689756222,9.648168844878112,2.1038901427942367,13.681692756647971,1.391002255053321e-05
2023-06-30,2023-07-03,AAPL,-4343.41801180654,0.15400842214239074,0.15000000012403078,0.43434180118065396,2.17170900590327,0.049924707261242526,2.6559755143451667,3.8897074705954163e-07
2023-06-30,2023-07-03,AMGN,-35251.143390582896,0.032532318776383636,0.0,3.5251143390582897,17.62557169529145,5.151732027014812,26.302418061364552,6.433157384778245e-05
2023-06-30,2023-07-03,CAT,21671.46106405527,0.0,0.020000000336845083,2.1671461064055273,10.835730532027636,3.2814297650286135,16.284306403461777,2.8081236371592578e-05
2023-06-30,2023-07-03,DIS,-2307.9447253864564,0.13037533679992033,0.12824539756099615,0.23079447253864563,1.1539723626932281,0.09285677874710031,1.4776236139789742,1.9243271034340926e-06
2023-06-30,2023-07-03,LLY,-2536.15845416419,0.15234055158796775,0.1500000001231795,0.253615845416419,1.268079227082095,0.08622049759710043,1.6079155700956145,2.1252661844753133e-06
2023-06-30,2023-07-03,META,-1298.8954981034033,0.15119871534644547,0.15000000011802544,0.12988954981034032,0.6494477490517017,0.021342864686409443,0.8006801635484514,2.0650250184023717e-07
2023-06-30,2023-07-03,MRK,21366.62593612915,0.02477771398401714,0.044496390295537654,2.1366625936129147,10.683312968064573,1.827270546701816,14.647246108379305,2.5282321698247864e-05
2023-06-30,2023-07-03,MSFT,3842.3611967341403,0.14645398954803823,0.14999999989786295,0.38423611967341403,1.9211805983670704,0.06902293685728571,2.3744396548977704,4.5048843063602643e-07
2023-06-30,2023-07-03,NVDA,-122.23348833799125,0.02049370799319391,0.02038090204066917,0.012223348833799125,0.061116744168995624,0.000583339703491972,0.07392343270628672,6.021890886589506e-09
2023-06-30,2023-07-03,SBUX,-603.3811397254466,0.1465185358186486,0.14596169182174012,0.06033811397254466,0.3016905698627233,0.014338175500449203,0.3763668593357172,9.057799810632794e-07
2023-06-30,2023-07-03,WMT,-417.2734888113244,0.0413007080029939,0.04091561768111316,0.04172734888113244,0.20863674440566218,0.0031448157152953234,0.25350890900209,4.538192814966665e-07
2023-07-31,2023-08-01,AAPL,820.7492319471921,0.14925838950743095,0.15000000027015767,0.08207492319471921,0.4103746159735961,0.003934485638710341,0.49638402480702565,8.684904782537639e-08
2023-07-31,2023-08-01,CAT,2424.040433174084,0.022965033823291642,0.025155342878180047,0.2424040433174084,1.2120202165870417,0.13223501698245002,1.5866592768869001,3.939860556137039e-06
2023-07-31,2023-08-01,CVX,22134.23238424741,0.0,0.020000000392212756,2.213423238424741,11.067116192123706,2.233717458850756,15.514256889399203,2.3164064744727897e-05
2023-07-31,2023-08-01,DIS,56.66973033331685,0.12351693552165716,0.12356814103035596,0.005666973033331685,0.028334865166658427,0.00032546409886841804,0.03432730229885853,4.1404716232578705e-08
2023-07-31,2023-08-01,LLY,6414.855901572777,0.14420367812316584,0.1499999993291703,0.6414855901572777,3.2074279507863883,0.3085886011368793,4.157502142080546,6.182755616842059e-06
2023-07-31,2023-08-01,META,-17367.654257460574,0.16569302661767524,0.1500000002713795,1.7367654257460574,8.683827128730286,0.6658404929751016,11.086433047451445,1.8442079267602777e-06
2023-07-31,2023-08-01,MRK,667.2283628137535,0.04011505105505561,0.040717943772829175,0.06672283628137535,0.33361418140687676,0.011520223627855108,0.41185724131610724,9.206796316739088e-07
2023-07-31,2023-08-01,MSFT,4274.209530756848,0.14613791895086536,0.14999999967756697,0.4274209530756848,2.137104765378424,0.0648846022778857,2.6294103207319943,3.826626818498546e-07
2023-07-31,2023-08-01,NVDA,141792.29248995043,0.021879616926033085,0.14999998072188722,14.179229248995043,70.89614624497521,23.24411174840323,108.31948724237348,7.257069624689495e-06
2023-07-31,2023-08-01,SBUX,-161515.95199401313,0.14594222411470872,0.0,16.151595199401314,80.75797599700657,47.25813417926109,144.16770537566896,0.00026341233164615686
2023-07-31,2023-08-01,WMT,299.32818667774626,0.040288125360116445,0.04055859165626032,0.029932818667774627,0.14966409333887312,0.0023886809959232525,0.181985593002571,4.3457560365608684e-07
2023-08-31,2023-09-01,AAPL,7312.439539262222,0.1434817019831798,0.14999999486405544,0.7312439539262222,3.656219769631111,0.11812968852573129,4.505593412083065,7.020623331676423e-07
2023-08-31,2023-09-01,AMGN,22436.748475794062,0.0,0.020000069344097607,2.243674847579406,11.218374237897033,2.8993311909093675,16.361380276385805,3.787905988390069e-05
2023-08-31,2023-09-01,CAT,140673.98648987012,0.02460350758637346,0.14999999664286007,14.067398648987012,70.33699324493506,58.28779235003177,142.69218424395385,0.00023370258203684273
2023-08-31,2023-09-01,CVX,-179.7629455614398,0.02016023937438519,0.01999999907126788,0.017976294556143982,0.0898814727807199,0.0014186542530703063,0.10927642158993418,1.761526121388109e-07
2023-08-31,2023-09-01,DIS,2900.84656272532,0.11175473572309004,0.11434054411122103,0.290084656272532,1.45042328136266,0.09435276019505823,1.8348606978302504,2.042983202435816e-06
2023-08-31,2023-09-01,HD,22436.67193673915,0.0,0.020000001117348645,2.243667193673915,11.218335968369574,1.707866177226697,15.169869339270186,2.3765229143270348e-05
2023-08-31,2023-09-01,LLY,-36227.60241138357,0.18229320807302724,0.1500000011861311,3.622760241138357,18.113801205691782,5.985524962033067,27.722086408863206,2.1539266060786976e-05
2023-08-31,2023-09-01,META,-526.5589067318165,0.13586904775643166,0.1353996742792654,0.052655890673181646,0.26327945336590824,0.005147910699833351,0.32108325473892324,9.796559375384452e-08
2023-08-31,2023-09-01,MRK,-47002.578128628214,0.04189799707110459,0.0,4.700257812862821,23.501289064314104,7.633453661466045,35.835000538642966,7.052195092604793e-05
2023-08-31,2023-09-01,MSFT,5757.882734951718,0.14486743431075827,0.1499999985991379,0.5757882734951718,2.878941367475859,0.1274538704109506,3.582183511381981,8.76674896131499e-07
2023-08-31,2023-09-01,NVDA,-173107.69356693904,0.1543078258006389,0.0,17.310769356693903,86.55384678346952,17.754838992600167,121.6194551327636,6.070294453817421e-06
2023-08-31,2023-09-01,WMT,55525.62021990146,0.04076430232101084,0.09025972078461489,5.552562021990146,27.76281010995073,5.500012388259977,38.81538452020085,6.105148061078099e-05
2023-09-29,2023-10-02,AAPL,-1026.920886883463,0.14112335688808914,0.1401839209634122,0.1026920886883463,0.5134604434417315,0.006553508887169485,0.6227060410172472,8.797466533264239e-08
2023-09-29,2023-10-02,AMGN,403.78311995669577,0.021285140745810074,0.021654524963728414,0.040378311995669575,0.2018915599783479,0.007339116086827726,0.2496089880608452,7.092336563454938e-07
2023-09-29,2023-10-02,CAT,2048.400961286387,0.14607226933607298,0.1479461638840895,0.2048400961286387,1.0242004806431935,0.10320383818848844,1.3322444149603205,3.692256388871206e-06
2023-09-29,2023-10-02,CVX,469.90982265047154,0.020797512943222584,0.021227390428815607,0.04699098226504715,0.23495491132523574,0.005415030904683026,0.2873609244949659,4.126696499950367e-07
2023-09-29,2023-10-02,DIS,54.77763107465596,0.11734379807636726,0.11739390911720547,0.0054777631074655955,0.02738881553732798,0.00027485156478799887,0.033141430209581574,4.264074768828733e-08
2023-09-29,2023-10-02,HD,1672.9482485006415,0.0184695724806258,0.019999999707144184,0.16729482485006414,0.8364741242503207,0.03412755383123465,1.0378965029316196,2.0241278566207566e-06
2023-09-29,2023-10-02,LLY,960.1546248247365,0.14868492010679885,0.1495632776894774,0.09601546248247365,0.48007731241236823,0.02695130101342758,0.6030440759082695,5.916218282225748e-07
2023-09-29,2023-10-02,META,-3495.3598956032056,0.14379799249042166,0.1406004076544855,0.34953598956032056,1.747679947801603,0.08010984064888219,2.1773257780108057,5.757761480096509e-07
2023-09-29,2023-10-02,MSFT,-1790.7251777046547,0.1506714280612521,0.14903325750240345,0.17907251777046548,0.8953625888523273,0.020328519867512208,1.0947636264903051,2.698532516371152e-07
2023-09-29,2023-10-02,WMT,703.0315518977387,0.09175400887133948,0.09239714808923823,0.07030315518977387,0.35151577594886935,0.007645250321038885,0.4294641814596821,8.038678829230789e-07
2023-10-31,2023-11-01,AAPL,-540.4787805424544,0.14108972043949244,0.14059271671994314,0.05404787805424544,0.2702393902712272,0.00260852710955397,0.32689579543502656,5.852940216985237e-08
2023-10-31,2023-11-01,AMGN,16381.310876793215,0.021319800520018185,0.03638343063827811,1.6381310876793216,8.190655438396607,1.7101064913859605,11.53889301746189,2.3048772451119074e-05
2023-10-31,2023-11-01,CAT,-1409.142509144509,0.127537436072112,0.12624164224332013,0.1409142509144509,0.7045712545722544,0.047658331211534156,0.8931438366982395,1.8380446223096463e-06
2023-10-31,2023-11-01,CVX,1688.7512028962467,0.018447088635637307,0.01999999997915095,0.16887512028962468,0.8443756014481234,0.04414710781870463,1.0573978295564526,1.1310986222827196e-06
2023-10-31,2023-11-01,DIS,2759.2226268653076,0.11713615004949643,0.11967342617944977,0.27592226268653075,1.3796113134326538,0.11571228039359362,1.7712458565127782,3.0549491555721317e-06
2023-10-31,2023-11-01,HD,849.6290459603247,0.01921871344406779,0.01999999998348678,0.08496290459603247,0.4248145229801623,0.014093573176450208,0.523871000752645,1.1679135498275232e-06
2023-10-31,2023-11-01,LLY,-5280.265946436923,0.15485553176368838,0.15000000013124432,0.5280265946436923,2.6401329732184613,0.34713750525102965,3.515297073113183,2.8070447228246867e-06
2023-10-31,2023-11-01,META,-3013.444046667353,0.14364690708610914,0.1408758586124869,0.30134440466673534,1.5067220233336767,0.05707868798749928,1.8651451159879113,4.124967235920245e-07
2023-10-31,2023-11-01,MSFT,-12076.299769363539,0.16110490584668388,0.15000000012264753,1.2076299769363539,6.038149884681769,0.30915663155220324,7.5549364931703265,1.4936982997215635e-06
2023-10-31,2023-11-01,WMT,640.7172996395994,0.0956437461426944,0.09623292538999226,0.06407172996395995,0.3203586498197997,0.0071177661128203895,0.39154814589658005,7.739541701180005e-07
2023-11-30,2023-12-01,AAPL,6263.612059784843,0.14461731502622938,0.14999999872328132,0.6263612059784843,3.1318060298924215,0.09041319009700245,3.848580425967908,6.552874617885476e-07
2023-11-30,2023-12-01,AMGN,120168.47844697972,0.035793063763414706,0.13906077952586157,12.016847844697972,60.08423922348987,40.27417798782895,112.37526505601679,0.00022248014847304907
2023-11-30,2023-12-01,CAT,-152043.4212647534,0.13065969556772025,0.0,15.20434212647534,76.0217106323767,59.78053013565846,151.0065828945105,0.00021395958258421533
2023-11-30,2023-12-01,CVX,-22103.571970827106,0.018994876336270457,0.0,2.2103571970827107,11.051785985413552,2.1610479925711377,15.423191175067402,1.5675199085758734e-05
2023-11-30,2023-12-01,DIS,109.47454127264025,0.12771325206388032,0.1278073298616312,0.010947454127264025,0.054737270636320126,0.0008076243771686707,0.06649234914075282,7.905054118760059e-08
2023-11-30,2023-12-01,HD,-479.05685783782985,0.020981189720462118,0.02056950848700891,0.047905685783782986,0.2395284289189149,0.006908341636942083,0.29434245633963996,4.919898902425922e-07
2023-11-30,2023-12-01,HON,23273.19380390451,0.0,0.019999999947460066,2.327319380390451,11.636596901952254,2.761360829875719,16.725277112218425,5.182701321285996e-05
2023-11-30,2023-12-01,LLY,1984.609874246728,0.1479266551634094,0.14963214508091285,0.1984609874246728,0.9923049371233639,0.060692180549277455,1.2514581050973141,9.326694439557983e-07
2023-11-30,2023-12-01,META,1072.139468556694,0.1371244517305487,0.1380458031142684,0.1072139468556694,0.536069734278347,0.013888192352474817,0.6571718734864913,2.1300829758516444e-07
2023-11-30,2023-12-01,MSFT,-2330.9725449837524,0.15200313947641522,0.15000000010628783,0.23309725449837523,1.1654862724918762,0.02507559621018528,1.4236591232004365,2.4009381630791305e-07
2023-11-30,2023-12-01,WMT,812.3206282963985,0.08418636115164933,0.08488443519598282,0.08123206282963985,0.4061603141481992,0.013061591893125484,0.5004539688709645,6.029031058947207e-07
2023-11-30,2023-12-01,XOM,23273.193815360482,0.0,0.019999999957304847,2.3273193815360482,11.636596907680241,1.9721372269443858,15.936053516160674,1.2020338780434561e-05
2023-12-29,2024-01-02,AAPL,8882.481899877459,0.1425262538187892,0.15000000029551025,0.8882481899877459,4.441240949938729,0.12794083973697312,5.457429979663448,8.676368949230573e-07
2023-12-29,2024-01-02,AMGN,1689.8205498583688,0.1485781800009537,0.14999999999711594,0.16898205498583688,0.8449102749291844,0.0596081211199688,1.0735004510349901,2.6638475661622163e-06
2023-12-29,2024-01-02,AMZN,23769.825577838652,0.0,0.020000001369785674,2.3769825577838652,11.884912788919326,1.2390457713577125,15.500941118060904,3.4131922720925927e-06
2023-12-29,2024-01-02,COST,23769.824191273947,0.0,0.02000000020312604,2.3769824191273945,11.884912095636974,1.8227299234212526,16.08462443818562,1.3912835884755845e-05
2023-12-29,2024-01-02,DIS,32118.700508176855,0.12297523082117155,0.15000000018919663,3.2118700508176854,16.05935025408843,4.599276261642439,23.870496566548553,3.2180686053445004e-05
2023-12-29,2024-01-02,HD,21704.186797898405,0.021738040762372703,0.04000000756842121,2.1704186797898406,10.852093398949203,1.7546483134991042,14.777160392238146,1.586011064458313e-05
2023-12-29,2024-01-02,HON,-24586.723789694013,0.020687341935351922,0.0,2.458672378969401,12.293361894847008,2.5549038668182478,17.306938140634657,4.283934794640324e-05
2023-12-29,2024-01-02,LLY,1768.4839702253375,0.14851198671987986,0.14999999435002112,0.17684839702253374,0.8842419851126688,0.05739065349571832,1.118481035630921,1.0884632875226635e-06
2023-12-29,2024-01-02,META,7064.463963321999,0.1440559349852697,0.14999999580643827,0.7064463963321999,3.532231981660999,0.21189148744778355,4.450569865440983,1.2606230345539364e-06
2023-12-29,2024-01-02,MSFT,5468.688863543412,0.1453986296232678,0.15000000056743545,0.5468688863543412,2.7343444317717056,0.08043164968750566,3.361644967813552,5.741928264029349e-07
2023-12-29,2024-01-02,WMT,-102295.09818419418,0.08607139741545693,0.0,10.229509818419418,51.147549092097094,18.93795537657969,80.3150142870962,7.52201824508459e-05
2023-12-29,2024-01-02,XOM,645.3456518741286,0.019457003917486324,0.01999999965294941,0.06453456518741287,0.3226728259370643,0.007854770281633774,0.39506216140611095,3.0703941692462733e-07
2024-01-31,2024-02-01,AAPL,13349.307906968188,0.13961234106464726,0.14999999916973517,1.3349307906968189,6.674653953484094,0.2763205646287402,8.285905308809653,1.3019971383830929e-06
2024-01-31,2024-02-01,AMGN,-1764.059473751816,0.1513726888563294,0.14999999996353594,0.17640594737518162,0.882029736875908,0.05057351612610645,1.109009200377196,2.5764497378015718e-06
2024-01-31,2024-02-01,AMZN,2383.4880852576157,0.019646739143759976,0.021501431499330176,0.23834880852576157,1.1917440426288077,0.027753871559573824,1.457846722714143,3.4200540139729236e-07
2024-01-31,2024-02-01,COST,-25770.20888460272,0.020052883719179144,0.0,2.577020888460272,12.88510444230136,2.1595651764853048,17.621690507246935,1.855196176202276e-05
2024-01-31,2024-02-01,DIS,2042.9442287225615,0.14841029833648936,0.14999999919016846,0.20429442287225616,1.0214721143612808,0.07054556076426756,1.2963120979978044,1.8560880226827582e-06
2024-01-31,2024-02-01,HD,-122.10572977679413,0.03859357961467337,0.03849856400918782,0.012210572977679414,0.06105286488839706,0.0008546208859967666,0.07411805875207324,1.1834119200607711e-07
2024-01-31,2024-02-01,LLY,-6015.832636145173,0.154681173283919,0.1500000008158627,0.6015832636145173,3.0079163180725863,0.28183519200541846,3.8913347736925217,3.3084621295271513e-06
2024-01-31,2024-02-01,META,-10438.566055745327,0.15812268821982634,0.1500000008078551,1.0438566055745326,5.219283027872663,0.2998580630609551,6.562997696508151,1.7024881571561087e-06
2024-01-31,2024-02-01,MSFT,-1296.3546462445843,0.15100874848203702,0.15000000039247488,0.12963546462445844,0.6481773231222921,0.00792374631344355,0.7857365340601941,1.342297294997505e-07
2024-01-31,2024-02-01,NVDA,25702.24964487473,0.0,0.020000001775613546,2.570224964487473,12.851124822437365,0.7564907640704105,16.17784055099525,9.78084062456962e-07
2024-01-31,2024-02-01,XOM,1929.1375604432596,0.01849885927913916,0.020000002376236177,0.19291375604432595,0.9645687802216298,0.037841620668678105,1.1953241569346338,1.0723438340453043e-06
2024-02-29,2024-03-01,AAPL,23338.280503789443,0.1332424681738253,0.1500000002125033,2.333828050378944,11.66914025189472,0.6076516494178855,14.61061995169155,2.200147828493673e-06
2024-02-29,2024-03-01,AMGN,-167791.13387622396,0.12047868313522005,0.0,16.779113387622395,83.89556693811198,50.391087078045906,151.06576740378028,0.00016351496704995977
2024-02-29,2024-03-01,AMZN,217.5167416262578,0.022198576399540263,0.02235475944679428,0.02175167416262578,0.1087583708131289,0.0009003148187869763,0.13141035979454166,2.4373623753530713e-08
2024-02-29,2024-03-01,CAT,203334.9948292551,0.0,0.14600016011815473,20.33349948292551,101.66749741462756,77.87476169081184,199.87575858836493,0.00024788958248818534
2024-02-29,2024-03-01,DIS,-13423.592384767422,0.15963851262019813,0.15000000135860928,1.3423592384767422,6.711796192383711,1.21190441335295,9.266059844213403,8.682297794546915e-06
2024-02-29,2024-03-01,HD,275.32828246052736,0.03792800296124402,0.03812569629660938,0.027532828246052736,0.1376641412302637,0.0023987206799632415,0.16759569015627968,2.60572933480057e-07
2024-02-29,2024-03-01,LLY,-19769.939070932982,0.16419536539158813,0.15000000137022937,1.9769939070932983,9.88496953546649,1.3369764643079765,13.198939906867766,7.116869316380998e-06
2024-02-29,2024-03-01,META,-36611.18125400339,0.1762878438545183,0.15000000132309474,3.6611181254003395,18.3055906270017,3.2050205510089245,25.171729303410963,3.3810059837123802e-06
2024-02-29,2024-03-01,MSFT,10185.730532322985,0.14268636290257022,0.149999999642219,1.0185730532322985,5.092865266161492,0.18518840585929958,6.296626725253089,1.1420660524840028e-06
2024-02-29,2024-03-01,NVDA,-796.1107031559463,0.024091006701053887,0.02351937715823885,0.07961107031559464,0.39805535157797317,0.005179934069675109,0.4828463559632429,1.9830786555028052e-08
2024-02-29,2024-03-01,WMT,27854.08261370202,0.0,0.02000000307354719,2.785408261370202,13.92704130685101,1.763831651278682,18.476281219499892,1.8903291449467135e-05
2024-02-29,2024-03-01,XOM,-26813.97621407249,0.019253177860241704,0.0,2.681397621407249,13.406988107036243,2.053891276418651,18.14227700486214,1.556961426850866e-05
2024-03-28,2024-04-01,AAPL,14144.181469690777,0.1399822742268746,0.15000000000346042,1.4144181469690777,7.072090734845388,0.30111538437915053,8.787624266193616,1.155050318969721e-06
2024-03-28,2024-04-01,AMZN,-265.2848896812868,0.022383488235903755,0.02219559816370737,0.02652848896812868,0.13264244484064341,0.0014519672403312436,0.16062290104910334,4.276390632282453e-08
2024-03-28,2024-04-01,CAT,-7805.223235916035,0.1555281101212883,0.15000000047634382,0.7805223235916036,3.9026116179580175,0.5537763281416932,5.236910269691315,1.0865111271621337e-05
2024-03-28,2024-04-01,DIS,-14920.746808026091,0.16056773489185602,0.15000000071614755,1.492074680802609,7.460373404013045,1.5813253504925517,10.533773435308206,1.2102400668681103e-05
2024-03-28,2024-04-01,HD,1888.158754993155,0.036204158850750956,0.0375414618732492,0.1888158754993155,0.9440793774965776,0.04295230242595639,1.1758475554218495,1.577195410017227e-06
2024-03-28,2024-04-01,LLY,8709.732580162236,0.1438312638798645,0.14999999925436674,0.8709732580162236,4.354866290081118,0.44869243250407514,5.674531980601417,3.914708398914181e-06
2024-03-28,2024-04-01,META,112.17186091824232,0.14468605612149393,0.14476550270841282,0.011217186091824231,0.056085930459121164,0.0007039640321664227,0.06800708058311182,1.6268540311623498e-08
2024-03-28,2024-04-01,MSFT,-1608.4483193952635,0.15113919636137765,0.15000000041539518,0.16084483193952634,0.8042241596976318,0.01311781449180157,0.9781868061289598,1.8416845710965657e-07
2024-03-28,2024-04-01,NVDA,-188.00839607668584,0.025471557352296153,0.025338398953584435,0.018800839607668585,0.09400419803834292,0.0005584620772076462,0.11336349972321916,3.470286113802852e-09
2024-03-28,2024-04-01,WMT,-66.53301666955777,0.02020615995829426,0.02015903743533223,0.0066533016669557766,0.033266508334778885,0.0002319466382882554,0.04015175664002291,6.630478793635974e-08
2024-04-30,2024-05-01,AAPL,-11005.19247479276,0.15825934768097238,0.15000000008576136,1.100519247479276,5.50259623739638,0.24488441346603732,6.847999898341694,1.1351305668828127e-06
2024-04-30,2024-05-01,AMZN,-698.7637613317769,0.02326269343437097,0.022738274365372825,0.0698763761331777,0.34938188066588843,0.004842227551960274,0.42410048435102643,9.046291175694444e-08
2024-04-30,2024-05-01,CAT,6404.5071215816815,0.14519344585423785,0.14999999972544978,0.6404507121581682,3.2022535607908407,0.44188833840338165,4.28459261135239,6.806820630632759e-06
2024-04-30,2024-05-01,DIS,7341.673210953059,0.1444901070352607,0.14999999985345533,0.7341673210953059,3.67083660547653,0.5986979474462887,5.003701874018125,7.292987019385284e-06
2024-04-30,2024-05-01,HD,314.351690576511,0.035881737033022984,0.036117656566966666,0.0314351690576511,0.15717584528825548,0.003047747985754549,0.19165876233166113,2.597523665050229e-07
2024-04-30,2024-05-01,LLY,-16425.465533511553,0.1623272383018149,0.15000000008538517,1.6425465533511554,8.212732766755776,1.4118575441245642,11.267136864231494,8.525636307218569e-06
2024-04-30,2024-05-01,META,-3788.2119559598627,0.13711130546222314,0.13426826937900407,0.37882119559598626,1.8941059779799314,0.08521661962680326,2.358143793202721,3.817109246697132e-07
2024-04-30,2024-05-01,MSFT,2865.488876491519,0.14784946343035152,0.14999999998074473,0.28654888764915193,1.4327444382457595,0.035013579875889926,1.7543069057708014,3.4969470687655006e-07
2024-04-30,2024-05-01,NVDA,14760.099232743141,0.024673325869345352,0.0357507141460396,1.4760099232743142,7.380049616371571,0.5279409891532979,9.384000528799183,3.804071410696042e-07
2024-04-30,2024-05-01,WMT,231.51359325062836,0.020951335898399884,0.02112508581182057,0.023151359325062838,0.11575679662531418,0.0017086086495043788,0.1406167645998814,2.916077238305502e-07
2024-05-31,2024-06-03,AAPL,-17966.330859266607,0.16274809012574173,0.15000000060810761,1.7966330859266608,8.983165429633303,0.5446176407377398,11.324416156297703,1.625835776636112e-06
2024-05-31,2024-06-03,AMGN,28186.70457116188,0.0,0.02000000088470743,2.818670457116188,14.09335228558094,5.087621824025537,21.999644566722665,3.3088348814497915e-05
2024-05-31,2024-06-03,AMZN,156831.4785095698,0.021417918289947515,0.132698387456623,15.68314785095698,78.4157392547849,16.338996064444917,110.4378831701868,2.289233864520838e-05
2024-05-31,2024-06-03,CAT,4975.209439150548,0.1419369514821457,0.14546713334265376,0.4975209439150548,2.487604719575274,0.31116065279554134,3.29628631628587,5.681466154732802e-06
2024-05-31,2024-06-03,DIS,25486.10188193748,0.13191614634026716,0.14999992264336842,2.548610188193748,12.74305094096874,3.014439556616958,18.306100685779448,1.9027640262089456e-05
2024-05-31,2024-06-03,HD,1157.5232322705965,0.03397351910453578,0.034794844833161996,0.11575232322705965,0.5787616161352982,0.024170686939503368,0.7186846263018613,9.697892730092945e-07
2024-05-31,2024-06-03,LLY,-2851.7440858711866,0.1520234682058155,0.1500000005777929,0.2851744085871187,1.4258720429355933,0.0901792814296706,1.8012257329523826,1.3965835047927976e-06
2024-05-31,2024-06-03,META,-194501.74620954986,0.13800957421067497,0.0,19.450174620954986,97.25087310477493,39.20973205651689,155.9107797822468,3.375367378308411e-05
2024-05-31,2024-06-03,MSFT,1488.5489561511288,0.1487521839662822,0.14980839046125544,0.14885489561511286,0.7442744780755643,0.01333962533051148,0.9064689990211887,1.937376908081276e-07
2024-05-31,2024-06-03,NVDA,-2877.7676491713128,0.046807362886663526,0.04476543012421161,0.2877767649171313,1.4388838245856566,0.03891535757640501,1.7655759470791927,6.668181647654863e-08
2024-05-31,2024-06-03,WMT,72.02221361736383,0.022414785387926035,0.02246588906811785,0.007202221361736383,0.036011106808681914,0.000332975128952564,0.04354630329937086,6.319406026031823e-08
2024-06-28,2024-07-01,AAPL,-12144.08279177633,0.15813381670062793,0.15000000004677344,1.2144082791776332,6.072041395888165,0.2722042845831273,7.558653959648925,6.598990156531437e-07
2024-06-28,2024-07-01,AMGN,1351.4707389185999,0.019094817135956448,0.019999999963831852,0.13514707389185998,0.6757353694592999,0.057018765769395956,0.8679012091205558,1.8043638372095172e-06
2024-06-28,2024-07-01,AMZN,-114.94130333445905,0.1384736424579725,0.13839665751779154,0.011494130333445905,0.057470651667229526,0.0003250474257175741,0.069289829426393,1.4152867310904962e-08
2024-06-28,2024-07-01,CAT,4157.438674234954,0.13633572707267033,0.13912028021724954,0.41574386742349545,2.078719337117477,0.18477924619640212,2.6792424507373744,3.2720500429594916e-06
2024-06-28,2024-07-01,DIS,22331.67777331601,0.1350427753483922,0.14999999984163373,2.2331677773316008,11.165838886658005,2.754713312946819,16.153719976936426,2.2864844939149907e-05
2024-06-28,2024-07-01,HD,1620.4379722437068,0.03365549103010105,0.034740821687933805,0.16204379722437068,0.8102189861218534,0.03785683735955989,1.0101196207057839,1.301332266521077e-06
2024-06-28,2024-07-01,LLY,-8526.904742794854,0.1557111172211992,0.1500000000465253,0.8526904742794853,4.263452371397427,0.40031028686554393,5.5164531325424555,3.615922462610357e-06
2024-06-28,2024-07-01,MSFT,-9182.427058056906,0.15615017041265455,0.15000000004505756,0.9182427058056907,4.591213529028453,0.18315388623963208,5.692610121073775,1.0961055697919404e-06
2024-06-28,2024-07-01,NVDA,132.64543895754355,0.04566621779501355,0.045755060542461,0.013264543895754355,0.06632271947877177,0.00037461711007292007,0.07996188048459904,2.6869284365141588e-09
2024-06-28,2024-07-01,WMT,374.6852982919871,0.02173622482541214,0.02198718009074231,0.03746852982919871,0.18734264914599358,0.004365892674182712,0.229177071649375,3.597933112054999e-07
2024-07-31,2024-08-01,AAPL,-10809.616838835334,0.15754849870512358,0.1500000011891621,1.0809616838835334,5.404808419417667,0.2612254940763521,6.746995597377552,9.342086211236863e-07
2024-07-31,2024-08-01,AMGN,13549.964816172926,0.022495515287635433,0.031957633814240584,1.3549964816172926,6.774982408086462,1.266254068137702,9.396232957841455,2.4044361401520993e-05
2024-07-31,2024-08-01,AMZN,845.4651334675535,0.13468235150032049,0.13527275091548602,0.08454651334675535,0.42273256673377674,0.006256261523732666,0.5135353416042648,1.1449191585795782e-07
2024-07-31,2024-08-01,CAT,4705.099674550858,0.1467143681440812,0.15000000108882164,0.47050996745508583,2.352549837275429,0.23209730634556194,3.0551571110760767,5.235972496068845e-06
2024-07-31,2024-08-01,DIS,-949.5582441362716,0.14911189842114636,0.14844880941864147,0.09495582441362715,0.47477912206813583,0.025539292009543753,0.5952742384913067,1.023395631993281e-06
2024-07-31,2024-08-01,HD,839.151177030089,0.03863227693707521,0.03921826723347227,0.0839151177030089,0.41957558851504456,0.016862610875073784,0.5203533170931273,8.040541610820475e-07
2024-07-31,2024-08-01,LLY,-9115.07715878509,0.1423741621922416,0.13600898400723022,0.9115077158785091,4.557538579392546,0.4413635872536674,5.910409882524721,3.2462565759483536e-06
2024-07-31,2024-08-01,MSFT,-1699.240649528165,0.14282074761695,0.14163414553722575,0.1699240649528165,0.8496203247640826,0.014154368144964824,1.0336987578618637,1.920313928677743e-07
2024-07-31,2024-08-01,NVDA,3568.8191200765964,0.04191209021565119,0.044404243514372235,0.3568819120076596,1.784409560038298,0.06671807383343725,2.208009545879395,1.0069193527338761e-07
2024-07-31,2024-08-01,WMT,-935.0070300130277,0.023708090979774953,0.023055163281347827,0.09350070300130277,0.4675035150065139,0.018228691324941728,0.5792329093327584,1.0091844124998905e-06
2024-08-30,2024-09-03,AAPL,-1162.2099666912704,0.15079884989718492,0.15000000058372606,0.11622099666912704,0.5811049833456353,0.010575646562941667,0.707901626577704,1.1150632209323162e-07
2024-08-30,2024-09-03,AMGN,-588.0501572309037,0.031200546027314438,0.030796347579661588,0.05880501572309037,0.2940250786154518,0.012095145468544921,0.3649252398070871,9.901474838909699e-07
2024-08-30,2024-09-03,AMZN,11786.031689882273,0.12749031807850758,0.13559149049459984,1.1786031689882273,5.893015844941137,0.5122667813652647,7.583885795294629,1.8185512253069684e-06
2024-08-30,2024-09-03,CAT,-2220.394522004798,0.15152619691889038,0.1500000005427217,0.2220394522004798,1.110197261002399,0.0903303877516203,1.4225671009544991,2.9096876114738988e-06
2024-08-30,2024-09-03,DIS,14606.256070664514,0.13996033465775928,0.14999999871904177,1.4606256070664514,7.303128035332256,1.1879219947100308,9.951675637108739,1.3595734068688723e-05
2024-08-30,2024-09-03,HD,-729.7179442567027,0.039503575147939535,0.03900200082359636,0.07297179442567027,0.36485897212835133,0.013036734776989824,0.4508675013310114,6.13656400933226e-07
2024-08-30,2024-09-03,LLY,-5881.210058763284,0.15404247200576845,0.1500000005484587,0.5881210058763284,2.940605029381642,0.2938989917144506,3.822625026972421,1.867323002473242e-06
2024-08-30,2024-09-03,MSFT,18780.01334855155,0.1370914874758864,0.149999999018727,1.878001334855155,9.390006674275776,0.5617195527633894,11.82972756189432,2.363543064692827e-06
2024-08-30,2024-09-03,NVDA,-62881.99529570611,0.04322217173365721,0.0,6.288199529570611,31.440997647853056,4.88183345851484,42.611030635938505,1.516896528395605e-06
2024-08-30,2024-09-03,WMT,-805.8262855577159,0.025164048057092013,0.024610160383234294,0.08058262855577158,0.4029131427788579,0.012560529416292628,0.49605630075092216,6.423790157351797e-07
2024-08-30,2024-09-03,XOM,29097.103121112177,0.0,0.020000001306232747,2.909710312111218,14.548551560556088,2.5933312680176352,20.051593140684943,2.1220092325125016e-05
2024-09-30,2024-10-01,AAPL,5164.7958774392555,0.14658334330534808,0.15000000008780784,0.5164795877439256,2.5823979387196276,0.07151642889533212,3.170393955358885,3.7595124623843453e-07
2024-09-30,2024-10-01,AMGN,30703.74090694087,0.028723471823976273,0.04903485432697633,3.070374090694087,15.351870453470436,4.892111819919426,23.31435636408395,4.6890277906916385e-05
2024-09-30,2024-10-01,AMZN,-923.0266751108186,0.1370624219724846,0.13645181403661547,0.09230266751108186,0.4615133375554093,0.010798316573985363,0.5646143216404765,1.301462448835698e-07
2024-09-30,2024-10-01,CAT,-24912.053153140227,0.16648002058396824,0.15000000135562352,2.491205315314023,12.456026576570112,3.766787579497532,18.71401947138167,2.586390854102375e-05
2024-09-30,2024-10-01,DIS,-3511.0497751589414,0.1523226588869488,0.15000000135845837,0.35110497751589415,1.7555248875794707,0.1595887492704332,2.266218614365798,4.333451931693451e-06
2024-09-30,2024-10-01,HD,-63631.18400976012,0.042093806141024696,0.0,6.3631184009760124,31.815592004880063,9.834024855917741,48.01273526177381,5.5160950519246686e-05
2024-09-30,2024-10-01,LLY,24971.218295617426,0.13348084144186365,0.15000000006508996,2.497121829561743,12.485609147808713,2.9448822292685373,17.92761320663899,9.53147614894412e-06
2024-09-30,2024-10-01,META,30233.053949804947,0.0,0.02000000992939292,3.0233053949804947,15.116526974902474,2.1338663269246325,20.2736986968076,4.565550312097411e-06
2024-09-30,2024-10-01,MSFT,2538.6678062117894,0.14832060141980363,0.15000000110651618,0.25386678062117896,1.2693339031058948,0.028944699184810543,1.5521453829118843,3.211750971290553e-07
2024-09-30,2024-10-01,WMT,-648.3052943667965,0.024942182099260756,0.024513310032742396,0.06483052943667965,0.3241526471833982,0.008612028569172396,0.39759520518925023,4.65794517925336e-07
2024-09-30,2024-10-01,XOM,14.142071522549958,0.01999065232532128,0.020000007700776992,0.001414207152254996,0.007071035761274979,2.849190149669557e-05,0.00851373481502667,8.200282453235714e-09
2024-10-31,2024-11-01,AAPL,1007.6060504171849,0.14932654890240793,0.1500000000361446,0.10076060504171849,0.5038030252085924,0.006657080197730965,0.6112207104480418,1.0995364145688436e-07
2024-10-31,2024-11-01,AMGN,700.4887274382573,0.049367236160379746,0.04983542005771516,0.07004887274382574,0.35024436371912865,0.01674111215942062,0.437034348622375,1.3921450088048498e-06
2024-10-31,2024-11-01,AMZN,-11491.40957015876,0.14738120631381313,0.13970072166403183,1.149140957015876,5.745704785079379,0.40254073571556453,7.297386477810819,1.9066174781966514e-06
2024-10-31,2024-11-01,CAT,-566.7306904377349,0.1471361573509089,0.14675737297794822,0.05667306904377349,0.2833653452188674,0.011564750294833673,0.3516031645574746,6.733472836177824e-07
2024-10-31,2024-11-01,DIS,-6542.748897954281,0.1543729607398132,0.15000000003631464,0.6542748897954281,3.271374448977141,0.33607220694491674,4.261721545717486,9.11159781985753e-06
2024-10-31,2024-11-01,LLY,14503.134800699272,0.14030657603643065,0.1499999999397735,1.450313480069927,7.251567400349636,1.1045461801468575,9.80642706056642,5.31831757947558e-06
2024-10-31,2024-11-01,META,216.07609206613685,0.019878661519284413,0.020023079756069595,0.021607609206613684,0.10803804603306842,0.0009356620969572887,0.13058131733663939,3.2110734864855265e-08
2024-10-31,2024-11-01,MSFT,1090.7920431447715,0.14781981697180904,0.14854886691927874,0.10907920431447715,0.5453960215723856,0.008050697146055693,0.6625259230329185,1.3481302475793333e-07
2024-10-31,2024-11-01,WMT,134.17062303876006,0.025044863319107658,0.02513453860258,0.013417062303876006,0.06708531151938002,0.000998721023775988,0.08150109484703201,1.4559798270425558e-07
2024-10-31,2024-11-01,XOM,948.6208217463525,0.019365972686045275,0.020000000010143612,0.09486208217463525,0.47431041087317627,0.01698286140384047,0.5861553544516519,6.770354540065907e-07
2024-11-29,2024-12-02,AAPL,-2267.630735662919,0.15142192134458066,0.15000000010264333,0.2267630735662919,1.1338153678314595,0.020857318715209665,1.3814357601129612,2.2488162844162092e-07
2024-11-29,2024-12-02,AMGN,-65476.571164277986,0.04105718180808223,0.0,6.547657116427799,32.73828558213899,13.408982953701877,52.694925652268665,5.7121625909158274e-05
2024-11-29,2024-12-02,AMZN,-1921.2032930306623,0.1395253290492216,0.13832063565294797,0.19212032930306622,0.9606016465153312,0.025423708495903984,1.1781456843143012,2.0776896249239773e-07
2024-11-29,2024-12-02,CAT,3212.8255639659783,0.1459812086643885,0.147995815736076,0.3212825563965978,1.6064127819829892,0.18695363355684066,2.1146489719364276,3.750910378269056e-06
2024-11-29,2024-12-02,CVX,31895.307234896914,0.0,0.02000000007151021,3.1895307234896912,15.94765361744846,3.0133687430022364,22.150553083940387,2.7885697525812383e-05
2024-11-29,2024-12-02,DIS,-35218.91212907896,0.1720840716038908,0.15000000011611328,3.5218912129078963,17.609456064539483,4.1314006205803695,25.262747898027747,2.6345065589036765e-05
2024-11-29,2024-12-02,HD,31895.307391640126,0.0,0.020000000169796278,3.1895307391640126,15.947653695820062,2.808810057895309,21.945994492879382,2.1980677715592755e-05
2024-11-29,2024-12-02,LLY,-170.62449686188333,0.13766558378265553,0.1375585934368875,0.017062449686188332,0.08531224843094166,0.0010807031026343135,0.10345540121976432,4.454764691339912e-08
2024-11-29,2024-12-02,META,63509.26767164172,0.01963524442275529,0.059458825635501075,6.350926767164172,31.754633835820858,4.719850023204035,42.82541062618907,9.405816991691243e-06
2024-11-29,2024-12-02,MSFT,5332.731587963554,0.14665610183822386,0.14999999915061357,0.5332731587963554,2.666365793981777,0.08534663821806875,3.284985590996201,5.831818110626793e-07
2024-11-29,2024-12-02,WMT,139.67064691444196,0.026578549240015226,0.02666612992791092,0.013967064691444197,0.06983532345722097,0.0007456212192234287,0.0845480093678886,9.638871875411828e-08
2024-11-29,2024-12-02,XOM,-30930.168278109773,0.019394808246186116,0.0,3.0930168278109775,15.465084139054886,2.828604792334669,21.386705759200535,1.876883151332337e-05
2024-12-31,2025-01-02,AAPL,-10488.8893289746,0.1567539664070446,0.15000000094058757,1.04888893289746,5.2444446644872995,0.1698259242072358,6.463159521591995,9.078565591712403e-07
2024-12-31,2025-01-02,AMZN,-1770.4038224248966,0.14843344060117727,0.1472934489487427,0.17704038224248966,0.8852019112124483,0.024432619200519035,1.0866749126554571,2.1857287542886155e-07
2024-12-31,2025-01-02,CAT,918.0520778116058,0.1358222262656967,0.13641337484544389,0.09180520778116058,0.45902603890580296,0.0292391984505069,0.5800704451374705,1.355802852804564e-06
2024-12-31,2025-01-02,CVX,2215.9111452978404,0.018573139509739933,0.020000000532168313,0.22159111452978406,1.10795557264892,0.0546367847319126,1.3841834719106167,1.6483146265024793e-06
2024-12-31,2025-01-02,DIS,5704.739127159403,0.14632662448527886,0.14999999826695717,0.5704739127159403,2.8523695635797015,0.3321976644963678,3.7550411407920095,6.39832303487243e-06
2024-12-31,2025-01-02,HD,2044.2502213999974,0.01868367487544488,0.020000000652855142,0.20442502213999975,1.0221251106999987,0.05443630518333115,1.2809864380233296,1.6589693090037283e-06
2024-12-31,2025-01-02,LLY,-2495.87895953409,0.13740362395425074,0.1357964871285638,0.249587895953409,1.247939479767045,0.0766414591517328,1.5741688348721867,9.954592290409914e-07
2024-12-31,2025-01-02,META,3228.680650321321,0.06176042303964137,0.06383942272497983,0.3228680650321321,1.6143403251606605,0.05479843697149575,1.9920068271642883,4.2665786550827903e-07
2024-12-31,2025-01-02,MSFT,645.708463677682,0.14958421837260968,0.15000000049484363,0.06457084636776819,0.32285423183884093,0.0036527288219896656,0.3910778070285988,7.071805751334472e-08
2024-12-31,2025-01-02,WMT,-2.169574734608266,0.026658662489116178,0.02665726546485795,0.0002169574734608266,0.001084787367304133,1.389152604299284e-06,0.001303133993369259,1.2905100559066452e-09
2025-01-31,2025-02-03,AAPL,12467.376557498796,0.1368570210226937,0.14469049314176052,1.2467376557498795,6.233688278749398,0.2540094648526837,7.734435399351961,8.957938698591869e-07
2025-01-31,2025-02-03,AMZN,-7876.535337037209,0.15494896678047274,0.15000000099982386,0.7876535337037208,3.9382676685186047,0.21645602468858835,4.942377226910914,1.0558897518493838e-06
2025-01-31,2025-02-03,CAT,4137.982325881964,0.13425619325411361,0.13685616037867207,0.4137982325881964,2.068991162940982,0.2813340165327796,2.7641234120619584,4.737749987938407e-06
2025-01-31,2025-02-03,CVX,214.6773201182705,0.019865115393083985,0.02000000093167237,0.02146773201182705,0.10733866005913525,0.0019467392365089934,0.1307531313074713,1.8451892321504861e-07
2025-01-31,2025-02-03,DIS,-3823.950026167745,0.1505645225914591,0.14816186748783405,0.3823950026167745,1.9119750130838726,0.18457868268185232,2.4789486983824998,4.764925810949516e-06
2025-01-31,2025-02-03,HD,-32682.674580630464,0.020535099659752726,0.0,3.2682674580630464,16.34133729031523,3.7497073844741458,23.359312132852423,2.6486018274797318e-05
2025-01-31,2025-02-03,LLY,-1533.2853785919444,0.13801620568290365,0.13705281549344567,0.15332853785919445,0.7666426892959722,0.037458924311242675,0.9574301514664093,5.218481973267736e-07
2025-01-31,2025-02-03,META,-2256.537854729399,0.07250237506875387,0.07108455261916967,0.2256537854729399,1.1282689273646995,0.029139221215212136,1.3830619340528516,2.2280873996796098e-07
2025-01-31,2025-02-03,MSFT,507.78270578082913,0.14368612088520674,0.14400516969631255,0.050778270578082915,0.25389135289041453,0.002824015428172048,0.30749363889666953,5.192591298842991e-08
2025-01-31,2025-02-03,PLD,31831.03459819041,0.0,0.0199999992697742,3.183103459819041,15.915517299095203,7.337427608956256,26.436048367870498,6.51148707535404e-05
2025-01-31,2025-02-03,WMT,-985.8703303135834,0.028768379661559887,0.028148939981535014,0.09858703303135834,0.49293516515679164,0.014647145160025436,0.6061693433481754,7.087041143110969e-07
2025-02-28,2025-03-03,AAPL,-5994.03295680101,0.15383149267328147,0.15000000015633874,0.599403295680101,2.997016478400505,0.10636858940419623,3.7027883634848022,5.253699675694291e-07
2025-02-28,2025-03-03,ABBV,31288.240317237614,0.0,0.019999999917881928,3.1288240317237612,15.644120158618808,3.4944863039477427,22.267430494290313,2.6810455118045195e-05
2025-02-28,2025-03-03,AMZN,3731.0450094589023,0.13177117879548458,0.13415612915147124,0.3731045009458902,1.8655225047294512,0.06167064543747073,2.300297651112812,4.0348122290044414e-07
2025-02-28,2025-03-03,CAT,3710.3966579701255,0.12786055758139037,0.13023230914371228,0.37103966579701253,1.8551983289850629,0.18415657784983344,2.410394572631909,4.133656485224736e-06
2025-02-28,2025-03-03,CSCO,31288.240312733615,0.0,0.01999999991500289,3.1288240312733615,15.644120156366808,2.600157799445934,21.373101987086105,2.4667268677016033e-05
2025-02-28,2025-03-03,CVX,-32990.7809329142,0.021088294172479642,0.0,3.2990780932914197,16.4953904664571,3.943417953594208,23.73788651334273,3.199018224261532e-05
2025-02-28,2025-03-03,DIS,1367.7971002283923,0.1491256766653438,0.1499999969088244,0.13677971002283923,0.6838985501141961,0.025557677791883865,0.8462359379289192,1.337874329634762e-06
2025-02-28,2025-03-03,LLY,-15991.740506915092,0.160222205230317,0.1500000001595868,1.599174050691509,7.995870253457545,1.0448990104070037,10.639943314556058,5.1775592987099565e-06
2025-02-28,2025-03-03,META,320.8017137691585,0.06791732258592063,0.06812238474934006,0.03208017137691585,0.16040085688457925,0.0015018921716344258,0.19398292043312954,2.9054204342240174e-08
2025-02-28,2025-03-03,MSFT,16922.22983647894,0.138778054796617,0.14959504520286554,1.692222983647894,8.46111491823947,0.5374564648012983,10.690794366688664,1.797073594796445e-06
2025-02-28,2025-03-03,PLD,-33369.23191195285,0.021330206772004305,0.0,3.3369231911952846,16.684615955976422,8.699057520903823,28.72059666807553,9.17913392850624e-05
2025-02-28,2025-03-03,WMT,-282.9646392933368,0.028075010727161162,0.02789413469497624,0.02829646392933368,0.1414823196466684,0.002579475218591796,0.1723582587945939,1.4096408627060472e-07
2025-03-31,2025-04-01,AAPL,-2154.1222617402727,0.1514831488743015,0.15000000086397833,0.21541222617402728,1.0770611308701363,0.026438353064457968,1.3189117101086216,1.8302012761118702e-07
2025-03-31,2025-04-01,ABBV,519.8322291415315,0.021010036728231467,0.021367949623913748,0.051983222914153145,0.25991611457076574,0.0069970417200654325,0.3188963792049843,3.6544717219389785e-07
2025-03-31,2025-04-01,AMGN,169643.73029596487,0.0,0.1168024515233382,16.964373029596487,84.82186514798244,54.96250412482612,156.74874230240505,0.00018246029138736837
2025-03-31,2025-04-01,AMZN,-196705.15352896124,0.1354346790145052,0.0,19.670515352896125,98.35257676448062,25.87322344638649,143.8963155637632,2.153431639604824e-05
2025-03-31,2025-04-01,CAT,-202818.53444474845,0.139643840631113,0.0,20.281853444474844,101.40926722237423,83.52510406156952,205.21622472841858,0.00022954627231016274
2025-03-31,2025-04-01,CSCO,187402.07415220726,0.02097063299693209,0.14999999142561118,18.740207415220727,93.70103707610363,40.829809341922854,153.2710538332472,0.0001314170143120541
2025-03-31,2025-04-01,CVX,29047.975478991055,0.0,0.02000000083596766,2.9047975478991055,14.523987739495528,2.7348868303964724,20.163672117791105,2.0165187706880107e-05
2025-03-31,2025-04-01,DIS,14651.16537773937,0.13991243527662478,0.14999999955505847,1.465116537773937,7.325582688869685,1.2734323249858281,10.06413155162945,1.4542559909446312e-05
2025-03-31,2025-04-01,LLY,14635.859481373645,0.13992297156623534,0.14999999748751808,1.4635859481373645,7.3179297406868224,1.0601474149963261,9.841663103820514,5.038574008914449e-06
2025-03-31,2025-04-01,META,-1451.445376703564,0.06569454391961004,0.06469520030723237,0.1451445376703564,0.725722688351782,0.01792819982910732,0.8887954258512457,1.3655717680740168e-07
2025-03-31,2025-04-01,MSFT,-12354.670489639373,0.15850639131888863,0.15000000090625548,1.2354670489639372,6.1773352448196865,0.3686675327573384,7.781469826540962,1.3753114569017539e-06
2025-03-31,2025-04-01,WMT,-416.71091362499885,0.02742131967355811,0.027134407471126498,0.041671091362499885,0.20835545681249942,0.005180816971178758,0.2552073651461781,1.8833532343128e-07
2025-04-30,2025-05-01,AAPL,4626.110091098175,0.14673834621016768,0.15000000024373644,0.4626110091098175,2.3130550455490875,0.12852847653320576,2.904194531192111,3.0194334374152167e-07
2025-04-30,2025-05-01,ABBV,66.05779403297768,0.020688979414920688,0.020735553678419283,0.0066057794032977684,0.03302889701648884,0.0003874773486898285,0.04002215376847644,3.820627333249408e-08
2025-04-30,2025-05-01,AMGN,2853.2220015796283,0.11053605171170222,0.11254772520560088,0.28532220015796284,1.426611000789814,0.1570062175897246,1.8689394185375015,3.2521033540915243e-06
2025-04-30,2025-05-01,CSCO,6595.847441110196,0.14534957597931866,0.14999999976678938,0.6595847441110196,3.2979237205550977,0.4437533461427818,4.401261810808899,4.556129806880137e-06
2025-04-30,2025-05-01,CVX,-23477.19976436826,0.01655267639559645,0.0,2.3477199764368257,11.738599882184129,3.313447143100286,17.39976700172124,1.5017071474754735e-05
2025-04-30,2025-05-01,DIS,10311.49619140773,0.1427298433267218,0.149999997404886,1.031149619140773,5.155748095703865,1.3659606828330975,7.552858397677737,9.333060693184338e-06
2025-04-30,2025-05-01,HD,35321.573281647994,0.0,0.024903590640389033,3.5321573281647995,17.660786640823996,5.101791619297164,26.29473558828596,2.5781149068017606e-05
2025-04-30,2025-05-01,LLY,-1993.6484897860482,0.15140562874897653,0.15000000036785746,0.19936484897860482,0.9968242448930241,0.07182489448630779,1.2680139883579367,6.228096187054559e-07
2025-04-30,2025-05-01,META,-4317.300955691366,0.0646584627877006,0.06161453564395244,0.43173009556913655,2.158650477845683,0.1362424121962296,2.7266229856110495,3.7161854066879523e-07
2025-04-30,2025-05-01,MSFT,-29622.381986814482,0.1708853575615933,0.15000000036330138,2.9622381986814483,14.81119099340724,1.634788202611492,19.40821739470018,2.926467962222857e-06
2025-04-30,2025-05-01,WMT,-363.7756042165839,0.030455077863302097,0.03019859668506769,0.036377560421658385,0.18188780210829192,0.0056076346776403364,0.22387299720759063,1.66742864621385e-07
2025-05-30,2025-06-02,AAPL,24573.35947149979,0.13368924669011273,0.14999999847626955,2.457335947149979,12.286679735749894,1.8850786835434303,16.629094366443304,2.133925645544806e-06
2025-05-30,2025-06-02,ABBV,-28442.296277259305,0.018878787629536698,0.0,2.8442296277259307,14.221148138629653,4.537584848384977,21.602962614740562,2.1699715870946757e-05
2025-05-30,2025-06-02,AMGN,62293.52160446809,0.10865220709357834,0.14999999960662472,6.229352160446809,31.146760802234045,16.33572877058286,53.71184173326372,7.359924713537931e-05
2025-05-30,2025-06-02,AMZN,30131.488186847386,0.0,0.0200000014378656,3.0131488186847384,15.065744093423692,2.685246812359988,20.764139724468418,3.474102463720657e-06
2025-05-30,2025-06-02,CSCO,-233710.83732927093,0.15512732240920388,0.0,23.371083732927094,116.85541866463547,105.25193631111435,245.47843870867692,0.0001863697579104204
2025-05-30,2025-06-02,DIS,-38617.66655634622,0.1756327665799708,0.15000000055578627,3.8617666556346224,19.30883327817311,10.43391103127589,33.60451096508362,3.0243232813314188e-05
2025-05-30,2025-06-02,HD,163117.9366845725,0.024075622177275928,0.132346376943951,16.31179366845725,81.55896834228625,53.6265644762231,151.4973264869666,0.00014036951779449687
2025-05-30,2025-06-02,LLY,-1047.0063545315456,0.1331243505257584,0.13242939219956376,0.10470063545315457,0.5235031772657729,0.030948784741702092,0.6591525974606295,2.979982392981935e-07
2025-05-30,2025-06-02,META,-2831.123045708294,0.06800600838871708,0.06612682921794992,0.28311230457082937,1.4155615228541467,0.09146298010605827,1.7901368075310342,3.464050138543724e-07
2025-05-30,2025-06-02,MSFT,-5463.449196894985,0.15362640639948622,0.15000000098877364,0.5463449196894985,2.7317245984474923,0.14699894459753457,3.425068462734525,5.871033669129569e-07
2025-05-30,2025-06-02,WMT,-135.4146548463989,0.029187282106359975,0.029097399612842172,0.01354146548463989,0.06770732742319945,0.0012116874215209593,0.08246048032936029,7.383597470960573e-08
2025-05-30,2025-06-02,XOM,30131.487467469964,0.0,0.020000000960373437,3.0131487467469964,15.065743733734982,4.2130087819615945,22.291901262443574,1.9238560477635445e-05
2025-06-30,2025-07-01,AAPL,-1687.4606133160598,0.1479249455887836,0.14685249676118417,0.168746061331606,0.84373030665803,0.033428227430549524,1.0459045954201855,1.5327253577533053e-07
2025-06-30,2025-07-01,AMGN,8513.97763381497,0.1445890260953521,0.14999999999278107,0.851397763381497,4.2569888169074845,0.8979661343400529,6.006352714629035,1.0850807275367074e-05
2025-06-30,2025-07-01,AMZN,-32132.921668259463,0.020421759120498602,0.0,3.2132921668259464,16.06646083412973,2.7411216266702705,22.02087462762595,3.447860706264329e-06
2025-06-30,2025-07-01,CAT,31469.2990291132,0.0,0.020000000345387237,3.14692990291132,15.734649514556601,7.281828179175288,26.16340759664321,3.5155528037998585e-05
2025-06-30,2025-07-01,CSCO,31469.298594096043,0.0,0.020000000068916404,3.1469298594096045,15.734649297048021,4.870480490965509,23.752059647423135,2.2432110633887886e-05
2025-06-30,2025-07-01,DIS,-12013.960413515651,0.15763535323875472,0.15000000005858086,1.2013960413515652,6.006980206757826,1.7977171062216502,9.006093354331043,1.0217346425351642e-05
2025-06-30,2025-07-01,HD,-2440.0479122159677,0.12926049937482204,0.12770975116648306,0.24400479122159677,1.2200239561079838,0.08456183381894496,1.5485905811485254,1.8662062435896577e-06
2025-06-30,2025-07-01,LLY,-207121.6832015213,0.13163412797137047,0.0,20.712168320152127,103.56084160076064,99.6231347474071,223.89614466831986,8.286368724647782e-05
2025-06-30,2025-07-01,META,3414.195096877775,0.06790228451108718,0.07007214228432844,0.3414195096877775,1.7070975484388877,0.10885719899428545,2.1573742571209507,3.843207044020425e-07
2025-06-30,2025-07-01,MSFT,-4589.611406257746,0.15291688199271788,0.15000000006200095,0.45896114062577464,2.294805703128873,0.1038733107847608,2.8576401545394083,4.799084800169595e-07
2025-06-30,2025-07-01,WMT,185364.22002078773,0.02742276925809408,0.14522915766885816,18.536422002078773,92.68211001039387,56.67982717423378,167.89835918670644,0.00011237767703641731
2025-06-30,2025-07-01,XOM,-245.30515960378403,0.020292352848519317,0.02013645159147949,0.024530515960378405,0.12265257980189201,0.0026859205814985577,0.14986901634376895,1.1317339996350646e-07
2025-07-31,2025-08-01,AAPL,3672.062563548311,0.14215554435976632,0.14447608665854975,0.3672062563548311,1.8360312817741558,0.048058442892593055,2.25129598102158,3.7406049866816204e-07
2025-07-31,2025-08-01,AMGN,-3749.7266281012976,0.15236962190974912,0.15000000017842016,0.37497266281012975,1.8748633140506488,0.2846652788887547,2.534501255749533,7.233055598255608e-06
2025-07-31,2025-08-01,AMZN,31648.314082982222,0.0,0.02000000006638698,3.1648314082982223,15.82415704149111,1.5016458246615916,20.490634274450922,3.5425845299080827e-06
2025-07-31,2025-08-01,CAT,4091.1701436510316,0.021881428350914726,0.02446682367181805,0.40911701436510317,2.0455850718255157,0.16224351345522012,2.616945599645839,3.781725439501599e-06
2025-07-31,2025-08-01,CSCO,-30737.298337379525,0.019424288041893046,0.0,3.0737298337379526,15.368649168689762,2.854658267688704,21.29703727011642,2.7229127522286496e-05
2025-07-31,2025-08-01,DIS,14599.092658548263,0.1407741615468234,0.14999998802764558,1.4599092658548263,7.299546329274132,1.7350124465700592,10.494468041699017,1.7850427883047496e-05
2025-07-31,2025-08-01,HD,-5108.6684123235245,0.12711820199114512,0.12388980352676816,0.5108668412323525,2.554334206161762,0.20141885475688426,3.2666199021509987,4.4364286433517925e-06
2025-07-31,2025-08-01,META,2513.5079588492245,0.0726361634273691,0.07422456270867173,0.25135079588492243,1.2567539794246123,0.046915106433999904,1.5550198817435346,2.792991223791654e-07
2025-07-31,2025-08-01,MSFT,-13957.746833209238,0.1588205312594947,0.15000000019237844,1.3957746833209237,6.9788734166046185,0.24484155673604843,8.61948965666159,1.5275719888816629e-06
2025-07-31,2025-08-01,WMT,-3256.43308475684,0.14473040381977953,0.14267251657369895,0.325643308475684,1.6282165423784198,0.07649067559932018,2.030350526453424,2.599556056854912e-06
2025-07-31,2025-08-01,XOM,285.7258881915521,0.020089655293064883,0.02027021839566226,0.02857258881915521,0.14286294409577605,0.0025281433394847897,0.17396367625441603,1.821729111023539e-07
2025-08-29,2025-09-02,AAPL,-16987.204422757768,0.16049451724107947,0.15000000003739053,1.698720442275777,8.493602211378885,0.4296475778027013,10.621970231457363,1.3626915301091758e-06
2025-08-29,2025-09-02,AMGN,92.8214175556551,0.1428632461803458,0.1429205902811858,0.00928214175556551,0.046410708777827554,0.000962848547513586,0.05665569908090665,1.6095479601388105e-07
2025-08-29,2025-09-02,AMZN,460.2060513392745,0.020515191071000596,0.020799501555694093,0.04602060513392745,0.23010302566963722,0.0029587229443300478,0.2790823537478947,5.4390664669970364e-08
2025-08-29,2025-09-02,CAT,197000.2224437184,0.023212407742026306,0.14491708451605884,19.70002224437184,98.50011122185921,52.28481726607791,170.48495073230896,0.0001456261731128727
2025-08-29,2025-09-02,CVX,32373.484335966008,0.0,0.019999999991287216,3.2373484335966007,16.186742167983002,3.1660482690727156,22.590138870652318,2.7434006714514868e-05
2025-08-29,2025-09-02,DIS,-341.3207231098478,0.1487458899130707,0.14853502554059908,0.03413207231098478,0.1706603615549239,0.003674442777303251,0.20846687664321192,3.515231655237532e-07
2025-08-29,2025-09-02,HD,-259.2125322858351,0.13169125661311426,0.1315311178220698,0.025921253228583508,0.12960626614291754,0.0023239868182751344,0.1578515061897762,1.8607333730415633e-07
2025-08-29,2025-09-02,JNJ,32373.484322539894,0.0,0.019999999982992706,3.2373484322539894,16.186742161269947,2.8232322945605977,22.247322888084533,2.27941275842778e-05
2025-08-29,2025-09-02,META,290.8593657940447,0.07111699043277327,0.0712966803065285,0.029085936579404472,0.14542968289702235,0.0018244719386483353,0.17634009141507517,3.7132039509125975e-08
2025-08-29,2025-09-02,MSFT,13673.932206892938,0.14155238768014447,0.14999999996619345,1.3673932206892938,6.8369661034464695,0.2361856063194039,8.440544930455168,1.254756434191859e-06
2025-08-29,2025-09-02,WMT,-224813.33845285562,0.1388873289151375,0.0,22.481333845285562,112.40666922642782,46.12278978218902,181.01079285390242,0.00011934768749316418
2025-08-29,2025-09-02,XOM,-33863.93401279727,0.020920784211307743,0.0,3.3863934012797268,16.931967006398633,3.137573653105768,23.455934060784127,2.0781803831221813e-05
2025-09-30,2025-10-01,AAPL,-17868.482685600662,0.16063370433733265,0.1500000009102219,1.7868482685600662,8.934241342800332,0.4825445265040541,11.203634137864452,1.2067822179551042e-06
2025-09-30,2025-10-01,AMGN,312.11980475667207,0.14319129908102338,0.14337704453551486,0.031211980475667207,0.15605990237833603,0.004830201928921544,0.1921020847829248,4.1851837229824373e-07
2025-09-30,2025-10-01,AMZN,652.3130245658539,0.01961180379871826,0.020000001463115622,0.06523130245658539,0.32615651228292697,0.004647714932357744,0.39603552967187006,6.18226151735087e-08
2025-09-30,2025-10-01,CAT,-18963.492451271995,0.1612853550324451,0.15000000091384488,1.8963492451271995,9.481746225635998,1.653306520448425,13.031401991211622,1.544382102541705e-05
2025-09-30,2025-10-01,CVX,2692.5194167291324,0.018397659074742875,0.02000000290286811,0.2692519416729132,1.3462597083645662,0.0784950205764905,1.69400667061397,2.2882565240682815e-06
2025-09-30,2025-10-01,DIS,22501.99394880795,0.13660884834161935,0.14999999824396043,2.250199394880795,11.250996974403975,1.8024551005813836,15.303651469866153,2.2136146392907216e-05
2025-09-30,2025-10-01,HD,5186.944027568836,0.12447399540611098,0.12756079496557432,0.5186944027568836,2.593472013784418,0.18706125222379247,3.2992276687650937,3.327956664855461e-06
2025-09-30,2025-10-01,JNJ,24.860272005617375,0.020124804188704735,0.020139598772233536,0.0024860272005617374,0.012430136002808687,5.899675085873593e-05,0.014975159954229161,1.6561073651061603e-08
2025-09-30,2025-10-01,META,3153.1621630578998,0.06704608043696898,0.06892255713001046,0.31531621630579,1.5765810815289498,0.05974901178906213,1.951646309623802,3.7025991403983785e-07
2025-09-30,2025-10-01,MSFT,2308.0624793806733,0.14862645030233365,0.15000000016265583,0.23080624793806734,1.1540312396903365,0.017884096921478538,1.4027215845498824,2.2503781476621552e-07
2025-10-31,2025-11-03,AAPL,-7647.354811536276,0.15444926416658228,0.15000000081524126,0.7647354811536277,3.823677405768138,0.14575812842934857,4.734171015351115,6.174170325511789e-07
2025-10-31,2025-11-03,AMGN,298.96778818083544,0.13913436125121037,0.1393083019739787,0.029896778818083544,0.1494838940904177,0.004909823747082187,0.18429049665558342,5.217940695888317e-07
2025-10-31,2025-11-03,AMZN,-1709.0018625719947,0.022509541085084,0.021515236578243994,0.17090018625719947,0.8545009312859972,0.020727740796194584,1.0461288583393913,1.423477240873307e-07
2025-10-31,2025-11-03,CAT,-42145.53100152528,0.1745204489526511,0.1500000008854294,4.2145531001525285,21.072765500762642,7.064646526599369,32.35196512751454,2.4686134293973776e-05
2025-10-31,2025-11-03,CVX,886.9355201096763,0.019483982655096873,0.020000005489381165,0.08869355201096762,0.4434677600548382,0.01462183527231235,0.5467831473381181,9.038985788775478e-07
2025-10-31,2025-11-03,DIS,7623.623581652145,0.14556454204378041,0.14999999846527343,0.7623623581652145,3.8118117908260727,0.3600000118041824,4.93417416079547,9.24938045998428e-06
2025-10-31,2025-11-03,HD,-538.8490317588326,0.1188409304242994,0.11852742578014538,0.05388490317588326,0.2694245158794163,0.0071664376335224145,0.33047585668882196,4.855403858084973e-07
2025-10-31,2025-11-03,JNJ,-33879.057134460774,0.01971097863263171,0.0,3.3879057134460773,16.939528567230386,1.9204876591674889,22.247921939843952,2.1855536846412925e-05
2025-10-31,2025-11-03,LLY,138618.84466948902,0.0,0.08064902970930571,13.8618844669489,69.3094223347445,33.549104677090796,116.72041147878419,5.685437229744554e-05
2025-10-31,2025-11-03,META,-102955.64097278497,0.0599000270659618,0.0,10.295564097278497,51.47782048639248,9.2124114440568,70.98579602772777,8.09536588159815e-06
2025-10-31,2025-11-03,MSFT,7071.237550172157,0.1458859237227021,0.1499999996163884,0.7071237550172157,3.535618775086079,0.09216580154848286,4.334908331651778,6.640130500530714e-07
2025-10-31,2025-11-03,WMT,34375.8257050343,0.0,0.020000000686612604,3.43758257050343,17.18791285251715,3.2751756458778574,23.90067106889844,2.1656729717197486e-05
2025-11-28,2025-12-01,AAPL,-8443.177085404628,0.15481445089082987,0.15000000100174612,0.8443177085404628,4.221588542702314,0.14876188801108592,5.214668139253863,6.470677125425992e-07
2025-11-28,2025-12-01,AMGN,-11570.496488461435,0.15659770406627682,0.1500000009774937,1.1570496488461435,5.785248244230717,1.1398206395800845,8.082118532656946,1.1765730520957203e-05
2025-11-28,2025-12-01,AMZN,1029.0059353427057,0.01941324179896984,0.019999999302829512,0.10290059353427057,0.5145029676713528,0.01009086191511487,0.6274944231207383,8.120863157231019e-08
2025-11-28,2025-12-01,CAT,5536.948340906267,0.14633691114995045,0.14949417766895076,0.5536948340906267,2.7684741704531333,0.37605361955248623,3.698222624096246,3.889221370509817e-06
2025-11-28,2025-12-01,CVX,658.6944658858255,0.019624400250335763,0.019999999561607595,0.06586944658858254,0.32934723294291274,0.00832705064960052,0.40354373018109585,5.106725219254462e-07
2025-11-28,2025-12-01,DIS,-5967.312837063483,0.13997483256346985,0.13657216454692528,0.5967312837063483,2.9836564185317416,0.2909979423193553,3.8713856445574453,4.505761633212563e-06
2025-11-28,2025-12-01,GOOGL,35074.31589490338,0.0,0.019999999355907554,3.5074315894903383,17.537157947451693,1.69430825282971,22.73889778977174,2.6524389249335023e-06
2025-11-28,2025-12-01,HD,-764.2119163068365,0.10969507212580197,0.1092593048857591,0.07642119163068366,0.38210595815341825,0.012277591825159796,0.4708047416092617,4.987100673243321e-07
2025-11-28,2025-12-01,LLY,2250.7680145597524,0.0933909299359407,0.09467435792856004,0.22507680145597525,1.1253840072798762,0.05075977134871892,1.4012205800845703,4.956105473230637e-07
2025-11-28,2025-12-01,MSFT,19928.568137144688,0.13863637042751528,0.1499999947702204,1.9928568137144689,9.964284068572344,0.46765578701190375,12.424796669298715,1.5710251127320121e-06
2025-11-28,2025-12-01,WMT,-37733.102461506016,0.021516086790909394,0.0,3.7733102461506016,18.86655123075301,3.659819010471947,26.299680487375557,1.773919118486192e-05
2025-12-31,2026-01-02,AAPL,2849.4828182148485,0.14367589402905076,0.14530172390493362,0.28494828182148485,1.4247414091074242,0.025331293864822278,1.7350209847937312,2.5147351034502785e-07
2025-12-31,2026-01-02,AMGN,232.84289627566545,0.145705001120675,0.14583785432994237,0.023284289627566544,0.11642144813783273,0.0030017524951675627,0.14270749026056684,2.4321808229450013e-07
2025-12-31,2026-01-02,AMZN,1086.7478999065017,0.01937993291910607,0.019999998845430154,0.10867478999065018,0.5433739499532508,0.01337318227555263,0.6654219222194536,1.363413350486254e-07
2025-12-31,2026-01-02,CAT,-13269.021961917286,0.1575709100519415,0.15000000202907923,1.3269021961917287,6.634510980958643,1.5041376900258894,9.46555086717626,9.17381993268082e-06
2025-12-31,2026-01-02,CVX,-35845.15802259077,0.02045217765355067,0.0,3.5845158022590766,17.922579011295383,3.3952354922256207,24.90233030578008,2.9924479516797156e-05
2025-12-31,2026-01-02,DIS,4829.459613834415,0.14412011707412184,0.14687566263289828,0.4829459613834415,2.414729806917207,0.23867213064589585,3.136347898946544,4.057231620093361e-06
2025-12-31,2026-01-02,GOOGL,-71.8715219785889,0.020041007631094822,0.01999999988508877,0.00718715219785889,0.035935760989294456,0.00019068991070755913,0.043313603097860906,7.685547187366528e-09
2025-12-31,2026-01-02,HD,-571.5067100607976,0.10648444308788894,0.1061583584112084,0.057150671006079755,0.2857533550303988,0.008065037260133023,0.35096906329661154,3.602199919890506e-07
2025-12-31,2026-01-02,LLY,-567.4127135287273,0.0967403251980708,0.09641657643365863,0.05674127135287273,0.2837063567643636,0.006351961681559152,0.3467995897987955,1.8382724298940672e-07
2025-12-31,2026-01-02,MSFT,6273.782448427595,0.14583019123449975,0.14940982430834762,0.6273782448427595,3.1368912242137976,0.08853239623375704,3.8528018652903144,5.763786532584357e-07
2025-12-31,2026-01-02,WMT,35052.65525341696,0.0,0.019999999219412968,3.505265525341696,17.526327626708483,3.241578087342216,24.273171239392394,1.5159068989335002e-05
2026-01-30,2026-02-02,AAPL,13698.928915173805,0.14231576719590372,0.1499999998001373,1.3698928915173805,6.849464457586903,0.22094547654972424,8.440302825654008,1.0260220230228711e-06
2026-01-30,2026-02-02,AMGN,-1473.1098287993811,0.1508263215422834,0.15000000010896763,0.1473109828799381,0.7365549143996906,0.05518725475709152,0.9390531520367202,1.6160443870411495e-06
2026-01-30,2026-02-02,AMZN,-367.504677422441,0.021090375469122714,0.020884228591367196,0.036750467742244095,0.1837523387112205,0.0017893610036218404,0.22229216745708644,3.6568103206707945e-08
2026-01-30,2026-02-02,CAT,-36820.65284043055,0.17065405730266098,0.15000000012654102,3.682065284043055,18.410326420215277,5.555391875210659,27.647783579468992,2.3130575650217375e-05
2026-01-30,2026-02-02,DIS,20610.711573443117,0.13483729901978794,0.14639860449482237,2.061071157344312,10.305355786721558,2.283460107173514,14.649887051239384,1.8045328690220553e-05
2026-01-30,2026-02-02,GOOGL,-430.9506281983412,0.021442100795540094,0.021200364752633222,0.04309506281983412,0.2154753140991706,0.0024389499873817377,0.26100932690638645,4.223477195376608e-08
2026-01-30,2026-02-02,HD,-816.7929274303435,0.1141094185045471,0.11365124933798434,0.08167929274303436,0.40839646371517174,0.015129242141990632,0.5052049986001967,4.961018602289006e-07
2026-01-30,2026-02-02,LLY,-220.50784573919307,0.09160633595522322,0.09148264500184937,0.02205078457391931,0.11025392286959655,0.0016773943003658917,0.13398210174388175,7.06630107896424e-08
2026-01-30,2026-02-02,MSFT,7150.35345285203,0.13148643634509963,0.135497332341015,0.7150353452852031,3.5751767264260153,0.13933149151157584,4.429543563222794,4.5827488161997487e-07
2026-01-30,2026-02-02,WMT,-1330.4751934489586,0.021631887869831185,0.020885575444682378,0.13304751934489586,0.6652375967244794,0.014479223871470607,0.8127643399408458,2.4823675058989695e-07
2026-02-27,2026-03-02,AAPL,8371.44782648846,0.14536257505266936,0.14999999988785676,0.8371447826488461,4.18572391324423,0.1473476181043173,5.1702163139973925,5.778359189911001e-07
2026-02-27,2026-03-02,AMGN,-30518.656188187728,0.16690603318469674,0.15000000007345493,3.051865618818773,15.259328094093862,4.903232392751824,23.214426105664458,2.7618320678376688e-05
2026-02-27,2026-03-02,AMZN,-31932.46833871392,0.01768922470665429,0.0,3.1932468338713917,15.966234169356959,1.3202073918275172,20.479688395055867,2.2973682863927753e-06
2026-02-27,2026-03-02,CAT,-20389.508408064143,0.16129491758778397,0.15000000007427647,2.038950840806414,10.19475420403207,2.05051472854516,14.284219773383645,8.126810530918888e-06
2026-02-27,2026-03-02,DIS,2758.6798774423987,0.1444062527505025,0.14593444367292618,0.2758679877442399,1.3793399387211993,0.10928740064257547,1.7644953271080146,1.8357172795124045e-06
2026-02-27,2026-03-02,GOOGL,2397.86620186622,0.018671684472889312,0.020000000017161814,0.23978662018662197,1.19893310093311,0.022280858484853814,1.4610005796045855,1.7909072277347787e-07
2026-02-27,2026-03-02,HD,4144.304882183962,0.1100637423015444,0.11235951034353314,0.41443048821839623,2.072152441091981,0.1451491547437851,2.6317320840541623,2.6774448483111707e-06
2026-02-27,2026-03-02,JNJ,36103.8641241204,0.0,0.019999999952894393,3.61038641241204,18.0519320620602,2.4380568226310446,24.100375297103284,1.5734075236254986e-05
2026-02-27,2026-03-02,LLY,4382.028515472967,0.08822499660294629,0.09065245339266122,0.4382028515472967,2.1910142577364837,0.18279949765496303,2.8120166069387436,1.1149978272808865e-06
2026-02-27,2026-03-02,MSFT,26723.101849323226,0.1262501346444344,0.1410535926313758,2.6723101849323228,13.361550924661612,1.060186266150456,17.094047375744392,1.5451315142923994e-06
2026-02-27,2026-03-02,WMT,-38144.52446779379,0.021130438695878544,0.0,3.814452446779379,19.072262233896893,3.081081546558952,25.967796227235223,1.0708341738988737e-05
2026-02-27,2026-03-02,XOM,36103.86412586221,0.0,0.01999999995385928,3.610386412586221,18.0519320629311,3.177771385958553,24.840089861475874,1.0993295324049107e-05
2026-03-31,2026-04-01,AAPL,-7194.918830054459,0.1542445847136817,0.1500000000586029,0.719491883005446,3.59745941502723,0.14960342944837063,4.466554727481047,6.931351591996142e-07
2026-03-31,2026-04-01,AMGN,1302.9340677924456,0.14630333678395646,0.14707199228673012,0.13029340677924456,0.6514670338962228,0.04698009079000964,0.8287405314654771,1.355805180907391e-06
2026-03-31,2026-04-01,CAT,-8574.48049316576,0.15505844605104885,0.15000000005794953,0.857448049316576,4.28724024658288,0.7006590027317835,5.84534729863124,4.553903009483707e-06
2026-03-31,2026-04-01,DIS,1818.1968644538188,0.1438266670659621,0.14489929772282728,0.18181968644538188,0.9090984322269094,0.06741430886422124,1.1583324275365126,1.6035358674016067e-06
2026-03-31,2026-04-01,GOOGL,-842.0291383006102,0.020677440223981276,0.02018069188755384,0.08420291383006101,0.42101456915030505,0.006702668918144729,0.5119201518985108,9.464923858453133e-08
2026-03-31,2026-04-01,HD,1322.3494213166882,0.10704843198921314,0.10782854142407255,0.1322349421316688,0.6611747106583442,0.031012489942846007,0.824422142732859,9.132863330356438e-07
2026-03-31,2026-04-01,JNJ,378.0445671993987,0.02091682164505734,0.02113984600527216,0.03780445671993987,0.18902228359969936,0.0027641480773154515,0.22959088839695468,2.0423373668123625e-07
2026-03-31,2026-04-01,LLY,-4204.992694558015,0.0905155517925522,0.0880348500796318,0.42049926945580146,2.1024963472790072,0.2240358374421679,2.7470314541769767,1.5947863207777949e-06
2026-03-31,2026-04-01,MSFT,13545.311926089358,0.13920555367821497,0.1471965018053253,1.3545311926089358,6.772655963044679,0.4538352163702083,8.581022372023824,1.044325019030326e-06
2026-03-31,2026-04-01,XOM,2449.584309227058,0.02220316605633202,0.02364827867203449,0.2449584309227058,1.224792154613529,0.05234265333398002,1.5220932388702146,6.274643354287343e-07
2026-04-30,2026-05-01,AAPL,-7156.05488341912,0.15395390239748422,0.15000000002107763,0.7156054883419121,3.57802744170956,0.14034856347936453,4.433981493530837,6.220437736811301e-07
2026-04-30,2026-05-01,AMGN,38740.30322398015,0.12859499688674772,0.14999999998907446,3.874030322398015,19.370151611990075,7.540991930928843,30.78517386531693,4.5981150019817396e-05
2026-04-30,2026-05-01,CAT,-38844.37484244307,0.171462505414468,0.1500000000953108,3.8844374842443066,19.422187421221533,7.569063118251097,30.875688023716936,2.136920991578974e-05
2026-04-30,2026-05-01,DIS,9283.960083445534,0.14487037555131552,0.1499999996856207,0.9283960083445534,4.641980041722767,0.8226199517393965,6.392996001806717,1.2187497930290084e-05
2026-04-30,2026-05-01,GOOGL,227116.5868254865,0.024512307186352982,0.14999999935754343,22.711658682548652,113.55829341274325,40.098049018663204,176.3680011139551,2.5480951568542366e-05
2026-04-30,2026-05-01,HD,-179625.19214807067,0.09924748840906128,0.0,17.962519214807067,89.81259607403533,59.14500626027859,166.92012154912098,0.00015286976625067283
2026-04-30,2026-05-01,JNJ,36748.585460914364,0.01842569184613801,0.03873022021415774,3.6748585460914365,18.37429273045718,2.6960349249372406,24.745186201485858,2.0552118336202452e-05
2026-04-30,2026-05-01,LLY,-150601.2360440957,0.0832110142788634,0.0,15.060123604409572,75.30061802204786,50.412460768300626,140.77320239475804,5.427744219169049e-05
2026-04-30,2026-05-01,MSFT,-8469.879404833213,0.15467982394204086,0.15000000009325473,0.8469879404833213,4.234939702416606,0.19529263974123534,5.277220282641163,6.085082550139197e-07
2026-04-30,2026-05-01,SBUX,36197.42903633354,0.0,0.020000000421766664,3.619742903633354,18.09871451816677,8.76453525468656,30.482992676486685,4.9907789310421875e-05
2026-04-30,2026-05-01,WMT,36197.42935797165,0.0,0.0200000005994799,3.6197429357971647,18.098714678985825,3.9570217532443848,25.675479368027375,1.7088119244197087e-05
2026-04-30,2026-05-01,XOM,412.44333473010994,0.02104189408752802,0.02126977952271396,0.04124433347301099,0.20622166736505496,0.004474168122252995,0.25194016896031896,1.4145943602979975e-07
2026-05-29,2026-06-01,AAPL,-20466.98808136466,0.16110153326576887,0.15000000003820227,2.046698808136466,10.233494040682329,0.5065753199471764,12.78676816876597,1.404220221180322e-06
2026-05-29,2026-06-01,AMGN,3681.149494788789,0.14800330159476655,0.15000000004739558,0.3681149494788789,1.8405747473943945,0.16766946806233146,2.376359164935605,4.158882763245193e-06
2026-05-29,2026-06-01,AMZN,276542.7210295632,0.0,0.1499999997140116,27.654272102956323,138.27136051478163,39.50336763577255,205.4290002535105,2.6022566799058605e-05
2026-05-29,2026-06-01,CAT,12573.960093958969,0.1431797372920476,0.15000000001122513,1.257396009395897,6.286980046979485,1.1911833021729183,8.7355593585483,5.35517802783165e-06
2026-05-29,2026-06-01,CSCO,73744.72651406196,0.0,0.04000000041525818,7.374472651406196,36.87236325703098,13.87326249915541,58.120098407592586,2.377507434981848e-05
2026-05-29,2026-06-01,DIS,5763.99870573208,0.14687353934866867,0.14999999952448703,0.5763998705732081,2.88199935286604,0.36258255642117876,3.8209817798604266,5.851824907633115e-06
2026-05-29,2026-06-01,GOOGL,-264826.3912817914,0.14364492570493229,0.0,26.482639128179137,132.4131956408957,45.74038000949403,204.63621477856887,2.4810593379904638e-05
2026-05-29,2026-06-01,JNJ,-69333.25864897417,0.037607168754247654,0.0,6.933325864897417,34.66662932448708,7.4852992717312885,49.08525446111579,3.9696292144204696e-05
2026-05-29,2026-06-01,LLY,36872.36309063399,0.0,0.02000000011737342,3.687236309063399,18.436181545316995,4.5547600910102615,26.678177945390654,1.0922597710032943e-05
2026-05-29,2026-06-01,MRK,36872.362945464185,0.0,0.020000000038631623,3.6872362945464183,18.43618147273209,5.694107720588204,27.817525487866714,3.594851659553621e-05
2026-05-29,2026-06-01,MSFT,-25668.855726441598,0.16392308700313504,0.15000000004828573,2.5668855726441597,12.8344278632208,0.9768131336627035,16.378126569527662,1.750351248527366e-06
2026-05-29,2026-06-01,SBUX,-33169.41717641876,0.017991479032438026,0.0,3.3169417176418765,16.58470858820938,6.896348981097904,26.79799928694916,4.3302933356529224e-05
2026-05-29,2026-06-01,WMT,5301.95840684875,0.017124155920394627,0.020000000045129317,0.530195840684875,2.650979203424375,0.20315563994063088,3.384330684049881,1.9725177759688252e-06
2026-05-29,2026-06-01,XOM,-37888.32936606167,0.02055107208360068,0.0,3.788832936606167,18.944164683030834,4.31427745218084,27.04727507181784,1.4207160379012144e-05
