date,portfolio_return,gross_return,benchmark_return,active_return,portfolio_value,turnover,transaction_cost,cash,delisting_liquidations,missing_return_fills,drawdown,benchmark_value,secondary_benchmark_return,internal_equal_weight_return,internal_cap_weight_return,internal_benchmark_coverage
2016-01-04,0.0,0.0,-0.015303731089594375,0.015303731089594375,1000000.0,0.0,0.0,1000000.0,0,0,0.0,984696.2689104056,-0.013979229022943351,0.0,0.0,0.0
2016-01-05,0.0,0.0,0.0020122259542274534,-0.0020122259542274534,1000000.0,0.0,0.0,1000000.0,0,0,0.0,986677.7002997381,0.0016914079457917008,0.0,0.0,0.0
2016-01-06,0.0,0.0,-0.013115396702646942,0.013115396702646942,1000000.0,0.0,0.0,1000000.0,0,0,0.0,973737.0308426516,-0.012614291493155405,0.0,0.0,0.0
2016-01-07,0.0,0.0,-0.023700443014411654,0.023700443014411654,1000000.0,0.0,0.0,1000000.0,0,0,0.0,950659.031832143,-0.023991583945755512,0.0,0.0,0.0
2016-01-08,0.0,0.0,-0.010838374390218508,0.010838374390218508,1000000.0,0.0,0.0,1000000.0,0,0,0.0,940355.4333277035,-0.010976729768280125,0.0,0.0,0.0
2016-01-11,0.0,0.0,0.0008532721255336551,-0.0008532721255336551,1000000.0,0.0,0.0,1000000.0,0,0,0.0,941157.8124070562,0.0009901210824208029,0.0,0.0,0.0
2016-01-12,0.0,0.0,0.00780279851675636,-0.00780279851675636,1000000.0,0.0,0.0,1000000.0,0,0,0.0,948501.4771897397,0.008068092342571553,0.0,0.0,0.0
2016-01-13,0.0,0.0,-0.02496545230421965,0.02496545230421965,1000000.0,0.0,0.0,1000000.0,0,0,0.0,924821.7088004773,-0.024940418960557653,0.0,0.0,0.0
2016-01-14,0.0,0.0,0.016695905386662213,-0.016695905386662213,1000000.0,0.0,0.0,1000000.0,0,0,0.0,940262.4445501415,0.01641666332054159,0.0,0.0,0.0
2016-01-15,0.0,0.0,-0.021599098001850003,0.021599098001850003,1000000.0,0.0,0.0,1000000.0,0,0,0.0,919953.6238628438,-0.021466149515368182,0.0,0.0,0.0
2016-01-19,0.0,0.0,0.0005318215543925753,-0.0005318215543925753,1000000.0,0.0,0.0,1000000.0,0,0,0.0,920442.8750290556,0.001331301040615962,0.0,0.0,0.0
2016-01-20,0.0,0.0,-0.011693855152413501,0.011693855152413501,1000000.0,0.0,0.0,1000000.0,0,0,0.0,909679.3493723948,-0.01281495126284804,0.0,0.0,0.0
2016-01-21,0.0,0.0,0.005195438361131455,-0.005195438361131455,1000000.0,0.0,0.0,1000000.0,0,0,0.0,914405.5323604533,0.005601868819534062,0.0,0.0,0.0
2016-01-22,0.0,0.0,0.020283701024494727,-0.020283701024494727,1000000.0,0.0,0.0,1000000.0,0,0,0.0,932953.0607939967,0.02051527469561676,0.0,0.0,0.0
2016-01-25,0.0,0.0,-0.015637982053378963,0.015637982053378963,1000000.0,0.0,0.0,1000000.0,0,0,0.0,918363.5575726551,-0.015116538876203234,0.0,0.0,0.0
2016-01-26,0.0,0.0,0.014144335590226431,-0.014144335590226431,1000000.0,0.0,0.0,1000000.0,0,0,0.0,931353.199924797,0.0136435242759676,0.0,0.0,0.0
2016-01-27,0.0,0.0,-0.010863483795639506,0.010863483795639506,1000000.0,0.0,0.0,1000000.0,0,0,0.0,921235.459529397,-0.010883323753254626,0.0,0.0,0.0
2016-01-28,0.0,0.0,0.005528577205787588,-0.005528577205787588,1000000.0,0.0,0.0,1000000.0,0,0,0.0,926328.5808921144,0.0052087651500496435,0.0,0.0,0.0
2016-01-29,0.0,0.0,0.0247602174153414,-0.0247602174153414,1000000.0,0.0,0.0,1000000.0,0,0,0.0,949264.6779530479,0.024377184230932603,0.0,0.0,0.0
2016-02-01,-0.0010297645565472413,0.0,-0.00044323658717015935,-0.000586527969377082,998970.2354434527,0.999999587858304,1029.764556547315,0.411717287148349,0,0,-0.0010297645565472413,948843.9291168709,-0.0003612056552728671,0.0001431834240545046,-0.002592863047760587,1.0
2016-02-02,-0.017152096844080367,-0.017152096844080367,-0.018743090830274922,0.0015909939861945555,981835.8012207729,0.0,0.0,0.411717287148349,0,0,-0.018164198779227148,931059.6611696784,-0.018021967859539023,-0.02145400774862765,-0.01998052216519682,1.0
2016-02-03,0.002942723341849085,0.002942723341849085,0.004992038934619414,-0.002049315592770329,984725.0723508884,0.0,0.0,0.411717287148349,0,0,-0.015274927649111647,935707.547248691,0.005994949083564904,0.008735971731441361,0.006911885125621521,1.0
2016-02-04,-0.003779803215219979,-0.003779803215219979,0.0015267325638141926,-0.005306535779034172,981003.0053563088,0.0,0.0,0.411717287148349,0,0,-0.018996994643691312,937136.1224312823,0.0015682267336134537,0.006737141107622377,0.004446579113628236,1.0
2016-02-05,-0.018852275056048695,-0.018852275056048695,-0.018481246310869337,-0.00037102874517935813,962508.8668685212,0.0,0.0,0.411717287148349,0,0,-0.03749113313147889,919816.6789258168,-0.019050342494794315,-0.016806821700383345,-0.017700340351615634,1.0
2016-02-08,-0.01295062578346684,-0.01295062578346684,-0.014153935656373462,0.0012033098729066216,950043.7747204383,0.0,0.0,0.411717287148349,0,0,-0.04995622527956178,906797.6528366416,-0.013461096810686857,-0.021146332179040984,-0.014030532083511467,1.0
2016-02-09,0.008932328168710368,0.008932328168710368,-0.0006636203533073592,0.009595948522017728,958529.8774908816,0.0,0.0,0.411717287148349,0,0,-0.04147012250911852,906195.8834578878,5.3743717242538125e-05,-0.0003196701899051659,0.0005846022419717643,1.0
2016-02-10,0.0004834463608449635,0.0004834463608449635,-0.00018895027740828407,0.0006723966382532476,958993.2752719157,0.0,0.0,0.411717287148349,0,0,-0.04100672472808442,906024.6574943223,-0.0008624818916771471,0.0013644749528544714,0.000150066501523073,1.0
2016-02-11,-0.011201275228123753,-0.011201275228123753,-0.012301161792504733,0.0010998865643809808,948251.3276536751,0.0,0.0,0.411717287148349,0,0,-0.051748672346324964,894879.501594486,-0.013007737466920077,-0.016249171056660145,-0.016168350029585554,1.0
2016-02-12,0.022775238084769,0.022775238084769,0.019518049565855122,0.0032571885189138783,969847.9774051858,0.0,0.0,0.411717287148349,0,0,-0.0301520225948142,912345.8040620749,0.02061670026765272,0.023687210343491586,0.02318547225921844,1.0
2016-02-16,0.017427313811066547,0.017427313811066547,0.01651665412216241,0.0009106596889041363,986749.8224564542,0.0,0.0,0.411717287148349,0,0,-0.013250177543545849,927414.7041475744,0.016877834265186964,0.020191851177966857,0.017738912611115376,1.0
2016-02-17,0.019270388171578334,0.019270388171578334,0.01648043921048603,0.0027899489610923034,1005764.8745634261,0.0,0.0,0.411717287148349,0,0,0.0,942698.9058021893,0.016335060803920776,0.018084412115712916,0.016099377153103903,1.0
2016-02-18,-0.005653809607407911,-0.005653809607407911,-0.004665713707027619,-0.0009880959003802925,1000078.471452826,0.0,0.0,0.411717287148349,0,0,-0.005653809607407911,938300.5425957881,-0.004095954007608649,-0.0017011782711125708,-0.00400132061716809,1.0
2016-02-19,0.005602533665335363,0.005602533665335363,-2.6032942938902792e-05,0.005628566608274266,1005681.4447571175,0.0,0.0,0.411717287148349,0,0,-8.295160073557017e-05,938276.1158713032,-0.00046858964478913023,-0.002140877567254,-0.0005656624354845005,1.0
2016-02-22,0.012306701374681372,0.012306701374681372,0.014454197186153817,-0.002147495811472444,1018058.0659758016,0.0,0.0,0.411717287148349,0,0,0.0,951838.1438651655,0.014479306666175251,0.017337033224244097,0.014240991510235761,1.0
2016-02-23,-0.012377522057882007,-0.012377522057882007,-0.012454371867771763,7.684980988975632e-05,1005457.0298079813,0.0,0.0,0.411717287148349,0,0,-0.012377522057882007,939983.5976635391,-0.01262946908868734,-0.01215239595568871,-0.012041204233697445,1.0
2016-02-24,0.006782388618075341,0.006782388618075341,0.004439786812972857,0.0023426018051024844,1012276.4301229147,0.0,0.0,0.411717287148349,0,0,-0.005679082604531982,944156.9244448565,0.0045755339038107135,0.005721629162434698,0.0024830390340696727,1.0
2016-02-25,0.008689167013013366,0.008689167013013366,0.011348275359951865,-0.002659108346938499,1021072.2690875897,0.0,0.0,0.411717287148349,0,0,0.0,954871.477206462,0.012111930870019938,0.012080099608973225,0.012872702617813097,1.0
2016-02-26,0.0004064890555575129,0.0004064890555575129,-0.0018701144822791393,0.0022766035378366523,1021487.323789907,0.0,0.0,0.411717287148349,0,0,0.0,953085.7582282228,-0.002301240782942582,0.0012891072870104537,-0.0013251919388799385,1.0
2016-02-29,-0.007374435436545812,-0.007374435436545812,-0.008120976341902342,0.0007465409053565297,1013954.4314713684,0.0,0.0,0.411717287148349,0,0,-0.007374435436545923,945345.7713338473,-0.00784250619666349,-0.0067727122664773265,-0.008921179559510418,1.0
2016-03-01,0.021163694391202137,0.02120468055917879,0.023868791801894718,-0.0027050974106925807,1035413.4531856336,0.05717389280365454,41.558106648845225,0.6058383212657645,0,0,0.0,967910.0327306165,0.023506438381883266,0.023459706325362827,0.02384776067193691,1.0
2016-03-02,0.001128826212359213,0.001128826212359213,0.004094308735004493,-0.0029654825226452797,1036582.2550322189,0.0,0.0,0.6058383212657645,0,0,0.0,971872.955232324,0.004492658218989254,0.007029778940334748,0.005690408530599279,1.0
2016-03-03,0.009606713280188028,0.009606713280188028,0.0034987406745825567,0.006107972605605472,1046540.4035476441,0.0,0.0,0.6058383212657645,0,0,0.0,975273.2866713221,0.0039196400756731364,0.00867116530983736,0.0034597412237661745,1.0
2016-03-04,0.0024384790604266016,0.0024384790604266016,0.0033058923144386743,-0.0008674132540120727,1049092.3704075855,0.0,0.0,0.6058383212657645,0,0,0.0,978497.4351342062,0.0032536287955275967,0.0049244503966555725,0.003322808376171088,1.0
2016-03-07,-0.0023475341153300633,-0.0023475341153300633,0.0008850141950174084,-0.0032325483103474717,1046629.5902779212,0.0,0.0,0.6058383212657645,0,0,-0.0023475341153301743,979363.4192540881,0.0007980242864189524,0.004384526296631536,0.0015802471612623354,1.0
2016-03-08,-0.01003364594120526,-0.01003364594120526,-0.011240108649505087,0.001206462708299827,1036128.0795374837,0.0,0.0,0.6058383212657645,0,0,-0.012357625730387234,968355.2680143213,-0.010917465037103335,-0.015242554513011196,-0.010314495913991136,1.0
2016-03-09,0.004239827508305094,0.004239827508305094,0.0050523932937867055,-0.0008125657854816115,1040521.0838712341,0.0,0.0,0.6058383212657645,0,0,-0.008170192423591183,973247.7796764399,0.004939594022623561,0.005043243936962482,0.0041979322470268535,1.0
2016-03-10,-0.00246656966005554,-0.00246656966005554,0.00015580493345068724,-0.002622374593506227,1037954.5661351092,0.0,0.0,0.6058383212657645,0,0,-0.010616609734897975,973399.4164819835,0.0008024984566641358,0.001059289014967576,-0.00023978346532980678,1.0
2016-03-11,0.017997508874010748,0.017997508874010748,0.01639550053418848,0.0016020083398222695,1056635.1626499458,0.0,0.0,0.6058383212657645,0,0,0.0,989358.7871348925,0.016137071149406657,0.02012386162468396,0.016511127274225636,1.0
2016-03-14,0.0009589796899562852,0.0009589796899562852,-0.001260972921287129,0.0022199526112434143,1057648.4543106207,0.0,0.0,0.6058383212657645,0,0,0.0,988111.232494878,-0.0012825551311732575,-0.0017584176123020706,-0.0015218175584656444,1.0
2016-03-15,-0.0019872700644371077,-0.0019872700644371077,-0.0018369416879204792,-0.00015032837651662856,1055546.621198671,0.0,0.0,0.6058383212657645,0,0,-0.0019872700644372188,986296.1297796057,-0.0016293900347158496,-0.005523225529029459,-0.002225879772937511,1.0
2016-03-16,0.009252958870414885,0.009252958870414885,0.005600351545632654,0.003652607324782231,1065313.5506704277,0.0,0.0,0.6058383212657645,0,0,0.0,991819.7348344683,0.005786957250077718,0.009392404013769728,0.004603521822159645,1.0
2016-03-17,0.002944945688065026,0.002944945688065026,0.006595236486620859,-0.003650290798555833,1068450.8412179118,0.0,0.0,0.6058383212657645,0,0,0.0,998361.0205377993,0.006344057869186015,0.010247880416680273,0.009128028107499924,1.0
2016-03-18,0.00466439794410789,0.00466439794410789,0.004405643688967897,0.0002587542551399924,1073434.521125069,0.0,0.0,0.6058383212657645,0,0,0.0,1002759.4434672431,0.0039294867926684685,0.00588696665542661,0.005324556478226879,1.0
2016-03-21,-0.003519718749743439,-0.003519718749743439,0.0009855772666846896,-0.004505296016428129,1069656.3335144431,0.0,0.0,0.6058383212657645,0,0,-0.003519718749743439,1003747.7403786778,0.0014192051765575808,-0.00020543383405508258,0.0014619137461207934,1.0
2016-03-22,0.0006648864775127272,0.0006648864775127272,-0.000877387766836879,0.0015422742443496062,1070367.5335461828,0.0,0.0,0.6058383212657645,0,0,-0.002857172485632109,1002867.0643902795,-0.0005375684059306662,-0.0010909861322913022,-0.0009562140870045073,1.0
2016-03-23,-0.0069273750581512195,-0.0069273750581512195,-0.006386031602501285,-0.0005413434556499341,1062952.69619124,0.0,0.0,0.6058383212657645,0,0,-0.009764754838369583,996462.7236239755,-0.006599246876523579,-0.009888603628932654,-0.00621661112427349,1.0
2016-03-24,-0.0033148899766451967,-0.0033148899766451967,-0.0003780702927851376,-0.002936819683860059,1059429.1249529878,0.0,0.0,0.6058383212657645,0,0,-0.013047275727076757,996085.9906703054,-0.00044288420049720667,-0.0013427706866153953,-0.0003977299415663467,1.0
2016-03-28,0.0007902930850411938,0.0007902930850411938,0.0005452554858313974,0.0002450375992097964,1060266.3844645293,0.0,0.0,0.6058383212657645,0,0,-0.0122672938138213,996629.1120210782,0.0005908328594674828,0.001705145190076525,0.0013253397426394445,1.0
2016-03-29,0.008448269008182852,0.008448269008182852,0.008816651779288476,-0.00036838277110562423,1069223.8001008192,0.0,0.0,0.6058383212657645,0,0,-0.003922662203780125,1005416.0438548696,0.009249796374930286,0.009907023107530328,0.007517575227993403,1.0
2016-03-30,0.004387832033252437,0.004387832033252437,0.004350315260639448,3.75167726129888e-05,1073915.3745416175,0.0,0.0,0.6058383212657645,0,0,0.0,1009789.9206137432,0.004387866257857365,0.0031629114874940066,0.005209128312326893,1.0
2016-03-31,8.826486010482526e-05,8.826486010482526e-05,-0.00203975921756705,0.002128024077671875,1074010.1635319158,0.0,0.0,0.6058383212657645,0,0,0.0,1007730.1923153652,-0.002426918280180712,-4.8380372077553595e-06,-0.001622750815523014,1.0
2016-04-01,0.0014927024099218311,0.0015024625538451186,0.006330915127309877,-0.004838212717388046,1075613.3410913004,0.014733823790502388,10.482493771264394,0.6844341629184783,0,0,0.0,1014110.0466341415,0.006811973027907481,0.004007047116018087,0.005927498032230928,1.0
2016-04-04,-0.0025567776177708446,-0.0025567776177708446,-0.003208322345054082,0.0006515447272832375,1072863.2369754224,0.0,0.0,0.6844341629184783,0,0,-0.0025567776177708446,1010856.4547111813,-0.0032378161792206983,-0.005732661180326241,-0.004857565554281847,1.0
2016-04-05,-0.009201951932261476,-0.009201951932261476,-0.010144492387214377,0.0009425404549529004,1062990.801038884,0.0,0.0,0.6844341629184783,0,0,-0.011735202205292117,1000601.8291017973,-0.009988040475336635,-0.0108223758874645,-0.009041884100536494,1.0
2016-04-06,0.008595806466793698,0.008595806466793698,0.010507619269939372,-0.0019118128031456738,1072128.0642405963,0.0,0.0,0.6844341629184783,0,0,-0.0032402692655039145,1011115.7721628039,0.010921332454454813,0.009186089804090487,0.008940284682599229,1.0
2016-04-07,-0.008809860452066998,-0.008809860452066998,-0.011975786526205012,0.0031659260741380146,1062682.7656078918,0.0,0.0,0.6844341629184783,0,0,-0.01202158339751458,999006.8655221033,-0.011965946121702098,-0.012638217192577317,-0.012096193745370208,1.0
2016-04-08,0.003089956164916474,0.003089956164916474,0.0027865779152880243,0.00030337824962844984,1065966.4087708325,0.0,0.0,0.6844341629184783,0,0,-0.008968773398329355,1001790.6759907881,0.002696625968062527,0.00455069685507225,0.0037277183044214166,1.0
2016-04-11,-0.003103119204154736,-0.003103119204154736,-0.0027397858070188352,-0.00036333339713590096,1062658.5879367918,0.0,0.0,0.6844341629184783,0,0,-0.012044061429514086,999045.9841151048,-0.0023473836175317286,-0.0010326686359302746,-0.0021096577282971713,1.0
2016-04-12,0.009231777919961548,0.009231777919961548,0.0096621337827838,-0.00043035586282225147,1072468.8160253642,0.0,0.0,0.6844341629184783,0,0,-0.002923471609924122,1008698.9000687778,0.009313031853505738,0.010233876758737234,0.008875677386645683,1.0
2016-04-13,0.009119163027596855,0.009119163027596855,0.01004013710204088,-0.0009209740744440253,1082248.8340007132,0.0,0.0,0.6844341629184783,0,0,0.0,1018826.3753201461,0.010101210969600816,0.013598353851788238,0.010753133715756754,1.0
2016-04-14,0.00047930820363784044,0.00047930820363784044,0.0001729273803483533,0.0003063808232894871,1082767.564745227,0.0,0.0,0.6844341629184783,0,0,0.0,1019002.5582962601,4.774991684786123e-05,-0.0022476313883400224,0.0002915951590531396,1.0
2016-04-15,-0.001171521200877157,-0.001171521200877157,-0.0009842848497145784,-0.00018723635116257853,1081499.079587506,0.0,0.0,0.6844341629184783,0,0,-0.001171521200877157,1017999.5695163086,-0.0011056211402015181,0.00047373747884665054,-0.0005582697790248692,1.0
2016-04-18,0.008089846088757957,0.008089846088757957,0.006541025289023228,0.0015488207997347292,1090248.2406865023,0.0,0.0,0.6844341629184783,0,0,0.0,1024658.3304447297,0.007026498584137508,0.006107702672699381,0.006230375313972224,1.0
2016-04-19,0.002291018527780242,0.002291018527780242,0.0030844851678346608,-0.0007934666400544188,1092746.019605795,0.0,0.0,0.6844341629184783,0,0,0.0,1027818.8738670846,0.0031544498472086957,0.004545801636425286,0.0036847733997407888,1.0
2016-04-20,0.005438965456443956,0.005438965456443956,0.0007615448773992117,0.004677420579044744,1098689.4274590975,0.0,0.0,0.6844341629184783,0,0,0.0,1028601.6040653723,0.0009526858098842794,0.0005616640084487837,0.00023220751511585818,1.0
2016-04-21,-0.004092491220737293,-0.004092491220737293,-0.005194027008290192,0.0011015357875528986,1094193.0506229042,0.0,0.0,0.6844341629184783,0,0,-0.004092491220737293,1023259.0195530861,-0.005378141548370352,-0.007139530178229109,-0.005793029908986144,1.0
2016-04-22,0.0022349641605488024,0.0022349641605488024,4.785972478082989e-05,0.0021871044357679725,1096638.532875768,0.0,0.0,0.6844341629184783,0,0,-0.0018666736313942556,1023307.9924481414,0.0,0.004916239221411113,-0.0004950920928374736,1.0
2016-04-25,-0.0015112580727243419,-0.0015112580727243419,-0.0018120458796383465,0.00030078780691400464,1094981.2290400988,0.0,0.0,0.6844341629184783,0,0,-0.0033751106785240292,1021453.7114168247,-0.0017227925758598328,-0.003417832468317447,-0.00162104473961269,1.0
2016-04-26,0.0034761582689164516,0.0034761582689164516,0.0018727515871905798,0.0016034066817258719,1098787.5570937349,0.0,0.0,0.6844341629184783,0,0,0.0,1023366.6404761224,0.0014857340431888577,0.006545608882285883,0.002885902496453227,1.0
2016-04-27,0.004207486555826145,0.004207486555826145,0.001649352800310755,0.0025581337555153905,1103410.6909679158,0.0,0.0,0.6844341629184783,0,0,0.0,1025054.5331103363,0.002058562164906519,0.0057693402007574085,0.0028936367698995467,1.0
2016-04-28,-0.013008724742473388,-0.013008724742473388,-0.009230768513682652,-0.0037779562287907353,1089056.7250112118,0.0,0.0,0.6844341629184783,0,0,-0.013008724742473388,1015592.4920012938,-0.009075835744968619,-0.011076137587983745,-0.009221904246205469,1.0
2016-04-29,-0.010874159631220404,-0.010874159631220404,-0.005063088369821722,-0.0058110712613986815,1077214.1483359858,0.0,0.0,0.6844341629184783,0,0,-0.02374142542424551,1010450.4574665638,-0.005398446099431187,-0.006179982239547909,-0.0063668633281388845,1.0
2016-05-02,0.007346641309110558,0.00736752014223474,0.007809946463542827,-0.0004633051544322697,1085128.0542969094,0.027164173553011945,22.490974442071597,0.8008829243481159,0,0,-0.016569203851893866,1018342.02144344,0.007947987633562192,0.007453354453969747,0.007983351648725528,1.0
2016-05-03,-0.008963649243123428,-0.008963649243123428,-0.008676638198860664,-0.0002870110442627638,1075401.3470343188,0.0,0.0,0.8008829243481159,0,0,-0.025384332563451073,1009506.2361606788,-0.00870305356043466,-0.009813440489561174,-0.011811949881968334,1.0
2016-05-04,-0.008605965694127193,-0.008605965694127193,-0.005936889314214544,-0.0026690763799126493,1066146.4799343233,0.0,0.0,0.8008829243481159,0,0,-0.03377184156236879,1003512.9093745836,-0.005578059996574569,-0.006475774547370135,-0.0137130418595945,1.0
2016-05-05,-0.0061496356502894756,-0.0061496356502894756,-0.0002390081258001331,-0.0059106275244893425,1059590.0675328886,0.0,0.0,0.8008829243481159,0,0,-0.03971379269181041,1003273.0616348977,-0.00019518702780707553,-0.0011192605515815007,-0.0023331777054479324,1.0
2016-05-06,0.004147009774267296,0.004147009774267296,0.0031746390805036384,0.0009723706937636578,1063984.197899664,0.0,0.0,0.8008829243481159,0,0,-0.03573147640400942,1006458.0915047805,0.003658718778108083,0.004286943779906503,0.00036425677428185465,1.0
2016-05-09,0.002023174494979907,0.002023174494979907,0.0007534970439868616,0.0012696774509930453,1066136.8235919164,0.0,0.0,0.8008829243481159,0,0,-0.03378059292075808,1007216.454701626,0.0008265949143635432,-0.0002645714565495442,-0.004357834523233729,1.0
2016-05-10,0.00926430744095863,0.00926430744095863,0.012483643435067249,-0.0032193359941086186,1076013.8428997989,0.0,0.0,0.8008829243481159,0,0,-0.02482923927815528,1019790.1857840536,0.012433694985418242,0.012327951472157048,0.012047568845326815,1.0
2016-05-11,-0.0059911442450221175,-0.0059911442450221175,-0.009561518078546327,0.0035703738335242097,1069567.2887573456,0.0,0.0,0.8008829243481159,0,0,-0.03067162796916778,1010039.4434863554,-0.009354635926378863,-0.010031493696567187,-0.010196692458020129,1.0
2016-05-12,0.0038416144434603172,0.0038416144434603172,-0.0001694649071644072,0.004011079350624724,1073676.1539020885,0.0,0.0,0.8008829243481159,0,0,-0.026947842094718233,1009868.2772458325,0.0002904940939245648,-0.0012680628026340316,-0.0014614529565912255,1.0
2016-05-13,-0.006951902400526899,-0.006951902400526899,-0.00847828902508041,0.0015263866245535107,1066212.062070388,0.0,0.0,0.8008829243481159,0,0,-0.03371240572709777,1001306.3221140823,-0.00871437872489611,-0.009409521968867157,-0.007512295102491182,1.0
2016-05-16,0.008198020047561982,0.008198020047561982,0.009796652464963085,-0.0015986324174011024,1074952.8899301935,0.0,0.0,0.8008829243481159,0,0,-0.02579076065753816,1011115.7721628044,0.009865300302576152,0.009981441809180768,0.010362911671927065,1.0
2016-05-17,-0.009209851688097959,-0.009209851688097959,-0.009411297455333645,0.0002014457672356862,1065052.7332422442,0.0,0.0,0.8008829243481159,0,0,-0.03476308326505695,1001599.8608692009,-0.009333341439942133,-0.006930117333549579,-0.008891601945707588,1.0
2016-05-18,0.003246557324874333,0.003246557324874333,0.00020517873267866804,0.003041378592195665,1068510.4879947293,0.0,0.0,0.8008829243481159,0,0,-0.031629386282791994,1001805.3678593053,0.0002926585575053764,-0.001260563727113136,-0.0006357467042058217,1.0
2016-05-19,-0.0056083895259613215,-0.0056083895259613215,-0.003706707658226005,-0.0019016818677353164,1062517.8649654798,0.0,0.0,0.8008829243481159,0,0,-0.03706038589001237,998091.9682302093,-0.0034646840891598973,-0.0033513066950261175,-0.0038967308881204285,1.0
2016-05-20,0.006273708412573464,0.006273708412573464,0.006019504059596059,0.0002542043529774052,1069183.7922334233,0.0,0.0,0.8008829243481159,0,0,-0.03101918353217037,1004099.9868848213,0.006317113226226523,0.008086918403437698,0.008061372299791753,1.0
2016-05-23,-0.0045714456974952355,-0.0045714456974952355,-0.0020854589704891735,-0.002485986727006062,1064296.0765865862,0.0,0.0,0.8008829243481159,0,0,-0.03544882671656768,1002005.9775599042,-0.001362418896613704,-0.001770074289985577,6.398844965891553e-05,1.0
2016-05-24,0.014413367277081424,0.014413367277081424,0.013681382686285826,0.000731984590795598,1079636.1668299853,0.0,0.0,0.8008829243481159,0,0,-0.02154639639849376,1015714.804792847,0.012962300234372615,0.013687919904359507,0.014756246053234267,1.0
2016-05-25,0.0014682650389370444,0.0014682650389370444,0.006974740643369559,-0.005506475604432515,1081221.3588685137,0.0,0.0,0.8008829243481159,0,0,-0.02010976718010382,1022799.1521239079,0.00678308806376271,0.007442008013710643,0.006107226740359291,1.0
2016-05-26,-0.005843783405932834,-0.005843783405932834,-0.00021044390350322129,-0.005633339502429613,1074902.9354334178,0.0,0.0,0.8008829243481159,0,0,-0.02583603346229235,1022583.9102778351,0.00028680690797866504,-0.0005311553839236492,0.0009775785584861614,1.0
2016-05-27,0.007375669785975925,0.007375669785975925,0.004286857336424754,0.0030888124495511704,1082831.0645371508,0.0,0.0,0.8008829243481159,0,0,-0.018650921727713543,1026967.5816157196,0.004298982625016823,0.005456101515614555,0.0051120205459297685,1.0
2016-05-31,-0.0021441799612875734,-0.0021441799612875734,-0.0010052630048559275,-0.001138916956431646,1080509.2798671105,0.0,0.0,0.8008829243481159,0,0,-0.02075511075637304,1025935.2090987348,-0.0019025466583528772,0.0011455314445677138,0.007247935357283375,1.0
2016-06-01,0.0015694942468955642,0.0015780743587698876,0.0011350423274503196,0.00043445191944524453,1082205.1329655792,0.012874502639301675,9.270890502424198,0.7843507472425699,0,0,-0.01921819153640325,1027099.6889862836,0.002049108418299861,0.0016873101787071266,-0.0012748720140240025,1.0
2016-06-02,0.0028845807574209292,0.0028845807574209292,0.0028246780734553223,5.990268396560694e-05,1085326.841067714,0.0,0.0,0.7843507472425699,0,0,-0.016389047204480756,1030000.914957016,0.0030440162633389445,0.0039935009686272935,0.005670303465174663,1.0
2016-06-03,-0.0049072828835539095,-0.0049072828835539095,-0.002911814656949452,-0.0019954682266044577,1080000.8352374807,0.0,0.0,0.7843507472425699,0,0,-0.021215904397210217,1027001.7431961729,-0.002987431787101924,-0.0032640777819118397,-0.005883120747952667,1.0
2016-06-06,0.003566181469262464,0.003566181469262464,0.004897281193053882,-0.001331099723791418,1083852.3142028926,0.0,0.0,0.7843507472425699,0,0,-0.017725382693062786,1032031.259518361,0.00508852193542686,0.006330212835923074,0.007075934087001924,1.0
2016-06-07,0.00406665752402513,0.00406665752402513,0.0012894462510633087,0.0027772112729618215,1088259.970371378,0.0,0.0,0.7843507472425699,0,0,-0.013730808229932667,1033362.0083569271,0.0015610537733312668,0.003466637720583543,0.0045087500032655915,1.0
2016-06-08,0.005639426604661768,0.005639426604661768,0.0033095665337075086,0.0023298600709542594,1094397.1326010786,0.0,0.0,0.7843507472425699,0,0,-0.0081688155105063,1036781.98867699,0.0032602068443217114,0.003561948401379992,0.002176911819472077,1.0
2016-06-09,-0.0019125058237237091,-0.0019125058237237091,-0.0017177585589538413,-0.0001947472647698678,1092304.0917115125,0.0,0.0,0.7843507472425699,0,0,-0.01006569842699323,1035001.047542171,-0.0013656406404777277,-0.0024040339896537017,-0.001121048387871086,1.0
2016-06-10,-0.00908537702866652,-0.00908537702866652,-0.009175181182794367,8.980415412784826e-05,1082380.0972083583,0.0,0.0,0.7843507472425699,0,0,-0.01905962479039358,1025504.7254065895,-0.009477708930951234,-0.012362628458275808,-0.011700747637029846,1.0
2016-06-13,-0.008983589723369101,-0.008983589723369101,-0.008115191387155773,-0.0008683983362133274,1072656.438490298,0.0,0.0,0.7843507472425699,0,0,-0.02787199066436441,1017182.5582914824,-0.00771167390235461,-0.00851108666067211,-0.005806011208205923,1.0
2016-06-14,-0.0020460111124799285,-0.0020460111124799285,-0.0017988851350955182,-0.00024712597738441033,1070461.7714972738,0.0,0.0,0.7843507472425699,0,0,-0.02986097537421828,1015352.7637076933,-0.0019668757039326135,-0.003990778396165142,0.00015328260487288098,1.0
2016-06-15,0.00011113910136906213,0.00011113910136906213,-0.0018407128700851372,0.0019518519714541993,1070580.741656608,0.0,0.0,0.7843507472425699,0,0,-0.029753154994818343,1013483.79080786,-0.0013938054090527618,0.0003354626864229645,-0.003245125618909931,1.0
2016-06-16,0.004036136350282771,0.004036136350282771,0.0031329906996742096,0.0009031456506085611,1074901.7515039209,0.0,0.0,0.7843507472425699,0,0,-0.025837106434945745,1016659.0260987316,0.002984287277936648,0.0017168433699291529,0.004008619619917203,1.0
2016-06-17,-0.003982950732271395,-0.003982950732271395,-0.0032579654199809127,-0.0007249853122904826,1070620.4707856486,0.0,0.0,0.7843507472425699,0,0,-0.029717149245222285,1013346.7861477905,-0.003724086607122312,0.001221057156116728,0.0007643525871016724,1.0
2016-06-20,0.007305190230335157,0.007305190230335157,0.00580818525653326,0.0014970049738018965,1078441.5569892288,0.0,0.0,0.7843507472425699,0,0,-0.022629048443226774,1019232.4920108495,0.006439467182993708,0.0077131955496997,0.00784930709448035,1.0
2016-06-21,0.001078173246926939,0.001078173246926939,0.002712061607464289,-0.00163388836053735,1079604.3038243488,0.0,0.0,0.7843507472425699,0,0,-0.021575273230934666,1021996.7133215122,0.002839337346974169,0.0018487871814651582,0.0018449331914702277,1.0
2016-06-22,0.002120416529055369,0.002120416529055369,-0.0016515636618127383,0.003771980190868107,1081893.5146350174,0.0,0.0,0.7843507472425699,0,0,-0.01950060526785702,1020308.8206872983,-0.0016314895920855887,-0.0018714524775775905,-0.0031900480466402308,1.0
2016-06-23,0.01411995691124357,0.01411995691124357,0.01336407865930278,0.0007558782519407892,1097169.8044442176,0.0,0.0,0.7843507472425699,0,0,-0.005655996062738811,1033944.3080237438,0.013022245312588332,0.015069103328453938,0.017490882792937756,1.0
2016-06-24,-0.0368986829557576,-0.0368986829557576,-0.035919799994431734,-0.0009788829613258665,1056685.6836813998,0.0,0.0,0.7843507472425699,0,0,-0.04234598021297842,996805.2352741498,-0.035908644903240305,-0.04108922845342093,-0.045411868901699494,1.0
2016-06-27,-0.022757407963705623,-0.022757407963705623,-0.01809650217612302,-0.004660905787582603,1032638.256488455,0.0,0.0,0.7843507472425699,0,0,-0.06413970342935427,978766.5471648404,-0.01790990742936105,-0.026075043490063433,-0.022169037429113636,1.0
2016-06-28,0.02183993123515693,0.02183993123515693,0.01777016508725926,0.004069766147897669,1055191.0050009552,0.0,0.0,0.7843507472425699,0,0,-0.04370057890653778,996159.3902898462,0.01803591786927594,0.02003054106424253,0.020536506836556945,1.0
2016-06-29,0.017195401724175108,0.017195401724175108,0.017032672570028273,0.00016272915414683453,1073335.4382276826,0.0,0.0,0.7843507472425699,0,0,-0.027256626192239564,1013126.6470122122,0.017027722763223174,0.019669198123916536,0.019357007778504694,1.0
2016-06-30,0.0107885055227952,0.0107885055227952,0.013565044705922347,-0.002776539183127147,1084915.1235308137,0.0,0.0,0.7843507472425699,0,0,-0.016762178931652105,1026869.7552716942,0.013645386637155976,0.016350380233345705,0.019212171665252742,1.0
2016-07-01,0.004025346862334134,0.004050974392573847,0.00194860235588723,0.0020767445064469037,1089282.2832192173,0.03430259634131669,27.803695135686873,0.8016553607303649,0,0,-0.012804305653686399,1028870.7160960058,0.002100607391804399,0.002695306590017765,0.0013360981132300995,1.0
2016-07-05,-0.005767853842081894,-0.005767853842081894,-0.006847477437932237,0.001079623595850343,1082999.4622168397,0.0,0.0,0.8016553607303649,0,0,-0.018498306132208597,1021825.5470809891,-0.007193125866892913,-0.010441696580355325,-0.008309988947510446,1.0
2016-07-06,-0.0008718882212861434,-0.0008718882212861434,0.005352963242081676,-0.00622485146336782,1082055.2077420736,0.0,0.0,0.8016553607303649,0,0,-0.01935406589826416,1027295.3416743338,0.005997422058418245,0.00554295807453066,0.004825442183765179,1.0
2016-07-07,-0.002100905295806421,-0.002100905295806421,-0.0008715778419239317,-0.0012293274538824894,1079781.9122257733,0.0,0.0,0.8016553607303649,0,0,-0.021414310134529546,1026399.9738174188,-0.0006200624988228487,0.0003742301219644025,0.005014464952348077,1.0
2016-07-08,0.014934291354019358,0.014934291354019358,0.015253349296718177,-0.0003190579426988194,1095907.689901753,0.0,0.0,0.8016553607303649,0,0,-0.006799826327204661,1042056.0111361983,0.014890562610721858,0.01863267895111373,0.01635284125735647,1.0
2016-07-11,0.0036616793786070634,0.0036616793786070634,0.003408615474199461,0.0002530639044076022,1099920.5524907233,0.0,0.0,0.8016553607303649,0,0,-0.0031630457324380856,1045607.9793807397,0.0035270748661928586,0.004357528987390652,0.005144437064520069,1.0
2016-07-12,0.007161227903603962,0.007161227903603962,0.007009293213798395,0.00015193468980556624,1107797.3342429674,0.0,0.0,0.8016553607303649,0,0,0.0,1052936.9522949066,0.0072632052664078905,0.01144652114359097,0.012918328249815406,1.0
2016-07-13,-0.0006390429164142564,-0.0006390429164142564,0.00013476775533982632,-0.0007738106717540827,1107089.4042036969,0.0,0.0,0.8016553607303649,0,0,-0.0006390429164141453,1053078.8542444818,-0.0001393971625487378,8.131445168510161e-05,-0.0027958673027888028,1.0
2016-07-14,0.004827626556838327,0.004827626556838327,0.00525920411762093,-0.00043157756078260334,1112434.018412225,0.0,0.0,0.8016553607303649,0,0,0.0,1058617.210890904,0.005583480904041371,0.004734088673062951,0.007133792198912023,1.0
2016-07-15,-0.004853730602307871,-0.004853730602307871,-0.0009289473209127541,-0.003924783281395117,1107034.5633740092,0.0,0.0,0.8016553607303649,0,0,-0.004853730602307871,1057633.8112689748,-0.0013422775513504126,-0.0007137225981149281,0.002269474952204199,1.0
2016-07-18,0.0023648309621884245,0.0023648309621884245,0.002382294987840705,-1.7464025652280668e-05,1109652.5129856889,0.0,0.0,0.8016553607303649,0,0,-0.0025003778925298814,1060153.4069965316,0.0026875010917144504,0.0017897091638436966,0.004377598382101817,1.0
2016-07-19,0.0002745623533004782,0.0002745623533004782,-0.0014351736522938419,0.00170973600559432,1109957.181791,0.0,0.0,0.8016553607303649,0,0,-0.0022265020488676512,1058631.9027594207,-0.0010165052480221037,-0.0028337901141735327,0.0010778652675869688,1.0
2016-07-20,0.010752244666923927,0.010752244666923927,0.004270300173431885,0.006481944493492042,1121891.7129794264,0.0,0.0,0.8016553607303649,0,0,0.0,1063152.5787573748,0.004163300557241678,0.004642258196090939,0.00281824075491863,1.0
2016-07-21,-0.008093259391978469,-0.008093259391978469,-0.003612528916297486,-0.004480730475680983,1112811.9523365728,0.0,0.0,0.8016553607303649,0,0,-0.00809325939197858,1059311.9093241775,-0.0037775665321003737,-0.003339532420679288,-0.002149100923016265,1.0
2016-07-22,0.004925966073772825,0.004925966073772825,0.004553964713003289,0.00037200136076953605,1118293.6262602718,0.0,0.0,0.8016553607303649,0,0,-0.003207160439396839,1064135.978379304,0.004485200737724293,0.006110891350331883,0.004658807361458789,1.0
2016-07-25,-0.002267093847015622,-0.002267093847015622,-0.0030114751244342264,0.0007443812774186043,1115758.3496610203,0.0,0.0,0.8016553607303649,0,0,-0.0054669833527138945,1060931.3593513994,-0.002716032892759679,-0.0017586764037819762,-0.003355062139619223,1.0
2016-07-26,0.004174492267200236,0.004174492267200236,0.0003227842443460638,0.0038517080228541722,1120416.0742637443,0.0,0.0,0.8016553607303649,0,0,-0.0013153129652445639,1061273.8112785306,0.00046167096022853293,0.0045779463004985855,0.0040782647239364835,1.0
2016-07-27,-0.0009012847723980366,-0.0009012847723980366,-0.0011985421207814095,0.0002972573483833729,1119406.2603172604,0.0,0.0,0.8016553607303649,0,0,-0.0022154122660960063,1060001.8299140313,-0.0010611553742330138,-0.004139206213998019,0.04157219174071325,1.0
2016-07-28,-0.0015573686683574284,-0.0015573686683574284,0.0016062090221755643,-0.0031635776905329926,1117662.932080279,0.0,0.0,0.8016553607303649,0,0,-0.003769330720802655,1061704.4144167618,0.00115454021226169,0.002120154274870457,0.013043339168907242,1.0
2016-07-29,0.0022598580878141483,0.0022598580878141483,0.0016313092573088106,0.0006285488305053377,1120188.6916967907,0.0,0.0,0.8016553607303649,0,0,-0.0015179907855034092,1063436.3826565254,0.0016146241809527062,0.0008761749359877013,0.005872162533064539,1.0
2016-08-01,-0.0038847756380547827,-0.0038702978624870488,-0.0012697872845152114,-0.0026149883535395713,1115837.0099572625,0.02027845782487259,16.217840471893876,0.8533791515510529,0,0,-0.005396869369935886,1062086.0446599375,-0.0008290113484198391,-0.0029871257433530434,0.010144799512198628,1.0
2016-08-02,-0.002613040165985403,-0.002613040165985403,-0.006361619481225378,0.003748579315239975,1112921.2830315512,0.0,0.0,0.8533791515510529,0,0,-0.007995807299487123,1055329.4573874911,-0.006407313608005394,-0.009577656797711578,-0.01010444347982748,1.0
2016-08-03,0.011017350640935675,0.011017350640935675,0.0031339432802557354,0.00788340736067994,1125182.72704247,0.0,0.0,0.8533791515510529,0,0,0.0,1058636.8000489266,0.002923088068804036,0.004894682726483101,0.006307890115106931,1.0
2016-08-04,0.005482705050866787,0.005482705050866787,0.00021257188969192597,0.005270133161174861,1131351.7720631736,0.0,0.0,0.8533791515510529,0,0,0.0,1058861.8364740103,0.0010636224589060106,-0.0002376400444813857,-0.006796805417871218,1.0
2016-08-05,0.009467053447983487,0.009467053447983487,0.008603496447961101,0.0008635570000223858,1142062.3397577666,0.0,0.0,0.8533791515510529,0,0,0.0,1067971.750522996,0.00817901985017122,0.010047415546050873,0.007842546214357315,1.0
2016-08-08,-0.0018716214593210712,-0.0018716214593210712,-0.0009071655678379864,-0.0009644558914830847,1139924.8313747935,0.0,0.0,0.8533791515510529,0,0,-0.0018716214593210712,1067002.9233234979,-0.0005956849935206954,-0.0002447061863502116,-0.0009231483122327665,1.0
2016-08-09,-0.0024379403946811484,-0.0024379403946811484,0.0003897939364765346,-0.002827734331157683,1137145.7625814849,0.0,0.0,0.8533791515510529,0,0,-0.004304998952442962,1067418.834593212,0.0005960400456312964,-0.0011605045357917436,-0.003851055389785607,1.0
2016-08-10,-0.0006908354437089592,-0.0006908354437089592,-0.0028646859974036376,0.0021738505536946784,1136360.1819840302,0.0,0.0,0.8533791515510529,0,0,-0.004992860350290562,1064361.0148043882,-0.002475032658671328,-0.003019373277669168,0.003998540964076951,1.0
2016-08-11,0.004969073270480573,0.004969073270480573,0.004734588012062169,0.00023448525841840429,1142006.8389899654,0.0,0.0,0.8533791515510529,0,0,-4.859696871983843e-05,1069400.3257055874,0.004640696945200196,0.006397863585285363,0.004314747118770454,1.0
2016-08-12,-0.0007068405621434293,-0.0007068405621434293,-0.0007960463737501922,8.920581160676289e-05,1141199.6222339221,0.0,0.0,0.8533791515510529,0,0,-0.0007554031805546702,1068549.0334542221,-0.0008690531047422789,-0.001770504416485798,-0.00221055407750697,1.0
2016-08-15,0.0007940508922712475,0.0007940508922712475,0.0027929092187690685,-0.001998858326497821,1142105.7928122166,0.0,0.0,0.8533791515510529,0,0,0.0,1071533.3939004631,0.002883660202135818,0.004713647984643792,0.0053411572951289725,1.0
2016-08-16,-0.003632812572442856,-0.003632812572442856,-0.00547907701986905,0.0018462644474261936,1137956.7365290285,0.0,0.0,0.8533791515510529,0,0,-0.003632812572442856,1065662.379905921,-0.005157689396904974,-0.006131717567140162,-0.005851361558264494,1.0
2016-08-17,0.004877874671017413,0.004877874671017413,0.001868589648029051,0.0030092850229883616,1143507.546870857,0.0,0.0,0.8533791515510529,0,0,0.0,1067653.665597307,0.001881572963190914,0.001965929420752933,-0.0022740156609775816,1.0
2016-08-18,0.0009612144376185405,0.0009612144376185405,0.0021996173129046337,-0.0012384028752860932,1144606.702834435,0.0,0.0,0.8533791515510529,0,0,0.0,1070002.095084341,0.002243861352867471,0.004831553900838508,0.001988537298411944,1.0
2016-08-19,-0.0004927717243141672,-0.0004927717243141672,-0.0014402713809749113,0.0009474996566607441,1144042.6730158178,0.0,0.0,0.8533791515510529,0,0,-0.0004927717243142782,1068461.0016892077,-0.0014621347510244131,-0.0003248445419725147,-0.004191498535007613,1.0
2016-08-22,-0.0008121284628327397,-0.0008121284628327397,-0.000563323157221185,-0.00024880530561155467,1143113.5633983663,0.0,0.0,0.8533791515510529,0,0,-0.0013044999932039225,1067859.1128643684,-4.578416543188357e-05,-0.0003344235296406076,-0.00953000281126833,1.0
2016-08-23,0.00330006203798483,0.00330006203798483,0.0019517694055308787,0.0013482926324539513,1146885.909074043,0.0,0.0,0.8533791515510529,0,0,0.0,1069943.3276102743,0.002013287336672942,0.0035983928638063474,0.00504473215323353,1.0
2016-08-24,-0.0046354112224449295,-0.0046354112224449295,-0.005240276852734871,0.0006048656302899413,1141569.6212602572,0.0,0.0,0.8533791515510529,0,0,-0.0046354112224449295,1064336.52835686,-0.005114738709987243,-0.006210905624349793,-0.0268684194535363,1.0
2016-08-25,0.001181430262756633,0.001181430262756633,-0.0013652276243513173,0.0025466578871079504,1142918.3061578576,0.0,0.0,0.8533791515510529,0,0,-0.003459457374786812,1062883.466726741,-0.0006884456285425333,-0.00043208019479533914,-0.0012325264788584924,1.0
2016-08-26,-0.0018463436905234998,-0.0018463436905234998,-0.0015788165944199406,-0.0002675270961035592,1140808.0861544993,0.0,0.0,0.8533791515510529,0,0,-0.005299413718013679,1061205.3686715383,-0.0018835730272342976,-0.002940280470837082,-0.0035974275450872594,1.0
2016-08-29,0.004904550420073983,0.004904550420073983,0.005228047221710774,-0.0003234968016367912,1146403.236932672,0.0,0.0,0.8533791515510529,0,0,-0.00042085453971651976,1066753.400450886,0.004924539565541286,0.006342552497542864,0.0029009862353877956,1.0
2016-08-30,0.0017439969697889968,0.0017439969697889968,-0.0019536804841114863,0.003697677453900483,1148402.560704039,0.0,0.0,0.8533791515510529,0,0,0.0,1064669.3051510656,-0.001648933998372848,-0.0015212259652603994,-0.008023536459604378,1.0
2016-08-31,-0.00012945714087286841,-0.00012945714087286841,-0.0023758642617150993,0.002246407120842231,1148253.891791959,0.0,0.0,0.8533791515510529,0,0,-0.00012945714087286841,1062139.7953984123,-0.0028440112295005093,-0.0029623430634199465,-0.0033211768089579717,1.0
2016-09-01,0.0017000144704746312,0.001712499499734843,-4.1384533048027805e-05,0.001741399003522659,1150205.9400237843,0.018130588393550813,14.335983437016232,0.8486515360418707,0,0,0.0,1062095.839238948,4.6028493116745395e-05,-0.001269011464387603,-0.0023800569155733734,1.0
2016-09-02,0.004690819663721202,0.004690819663721202,0.004201041336424849,0.000489778327296353,1155601.348664577,0.0,0.0,0.8486515360418707,0,0,0.0,1066557.7477628356,0.004508283391292389,0.005658441389845889,0.0015946810181297886,1.0
2016-09-06,0.0025966244978525843,0.0025966244978525843,0.0029816787577114923,-0.00038505425985890795,1158602.0114362708,0.0,0.0,0.8486515360418707,0,0,0.0,1069737.8803432127,0.003021979842721789,0.0015155940014730104,0.0027903222488383957,1.0
2016-09-07,-0.0004563943108643054,-0.0004563943108643054,-0.0001463852229309781,-0.00031000908793332727,1158073.2320696954,0.0,0.0,0.8486515360418707,0,0,-0.00045639431086419435,1069581.286525121,-9.136351314897873e-05,0.0021067782452302776,0.0005055671001039448,1.0
2016-09-08,-0.003261494058740655,-0.003261494058740655,-0.0022230136296667036,-0.0010384804290739513,1154296.1831037134,0.0,0.0,0.8486515360418707,0,0,-0.003716399842271567,1067203.592747139,-0.0022827464717204426,-0.0026885290516149318,-0.002725995800848076,1.0
2016-09-09,-0.020781557675856877,-0.020781557675856877,-0.02452206896667508,0.0037405112908182048,1130308.1103995221,0.0,0.0,0.8486515360418707,0,0,-0.02442072494045966,1041033.5526443102,-0.023934836252502367,-0.027557394380187263,-0.027008383989864986,1.0
2016-09-12,0.014393997358843391,0.014393997358843391,0.01467705274849096,-0.0002830553896475685,1146577.762355292,0.0,0.0,0.8486515360418707,0,0,-0.010378239431910297,1056312.8570094195,0.014347601573204694,0.01558035809440372,0.012279145654989996,1.0
2016-09-13,-0.01421217794479912,-0.01421217794479912,-0.014830674258895948,0.000618496314096828,1130282.395169149,0.0,0.0,0.8486515360418707,0,0,-0.024442919991149448,1040647.025111629,-0.014375825785126639,-0.016589231612788448,-0.012809428694312843,1.0
2016-09-14,-0.0018617876121186372,-0.0018617876121186372,-0.0005876766502063147,-0.0012741109619123225,1128178.0494076272,0.0,0.0,0.8486515360418707,0,0,-0.02625920007762461,1040035.4611538643,-0.0003752270068926311,-0.002000365935713531,-0.003004314056595161,1.0
2016-09-15,0.011361806118944662,0.011361806118944662,0.010109273363029914,0.001252532755914748,1140996.1896726459,0.0,0.0,0.8486515360418707,0,0,-0.01519574589880035,1050549.4639379135,0.009993100373347774,0.010130804594773161,0.012659593591818908,1.0
2016-09-16,-0.0018694187146576224,-0.0018694187146576224,-0.0037722947474507773,0.0019028760327931549,1138863.1900423188,0.0,0.0,0.8486515360418707,0,0,-0.017036757401691527,1046586.4817131633,-0.0038660137133476047,-0.00433609490171276,-0.005330784675613823,1.0
2016-09-19,0.0006357092684441401,0.0006357092684441401,-1.8603060785604697e-05,0.0006543123292297448,1139587.1759277186,0.0,0.0,0.8486515360418707,0,0,-0.016411878557831883,1046567.0120012267,0.0001876312669009117,0.003115586778346713,0.004440246675349768,1.0
2016-09-20,-0.001624988114489856,-0.001624988114489856,0.0002991382171499968,-0.0019241263316398527,1137735.360311411,0.0,0.0,0.8486515360418707,0,0,-0.01801019756472877,1046880.0801913247,4.706562097123168e-05,-0.001364704973082374,-0.0008317427788515717,1.0
2016-09-21,0.009813477921266411,0.009813477921266411,0.010917162352442444,-0.001103684431176033,1148900.5011500712,0.0,0.0,0.8486515360418707,0,0,-0.008373462319621439,1058309.0399903115,0.01124548847275575,0.013357764493415664,0.013290808891300878,1.0
2016-09-22,0.003417265077900522,0.003417265077900522,0.006499784427785649,-0.0030825193498851267,1152826.5987106338,0.0,0.0,0.8486515360418707,0,0,-0.004984811582086857,1065187.8206082252,0.006301850959186117,0.007769881372106165,0.006344767838560128,1.0
2016-09-23,-0.005456292258091855,-0.005456292258091855,-0.00573677446354337,0.0002804822054515155,1146536.4398651666,0.0,0.0,0.8486515360418707,0,0,-0.010413905251335231,1059077.0783200825,-0.005479516418208097,-0.005588545798162427,-0.00472044748707183,1.0
2016-09-26,-0.007632473936124651,-0.007632473936124651,-0.008587762798917709,0.0009552888627930578,1137785.5303710785,0.0,0.0,0.8486515360418707,0,0,-0.017966895327055865,1049981.9755856986,-0.008102210039336089,-0.0072404934075210375,-0.007116586771856675,1.0
2016-09-27,0.005984557290601433,0.005984557290601433,0.006444170055012188,-0.00045961276441075505,1144594.6730620016,0.0,0.0,0.8486515360418707,0,0,-0.01208986195087336,1056748.2379910706,0.006207758906181082,0.005047625824370084,0.010305480531998902,1.0
2016-09-28,0.006716090778752903,0.006716090778752903,0.005296554012835575,0.0014195367659173286,1152281.874791163,0.0,0.0,0.8486515360418707,0,0,-0.0054549677824851095,1062345.3621115594,0.004963706145957314,0.0065075880238513436,0.002785679410683828,1.0
2016-09-29,-0.013628156361346622,-0.013628156361346622,-0.009321411497187015,-0.004306744864159606,1136578.3972291634,0.0,0.0,0.8486515360418707,0,0,-0.019008782989945905,1052442.8038391892,-0.009047521747942988,-0.009183118712862863,-0.012591975372153332,1.0
2016-09-30,0.006151555434930067,0.006151555434930067,0.007967969231286176,-0.0018164137963561089,1143570.1222458626,0.0,0.0,0.8486515360418707,0,0,-0.012974161137329077,1060828.6357178683,0.0075464839012733265,0.008756866047801445,0.004642589773712253,1.0
2016-10-03,-0.0024915325193393123,-0.0024841604278080798,-0.0032606955294726125,0.0007691630101333002,1140720.8800981422,0.01114526584036881,8.430503613539953,0.8302975266706198,0,0,-0.015433368112283574,1057369.5965278468,-0.0024041911103447333,-0.0045793348705644235,-0.000926756098922041,1.0
2016-10-04,-0.004282020599073566,-0.004282020599073566,-0.0049555622707156965,0.0006735416716421305,1135836.2897917686,0.0,0.0,0.8302975266706198,0,0,-0.019649302711187366,1052129.7356490914,-0.005098026550700907,-0.006646606473316844,-0.005453065730159818,1.0
2016-10-05,0.0041833304099503366,0.0041833304099503366,0.0042966906501935576,-0.000113360240243221,1140587.8682835798,0.0,0.0,0.8302975266706198,0,0,-0.015548171826803125,1056650.4116470458,0.004425571310923138,0.005049978659304202,0.006859559440857307,1.0
2016-10-06,0.00047808371361357516,0.00047808371361357516,0.00048155976529717925,-3.4760516836040978e-06,1141133.1647673515,0.0,0.0,0.8302975266706198,0,0,-0.015077521440916453,1057159.2519712795,0.0006955003043020991,0.0007922036870107541,-0.0007739696911956817,1.0
2016-10-07,-0.005886138412270703,-0.005886138412270703,-0.0032534833570118105,-0.0026326550552588923,1134416.2970126984,0.0,0.0,0.8302975266706198,0,0,-0.020874911475071922,1053719.80193928,-0.00342952457580159,-0.0054568434167815705,-0.0012176579760278666,1.0
2016-10-10,0.003909803189101835,0.003909803189101835,0.004605905039596125,-0.0006961018504942906,1138851.6414685277,0.0,0.0,0.8302975266706198,0,0,-0.01704672508142757,1058573.1352853542,0.005208409545240045,0.003927739387486852,0.0029999917464482414,1.0
2016-10-11,-0.01049710957965655,-0.01049710957965655,-0.012446471596532338,0.0019493620168757886,1126896.9909930609,0.0,0.0,0.8302975266706198,0,0,-0.027364893319930084,1045397.634824173,-0.012629357715621126,-0.014893210540827094,-0.01238818902972388,1.0
2016-10-12,0.0024585935750982557,0.0024585935750982557,0.001146589037580359,0.0013120045375178968,1129667.572694914,0.0,0.0,0.8302975266706198,0,0,-0.024973578895731374,1046596.2762921748,0.0013119660533051913,0.00233883876766872,0.0021492995096041045,1.0
2016-10-13,-0.0040759043945231,-0.0040759043945231,-0.0030992637479612117,-0.0009766406465618882,1125063.1556710165,0.0,0.0,0.8302975266706198,0,0,-0.028947693370286465,1043352.5983943113,-0.0032757424116348632,-0.003046726776779085,-0.0038114066302218706,1.0
2016-10-14,0.0021719777361177695,0.0021719777361177695,0.00020160447857309194,0.0019703732575446775,1127506.7677968603,0.0,0.0,0.8302975266706198,0,0,-0.026838589379680977,1043562.9429508784,0.0005162736360435627,-0.00063325504451849,0.0033669900583601334,1.0
2016-10-17,-0.00415606932503465,-0.00415606932503465,-0.003037994040303138,-0.0011180752847315123,1122820.7715054508,0.0,0.0,0.8302975266706198,0,0,-0.03088311566666746,1040392.6049495125,-0.00347199630570183,-0.002862617786070726,-0.0052917876539675815,1.0
2016-10-18,0.0068470904838187074,0.0068470904838187074,0.006160403318245855,0.0006866871655728524,1130508.8269250598,0.0,0.0,0.8302975266706198,0,0,-0.024247484670240627,1046801.8430053219,0.006262544907199796,0.00700124075652095,0.009640021477387937,1.0
2016-10-19,-0.00014651477400429158,-0.00014651477400429158,0.0021919710189710617,-0.0023384857929753533,1130343.190679773,0.0,0.0,0.8302975266706198,0,0,-0.024390446829508305,1049096.4023077951,0.0026669945265096473,0.004447509357279356,0.0008349895665784753,1.0
2016-10-20,-0.002106360072904545,-0.002106360072904545,-0.0013757239543792377,-0.0007306361185253074,1127962.2809142456,0.0,0.0,0.8302975266706198,0,0,-0.026445431839050904,1047653.1352566872,-0.0018666842328566302,-0.0013669831987568211,-0.0008268348745688476,1.0
2016-10-21,0.0031318692418949023,0.0031318692418949023,-8.414160005176807e-05,0.0032160108419466704,1131494.9112878586,0.0,0.0,0.8302975266706198,0,0,-0.023396386231721356,1047564.9840455874,0.0004675438148815658,-0.0013723735224161096,-0.00036597578364714505,1.0
2016-10-24,0.005500720661561598,0.005500720661561598,0.004749839541692946,0.0007508811198686516,1137718.9487248315,0.0,0.0,0.8302975266706198,0,0,-0.01802436255531048,1052540.7496293,0.00425253579026541,0.0036855103426528617,0.004716951644714563,1.0
2016-10-25,-0.007765015430912792,-0.007765015430912792,-0.0037977277864983394,-0.003967287644414452,1128884.5435319412,0.0,0.0,0.8302975266706198,0,0,-0.025649418532848967,1048543.486378011,-0.0033504114779162597,-0.0057872720205516615,0.0027267347471298907,1.0
2016-10-26,-0.0028253320297518814,-0.0028253320297518814,-0.0017404116452881535,-0.0010849203844637278,1125695.0698732086,0.0,0.0,0.8302975266706198,0,0,-0.028402282438875326,1046718.5890837276,-0.0020079237868828592,-0.0003388629949005887,0.002161564831102819,1.0
2016-10-27,-0.00641208033323537,-0.00641208033323537,-0.0029867267366989747,-0.0034253535965363957,1118477.0226544547,0.0,0.0,0.8302975266706198,0,0,-0.03463224505546536,1043592.3266879114,-0.0026668707186511265,-0.006220129990414231,-0.01726398786216329,1.0
2016-10-28,-0.0022971570429930477,-0.0022971570429930477,-0.0031082993435224138,0.0008111423005293661,1115907.705284438,0.0,0.0,0.8302975266706198,0,0,-0.036849846392814634,1040348.5293439624,-0.002955212469068491,-0.00028758592181730877,-0.0003656406091357416,1.0
2016-10-31,0.003971423221328374,0.003971423221328374,-0.00012227640782913607,0.00409369962915751,1120339.447058064,0.0,0.0,0.8302975266706198,0,0,-0.03302476950715294,1040221.319262904,4.6923695880884964e-05,0.002719526038478592,0.004005814564837054,1.0
2016-11-01,-0.011090881993788049,-0.01108509281257719,-0.006786883476427641,-0.004303998517360408,1107913.8944577572,0.009220928954032611,6.485848076646444,0.8174454900436103,0,0,-0.043749377679465185,1033161.4583793706,-0.007245314353519272,-0.00842444460514016,-0.0215371684021275,1.0
2016-11-02,-0.0028827959907309353,-0.0028827959907309353,-0.00652550029741239,0.0036427043066814546,1104720.0047247394,0.0,0.0,0.8174454900436103,0,0,-0.04650605313962475,1026419.5629754411,-0.006018611543942565,-0.006677150557418023,-0.0163069260284407,1.0
2016-11-03,0.0017174633059535704,0.0017174633059535704,-0.004423400838946101,0.0061408641448996715,1106617.320796207,0.0,0.0,0.8174454900436103,0,0,-0.0448684622734431,1021879.2978194648,-0.00457701708507241,-0.002449917272812308,0.007521841897132434,1.0
2016-11-04,-0.006849409438855036,-0.006849409438855036,-0.0016661307322337615,-0.005183278706621275,1099037.645673945,0.0,0.0,0.8174454900436103,0,0,-0.05141054924329558,1020176.7133167343,-0.0011018320128520775,0.00022244078910786243,-0.005650085028630926,1.0
2016-11-07,0.022955575750449597,0.022955575750449597,0.022223543967337278,0.0007320317831123191,1124266.6876018092,0.0,0.0,0.8174454900436103,0,0,-0.02963513225037273,1042848.6553595824,0.022057197013384044,0.022458787063089722,0.036767477665419726,1.0
2016-11-08,0.00629913842299068,0.00629913842299068,0.0037719744542996647,0.0025271639686910152,1131348.5990913701,0.0,0.0,0.8174454900436103,0,0,-0.023522669627610737,1046782.2538472995,0.0045037099163436345,0.004051186060419106,-0.00015637118243036745,1.0
2016-11-09,0.010553092380257256,0.010553092380257256,0.011077020753253342,-0.0005239283729960853,1143287.825371856,0.0,0.0,0.8174454900436103,0,0,-0.01321781415296397,1058377.4825973033,0.010602220611078295,0.01294941114523458,-0.002080592873000685,1.0
2016-11-10,0.00441211512250006,0.00441211512250006,0.0019507459501284519,0.002461369172371608,1148332.1428755494,0.0,0.0,0.8174454900436103,0,0,-0.008864017548174563,1060442.1081851872,0.00249556672327933,0.006890350020659537,-0.008549501838595056,1.0
2016-11-11,-0.00429797099754603,-0.00429797099754603,-0.0013979503036608554,-0.0029000206938851747,1143396.6446299204,0.0,0.0,0.8174454900436103,0,0,-0.013123891255376718,1058959.6628180349,-0.0023050397071486817,-0.0008725706228256776,-0.010419588686720159,1.0
2016-11-14,-0.0040908534554404685,-0.0040908534554404685,-0.00011550278622274313,-0.003975350669217725,1138719.176515297,0.0,0.0,0.8174454900436103,0,0,-0.0171610567949263,1058837.3500264818,0.0007856194511621784,0.006978715758308409,1.880985667467322e-05,1.0
2016-11-15,0.004511512639912008,0.004511512639912008,0.007480797417763307,-0.0029692847778513,1143856.5224734559,0.0,0.0,0.8174454900436103,0,0,-0.012726966479658763,1066758.2977403912,0.007802749922702246,0.006911251595853347,7.619742968428957e-06,1.0
2016-11-16,-0.0030857584708431363,-0.0030857584708431363,-0.0015822634216101639,-0.0015034950492329724,1140326.8575198043,0.0,0.0,0.8174454900436103,0,0,-0.015773452605879146,1065070.4051061778,-0.0018782484221759876,-0.004077512529120624,-0.004939260660980964,1.0
2016-11-17,0.005638819314284893,0.005638819314284893,0.004676369608375142,0.0009624497059097514,1146756.9546285847,0.0,0.0,0.8174454900436103,0,0,-0.010223576940801227,1070051.067979396,0.0051407546992146,0.0052548176374522275,0.005952117922450391,1.0
2016-11-18,-0.0023235684868049278,-0.0023235684868049278,-0.002386798421690206,6.322993488527828e-05,1144092.3863067853,0.0,0.0,0.8174454900436103,0,0,-0.012523390246404142,1067497.071779215,-0.002237952799231002,-0.002082336115747706,0.02630332225793603,1.0
2016-11-21,0.011189125463217486,0.011189125463217486,0.0074614006258433285,0.003727724837374158,1156893.7795586837,0.0,0.0,0.8174454900436103,0,0,-0.0014743905678785696,1075462.0950986743,0.007551725745521098,0.007784686585232445,-0.005760043137521017,1.0
2016-11-22,0.0011921248427764208,0.0011921248427764208,0.002165432272904111,-0.00097330743012769,1158272.9413737492,0.0,0.0,0.8174454900436103,0,0,-0.00028402338272603966,1077790.935427686,0.0019532205771319866,0.0035670205124149917,0.011768149100440337,1.0
2016-11-23,0.0020083539696518216,0.0020083539696518216,0.0008080244329033981,0.0012003295367484235,1160599.1634334973,0.0,0.0,0.8174454900436103,0,0,0.0,1078661.8168370733,0.0005440915653476264,0.002112004842589061,0.006688347663580653,1.0
2016-11-25,0.005367963283012145,0.005367963283012145,0.003914386891670674,0.0014535763913414712,1166829.217129103,0.0,0.0,0.8174454900436103,0,0,0.0,1082884.1165134462,0.0037152256913217663,0.0041509879103566495,0.003010523942393211,1.0
2016-11-28,-0.007824934033512143,-0.007824934033512143,-0.005254535631502799,-0.002570398402009344,1157698.855476693,0.0,0.0,0.8174454900436103,0,0,-0.007824934033512143,1077194.0633384378,-0.004694595300814286,-0.005761625045390282,-0.003630384948752361,1.0
2016-11-29,-0.00029878959476170586,-0.00029878959476170586,0.0013352930642269722,-0.001634082658988678,1157352.947104809,0.0,0.0,0.8174454900436103,0,0,-0.008121385619405008,1078632.43310004,0.0019503775696823045,0.0005893086734360875,0.006800780036781436,1.0
2016-11-30,-0.005548594569290244,-0.005548594569290244,-0.0026534040390964186,-0.0028951905301938252,1150931.2648277513,0.0,0.0,0.8174454900436103,0,0,-0.01362491791255227,1075770.385445352,-0.0023992461857224034,-0.0016236199960910946,-0.0023586247418781172,1.0
2016-12-01,-0.0030396058694813766,-0.003018850269713824,-0.0035155289737457407,0.00047592310426436413,1147432.8873998113,0.030480997929663,23.8882686926953,0.8575946562923491,0,0,-0.01662310940157541,1071988.4834862212,-0.0036755271954245217,-0.0037377424859011935,-0.011036891762548745,1.0
2016-12-02,0.0010737165424798967,0.0010737165424798967,0.00039700650631591117,0.0006767100361639855,1148664.905072398,0.0,0.0,0.8575946562923491,0,0,-0.015567241366647444,1072414.069888861,0.000500606224989486,0.0012609569328541205,-0.0043027966712681385,1.0
2016-12-05,0.012083888024477352,0.012083888024477352,0.005821305253253195,0.006262582771224157,1162545.2431629398,0.0,0.0,0.8575946562923491,0,0,-0.003671466143694735,1078656.9195475674,0.006009205315634425,0.007318927866329178,0.01025033274786994,1.0
2016-12-06,0.0022521321901514124,0.0022521321901514124,0.0034108883546988267,-0.0011587561645474143,1165163.4487275744,0.0,0.0,0.8575946562923491,0,0,-0.0014276025806305714,1082336.0978731676,0.0031675269165782893,0.005015394235932596,0.006334202525040535,1.0
2016-12-07,0.016871456440652466,0.016871456440652466,0.013163241364864575,0.0037082150757878907,1184821.4530990222,0.0,0.0,0.8575946562923491,0,0,0.0,1096583.1491673777,0.013080351751710184,0.01524592984366272,0.015436447855155066,1.0
2016-12-08,0.004070240825968741,0.004070240825968741,0.0021593430473272335,0.0019108977786415071,1189643.9617489094,0.0,0.0,0.8575946562923491,0,0,0.0,1098951.0483663485,0.002448954069447007,0.003888245763321303,-0.001239821302089431,1.0
2016-12-09,0.0036104932606582096,0.0036104932606582096,0.005938984786955759,-0.002328491526297549,1193939.1632553865,0.0,0.0,0.8575946562923491,0,0,0.0,1105477.7019242053,0.006040471681390436,0.0028143926608633395,0.0020091638289438003,1.0
2016-12-12,-0.004599478491117526,-0.004599478491117526,-0.0011374349205595102,-0.0034620435705580155,1188447.6657542905,0.0,0.0,0.8575946562923491,0,0,-0.004599478491117526,1104220.2929821368,-0.0011479893861015,-0.0029648241814140253,0.003873539824846339,1.0
2016-12-13,0.005159265570304994,0.005159265570304994,0.006539774750587091,-0.0013805091802820968,1194579.182878326,0.0,0.0,0.8575946562923491,0,0,0.0,1111441.644973267,0.0066742726754136505,0.00395830890925526,-0.001847931627226213,1.0
2016-12-14,-0.01263818770195324,-0.01263818770195324,-0.00811717185395111,-0.00452101584800213,1179481.8669402637,0.0,0.0,0.8575946562923491,0,0,-0.012638187701953352,1102419.882135381,-0.008254706119911082,-0.010837308767954246,-0.011451535039652894,1.0
2016-12-15,0.0023863966108135237,0.0023863966108135237,0.0038832279549072535,-0.0014968313440937298,1182296.578470046,0.0,0.0,0.8575946562923491,0,0,-0.010281950819438501,1106700.8298397348,0.004117514883757334,0.0031465996174344256,-0.001087232598421482,1.0
2016-12-16,-0.0010442656699922725,-0.0010442656699922725,-0.0017506226204834219,0.0007063569504911493,1181061.9467414003,0.0,0.0,0.8575946562923491,0,0,-0.011315479401169504,1104763.4143329095,-0.0019558275949692616,-0.0022588668628292295,0.006883621593984307,1.0
2016-12-19,0.00035504748340953185,0.00035504748340953185,0.001975120701520394,-0.0016200732181108624,1181481.2798133416,0.0,0.0,0.8575946562923491,0,0,-0.010964449450244884,1106945.4554228408,0.0021773567619276513,0.0016243384252390618,-0.003260449546870234,1.0
2016-12-20,0.0033660645967812375,0.0033660645967812375,0.0036375121488696482,-0.00027144755208841076,1185458.222121081,0.0,0.0,0.8575946562923491,0,0,-0.0076352918985813645,1110971.9829650775,0.00385759671575725,0.004177252536108234,0.002813632165573886,1.0
2016-12-21,-0.003344843298477951,-0.003344843298477951,-0.0024573614565177593,-0.0008874818419601915,1181493.0501311938,0.0,0.0,0.8575946562923491,0,0,-0.01095459634212037,1108241.9232348679,-0.00278221843845583,-0.0023783671330281113,-0.0004659335847168874,1.0
2016-12-22,-0.0006324935160031409,-0.0006324935160031409,-0.0018629737285675851,0.0012304802125644443,1180745.763437783,0.0,0.0,0.8575946562923491,0,0,-0.011580161146966805,1106177.2976469842,-0.0017278764802765023,-0.0033665660397828416,-0.002176433157777707,1.0
2016-12-23,5.6773020401523766e-05,5.6773020401523766e-05,0.0012517152775348706,-0.0011949422571333468,1180812.7979410999,0.0,0.0,0.8575946562923491,0,0,-0.011524045567290364,1107561.9166701112,0.0014641758008406836,0.0019520444908559021,-0.003741844600491126,1.0
2016-12-27,0.0019886921209604225,0.0019886921209604225,0.0022483727122095676,-0.0002596805912491451,1183161.0710486944,0.0,0.0,0.8575946562923491,0,0,-0.00955827122495112,1110052.1286606349,0.0024808869366550468,0.0031831276295802282,0.00344632074368133,1.0
2016-12-28,-0.007880590216152172,-0.007880590216152172,-0.008356529175972627,0.0004759389598204544,1173837.063488056,0.0,0.0,0.8575946562923491,0,0,-0.01736353662240453,1100775.9456606316,-0.008264440862449929,-0.009971325871077342,-0.004852896764838508,1.0
2016-12-29,6.550521651194074e-05,6.550521651194074e-05,-0.000293304709629405,0.00035880992614134577,1173913.9559390496,0.0,0.0,0.8575946562923491,0,0,-0.017299168808118548,1100453.0828915227,-0.00022257026281724546,0.0008514646460853799,-0.0014129352465272196,1.0
2016-12-30,-0.004812983468603482,-0.004812983468603482,-0.004637050227782158,-0.00017593324082132433,1168263.927475552,0.0,0.0,0.8575946562923491,0,0,-0.022028891663227856,1095350.226672837,-0.003655187277931571,-0.0038111171116055826,-0.004716392097873105,1.0
